country,country_name,month_start_utc,month_end_utc,all_articles,ai_articles_strict,ai_proportion_strict,ai_tone_strict,ai_articles_balanced,ai_proportion_balanced,ai_tone_balanced,domains
AT,Austria,2018-06-01T00:00:00Z,2018-07-01T00:00:00Z,17244,125,0.007248898167478543,-1.2525312256328784,130,0.007538854094177685,-1.3043491407140189,"orf.at,derstandard.at,krone.at,kurier.at,diepresse.com,trend.at,futurezone.at,aerztezeitung.at,industriemagazin.at,manz.at"
AT,Austria,2018-07-01T00:00:00Z,2018-08-01T00:00:00Z,16312,180,0.011034820990681708,-1.7974586956621394,183,0.011218734673859735,-1.8732721510032686,"orf.at,derstandard.at,krone.at,kurier.at,diepresse.com,trend.at,futurezone.at,aerztezeitung.at,industriemagazin.at,manz.at"
AT,Austria,2018-08-01T00:00:00Z,2018-09-01T00:00:00Z,15252,94,0.006163126147390507,-0.5143815827715154,96,0.006294256490952006,-0.5185208146526236,"orf.at,derstandard.at,krone.at,kurier.at,diepresse.com,trend.at,futurezone.at,aerztezeitung.at,industriemagazin.at,manz.at"
AT,Austria,2018-09-01T00:00:00Z,2018-10-01T00:00:00Z,14077,121,0.008595581444910138,-0.7692405475640525,126,0.008950770760815515,-0.8954042502924728,"orf.at,derstandard.at,krone.at,kurier.at,diepresse.com,trend.at,futurezone.at,aerztezeitung.at,industriemagazin.at,manz.at"
AT,Austria,2018-10-01T00:00:00Z,2018-11-01T00:00:00Z,14074,119,0.008455307659513998,-0.8446874951794467,126,0.008952678698308939,-1.065575824778966,"orf.at,derstandard.at,krone.at,kurier.at,diepresse.com,trend.at,futurezone.at,aerztezeitung.at,industriemagazin.at,manz.at"
AT,Austria,2018-11-01T00:00:00Z,2018-12-01T00:00:00Z,13930,136,0.009763101220387652,-1.064120620552356,144,0.010337401292175162,-0.9674030983585549,"orf.at,derstandard.at,krone.at,kurier.at,diepresse.com,trend.at,futurezone.at,aerztezeitung.at,industriemagazin.at,manz.at"
AT,Austria,2018-12-01T00:00:00Z,2019-01-01T00:00:00Z,11568,81,0.007002074688796681,-1.9089791424424107,83,0.007174965421853388,-1.8200095465242982,"orf.at,derstandard.at,krone.at,kurier.at,diepresse.com,trend.at,futurezone.at,aerztezeitung.at,industriemagazin.at,manz.at"
AT,Austria,2019-01-01T00:00:00Z,2019-02-01T00:00:00Z,13550,87,0.006420664206642067,-1.5569217305289418,97,0.007158671586715867,-1.4946510591940707,"orf.at,derstandard.at,krone.at,kurier.at,diepresse.com,trend.at,futurezone.at,aerztezeitung.at,industriemagazin.at,manz.at"
AT,Austria,2019-02-01T00:00:00Z,2019-03-01T00:00:00Z,12610,70,0.0055511498810467885,-0.23559320181088086,70,0.0055511498810467885,-0.23559320181088086,"orf.at,derstandard.at,krone.at,kurier.at,diepresse.com,trend.at,futurezone.at,aerztezeitung.at,industriemagazin.at,manz.at"
AT,Austria,2019-03-01T00:00:00Z,2019-04-01T00:00:00Z,12998,66,0.005077704262194184,-0.6624872657901979,67,0.005154639175257732,-0.8144407915840144,"orf.at,derstandard.at,krone.at,kurier.at,diepresse.com,trend.at,futurezone.at,aerztezeitung.at,industriemagazin.at,manz.at"
AT,Austria,2019-04-01T00:00:00Z,2019-05-01T00:00:00Z,12423,77,0.006198180793689125,-1.1449243587836087,77,0.006198180793689125,-1.1449243587836087,"orf.at,derstandard.at,krone.at,kurier.at,diepresse.com,trend.at,futurezone.at,aerztezeitung.at,industriemagazin.at,manz.at"
AT,Austria,2019-05-01T00:00:00Z,2019-06-01T00:00:00Z,13642,119,0.008723061134730977,-0.0676897220355066,127,0.009309485412696085,-0.04492704538858347,"orf.at,derstandard.at,krone.at,kurier.at,diepresse.com,trend.at,futurezone.at,aerztezeitung.at,industriemagazin.at,manz.at"
AT,Austria,2019-06-01T00:00:00Z,2019-07-01T00:00:00Z,12551,82,0.00653334395665684,-0.8411621193367272,85,0.006772368735558919,-1.0434197018828706,"orf.at,derstandard.at,krone.at,kurier.at,diepresse.com,trend.at,futurezone.at,aerztezeitung.at,industriemagazin.at,manz.at"
AT,Austria,2019-07-01T00:00:00Z,2019-08-01T00:00:00Z,13577,100,0.007365397363187744,-0.5687628620815769,106,0.0078073212049790085,-0.7463453280747461,"orf.at,derstandard.at,krone.at,kurier.at,diepresse.com,trend.at,futurezone.at,aerztezeitung.at,industriemagazin.at,manz.at"
AT,Austria,2019-08-01T00:00:00Z,2019-09-01T00:00:00Z,10868,56,0.005152741994847258,-0.8324296438280901,59,0.005428781744571219,-0.8621755470106538,"orf.at,derstandard.at,krone.at,kurier.at,diepresse.com,trend.at,futurezone.at,aerztezeitung.at,industriemagazin.at,manz.at"
AT,Austria,2019-09-01T00:00:00Z,2019-10-01T00:00:00Z,12006,82,0.00682991837414626,-0.990182860190117,85,0.007079793436615025,-0.9912476831401054,"orf.at,derstandard.at,krone.at,kurier.at,diepresse.com,trend.at,futurezone.at,aerztezeitung.at,industriemagazin.at,manz.at"
AT,Austria,2019-10-01T00:00:00Z,2019-11-01T00:00:00Z,14088,96,0.0068143100511073255,-0.01140370829150348,102,0.007240204429301534,-0.21478030836808926,"orf.at,derstandard.at,krone.at,kurier.at,diepresse.com,trend.at,futurezone.at,aerztezeitung.at,industriemagazin.at,manz.at"
AT,Austria,2019-11-01T00:00:00Z,2019-12-01T00:00:00Z,13314,56,0.004206098843322818,-0.49179331603077214,58,0.004356316659155776,-0.4735029212913789,"orf.at,derstandard.at,krone.at,kurier.at,diepresse.com,trend.at,futurezone.at,aerztezeitung.at,industriemagazin.at,manz.at"
AT,Austria,2019-12-01T00:00:00Z,2020-01-01T00:00:00Z,12229,49,0.004006868918145392,-0.030054745149127718,56,0.0045792787635947334,0.003007728132770865,"orf.at,derstandard.at,krone.at,kurier.at,diepresse.com,trend.at,futurezone.at,aerztezeitung.at,industriemagazin.at,manz.at"
AT,Austria,2020-01-01T00:00:00Z,2020-02-01T00:00:00Z,13583,71,0.0052271221379665755,-0.1948303462792585,80,0.0058897150850327614,-0.38554487058915254,"orf.at,derstandard.at,krone.at,kurier.at,diepresse.com,trend.at,futurezone.at,aerztezeitung.at,industriemagazin.at,manz.at"
AT,Austria,2020-02-01T00:00:00Z,2020-03-01T00:00:00Z,12385,54,0.004360113039967703,-0.6247461685471163,55,0.0044408558740411785,-0.6503045446242937,"orf.at,derstandard.at,krone.at,kurier.at,diepresse.com,trend.at,futurezone.at,aerztezeitung.at,industriemagazin.at,manz.at"
AT,Austria,2020-03-01T00:00:00Z,2020-04-01T00:00:00Z,14695,50,0.003402517863218782,-0.7320992056609025,50,0.003402517863218782,-0.7320992056609025,"orf.at,derstandard.at,krone.at,kurier.at,diepresse.com,trend.at,futurezone.at,aerztezeitung.at,industriemagazin.at,manz.at"
AT,Austria,2020-04-01T00:00:00Z,2020-05-01T00:00:00Z,14117,34,0.002408443720337182,-0.3073304267234483,42,0.0029751363604165193,-1.2837065821749978,"orf.at,derstandard.at,krone.at,kurier.at,diepresse.com,trend.at,futurezone.at,aerztezeitung.at,industriemagazin.at,manz.at"
AT,Austria,2020-05-01T00:00:00Z,2020-06-01T00:00:00Z,13488,55,0.0040776986951364174,-0.5746863225216821,59,0.004374258600237248,-0.7847294765151487,"orf.at,derstandard.at,krone.at,kurier.at,diepresse.com,trend.at,futurezone.at,aerztezeitung.at,industriemagazin.at,manz.at"
AT,Austria,2020-06-01T00:00:00Z,2020-07-01T00:00:00Z,13038,46,0.00352814848903206,-0.9872833108614204,48,0.0036815462494247586,-1.079771797391263,"orf.at,derstandard.at,krone.at,kurier.at,diepresse.com,trend.at,futurezone.at,aerztezeitung.at,industriemagazin.at,manz.at"
AT,Austria,2020-07-01T00:00:00Z,2020-08-01T00:00:00Z,12914,51,0.003949202415982654,-0.6446156329960253,55,0.004258943781942078,-0.7953411307972951,"orf.at,derstandard.at,krone.at,kurier.at,diepresse.com,trend.at,futurezone.at,aerztezeitung.at,industriemagazin.at,manz.at"
AT,Austria,2020-08-01T00:00:00Z,2020-09-01T00:00:00Z,11110,37,0.00333033303330333,-2.662932341299534,39,0.0035103510351035105,-2.7659182054209914,"orf.at,derstandard.at,krone.at,kurier.at,diepresse.com,trend.at,futurezone.at,aerztezeitung.at,industriemagazin.at,manz.at"
AT,Austria,2020-09-01T00:00:00Z,2020-10-01T00:00:00Z,11748,36,0.0030643513789581204,-1.6354837410391523,39,0.003319713993871297,-1.8639031769024477,"orf.at,derstandard.at,krone.at,kurier.at,diepresse.com,trend.at,futurezone.at,aerztezeitung.at,industriemagazin.at,manz.at"
AT,Austria,2020-10-01T00:00:00Z,2020-11-01T00:00:00Z,9864,24,0.0024330900243309003,-0.025850479707829194,26,0.0026358475263584752,0.14061250925250338,"orf.at,derstandard.at,krone.at,kurier.at,diepresse.com,trend.at,futurezone.at,aerztezeitung.at,industriemagazin.at,manz.at"
AT,Austria,2020-11-01T00:00:00Z,2020-12-01T00:00:00Z,9674,32,0.0033078354351870993,-0.8203028766584979,35,0.00361794500723589,-0.6887211968598206,"orf.at,derstandard.at,krone.at,kurier.at,diepresse.com,trend.at,futurezone.at,aerztezeitung.at,industriemagazin.at,manz.at"
AT,Austria,2020-12-01T00:00:00Z,2021-01-01T00:00:00Z,13258,67,0.005053552572031981,0.32545176459269604,70,0.005279831045406547,0.14560217069380033,"orf.at,derstandard.at,krone.at,kurier.at,diepresse.com,trend.at,futurezone.at,aerztezeitung.at,industriemagazin.at,manz.at"
AT,Austria,2021-01-01T00:00:00Z,2021-02-01T00:00:00Z,14262,48,0.0033655868742111907,-0.563024178601031,55,0.0038564016267003225,-0.7025540146806893,"orf.at,derstandard.at,krone.at,kurier.at,diepresse.com,trend.at,futurezone.at,aerztezeitung.at,industriemagazin.at,manz.at"
AT,Austria,2021-02-01T00:00:00Z,2021-03-01T00:00:00Z,14176,43,0.003033295711060948,-1.2468622475169402,46,0.003244920993227991,-1.2810714341624032,"orf.at,derstandard.at,krone.at,kurier.at,diepresse.com,trend.at,futurezone.at,aerztezeitung.at,industriemagazin.at,manz.at"
AT,Austria,2021-03-01T00:00:00Z,2021-04-01T00:00:00Z,14441,51,0.003531611384253168,-0.3331481592916808,54,0.0037393532303857074,-0.5231562614468228,"orf.at,derstandard.at,krone.at,kurier.at,diepresse.com,trend.at,futurezone.at,aerztezeitung.at,industriemagazin.at,manz.at"
AT,Austria,2021-04-01T00:00:00Z,2021-05-01T00:00:00Z,13256,57,0.004299939649969825,-0.8421570617070103,60,0.004526252263126132,-1.0098569447451855,"orf.at,derstandard.at,krone.at,kurier.at,diepresse.com,trend.at,futurezone.at,aerztezeitung.at,industriemagazin.at,manz.at"
AT,Austria,2021-05-01T00:00:00Z,2021-06-01T00:00:00Z,14579,36,0.002469305164963303,-0.44518612105945804,40,0.0027436724055147814,-0.341155349385444,"orf.at,derstandard.at,krone.at,kurier.at,diepresse.com,trend.at,futurezone.at,aerztezeitung.at,industriemagazin.at,manz.at"
AT,Austria,2021-06-01T00:00:00Z,2021-07-01T00:00:00Z,14897,59,0.003960528965563536,0.04069026136313047,63,0.004229039403906827,0.05310778942312931,"orf.at,derstandard.at,krone.at,kurier.at,diepresse.com,trend.at,futurezone.at,aerztezeitung.at,industriemagazin.at,manz.at"
AT,Austria,2021-07-01T00:00:00Z,2021-08-01T00:00:00Z,13953,70,0.005016842256145632,-1.3795899501958138,72,0.005160180606321221,-1.378907461897368,"orf.at,derstandard.at,krone.at,kurier.at,diepresse.com,trend.at,futurezone.at,aerztezeitung.at,industriemagazin.at,manz.at"
AT,Austria,2021-08-01T00:00:00Z,2021-09-01T00:00:00Z,12190,32,0.0026251025430680886,-0.7393144361193122,34,0.002789171452009844,-0.651479453637271,"orf.at,derstandard.at,krone.at,kurier.at,diepresse.com,trend.at,futurezone.at,aerztezeitung.at,industriemagazin.at,manz.at"
AT,Austria,2021-09-01T00:00:00Z,2021-10-01T00:00:00Z,14058,56,0.0039834969412434204,-0.1362862745304531,58,0.004125764689144971,-0.21496074680543698,"orf.at,derstandard.at,krone.at,kurier.at,diepresse.com,trend.at,futurezone.at,aerztezeitung.at,industriemagazin.at,manz.at"
AT,Austria,2021-10-01T00:00:00Z,2021-11-01T00:00:00Z,14769,49,0.0033177601733360416,0.0931068259754752,59,0.003994854086261764,-0.27010771578638787,"orf.at,derstandard.at,krone.at,kurier.at,diepresse.com,trend.at,futurezone.at,aerztezeitung.at,industriemagazin.at,manz.at"
AT,Austria,2021-11-01T00:00:00Z,2021-12-01T00:00:00Z,15086,36,0.0023863184409386186,-0.22546829884405978,41,0.002717751557735649,-0.566098252820442,"orf.at,derstandard.at,krone.at,kurier.at,diepresse.com,trend.at,futurezone.at,aerztezeitung.at,industriemagazin.at,manz.at"
AT,Austria,2021-12-01T00:00:00Z,2022-01-01T00:00:00Z,14551,36,0.002474056765858017,-1.2606329712176012,40,0.0027489519620644627,-1.017293709215227,"orf.at,derstandard.at,krone.at,kurier.at,diepresse.com,trend.at,futurezone.at,aerztezeitung.at,industriemagazin.at,manz.at"
AT,Austria,2022-01-01T00:00:00Z,2022-02-01T00:00:00Z,14677,49,0.0033385569258022755,-0.9279766759161909,52,0.00354295837023915,-0.8550851501671252,"orf.at,derstandard.at,krone.at,kurier.at,diepresse.com,trend.at,futurezone.at,aerztezeitung.at,industriemagazin.at,manz.at"
AT,Austria,2022-02-01T00:00:00Z,2022-03-01T00:00:00Z,13132,49,0.0037313432835820895,-1.240582837605873,53,0.004035942735303076,-1.2197301561320237,"orf.at,derstandard.at,krone.at,kurier.at,diepresse.com,trend.at,futurezone.at,aerztezeitung.at,industriemagazin.at,manz.at"
AT,Austria,2022-03-01T00:00:00Z,2022-04-01T00:00:00Z,15491,39,0.002517590859208573,-0.2429503609503935,44,0.0028403589180814666,-0.4644118353578772,"orf.at,derstandard.at,krone.at,kurier.at,diepresse.com,trend.at,futurezone.at,aerztezeitung.at,industriemagazin.at,manz.at"
AT,Austria,2022-04-01T00:00:00Z,2022-05-01T00:00:00Z,14483,64,0.004418973969481461,-0.27605571973023485,71,0.004902299247393496,-0.42376383779864507,"orf.at,derstandard.at,krone.at,kurier.at,diepresse.com,trend.at,futurezone.at,aerztezeitung.at,industriemagazin.at,manz.at"
AT,Austria,2022-05-01T00:00:00Z,2022-06-01T00:00:00Z,14874,69,0.00463896732553449,-0.699322016569314,72,0.004840661557079467,-0.7212768283587728,"orf.at,derstandard.at,krone.at,kurier.at,diepresse.com,trend.at,futurezone.at,aerztezeitung.at,industriemagazin.at,manz.at"
AT,Austria,2022-06-01T00:00:00Z,2022-07-01T00:00:00Z,14226,45,0.0031632222690847742,-0.4411428093136246,49,0.00344439758189231,-0.5573165460306766,"orf.at,derstandard.at,krone.at,kurier.at,diepresse.com,trend.at,futurezone.at,aerztezeitung.at,industriemagazin.at,manz.at"
AT,Austria,2022-07-01T00:00:00Z,2022-08-01T00:00:00Z,14318,52,0.003631792149741584,-0.5435554027237774,54,0.003771476463193183,-0.48166179460582614,"orf.at,derstandard.at,krone.at,kurier.at,diepresse.com,trend.at,futurezone.at,aerztezeitung.at,industriemagazin.at,manz.at"
AT,Austria,2022-08-01T00:00:00Z,2022-09-01T00:00:00Z,13655,61,0.004467228121567191,-1.1937412575163675,95,0.006957158549981692,-1.7200793140592634,"orf.at,derstandard.at,krone.at,kurier.at,diepresse.com,trend.at,futurezone.at,aerztezeitung.at,industriemagazin.at,manz.at"
AT,Austria,2022-09-01T00:00:00Z,2022-10-01T00:00:00Z,13521,52,0.003845869388358849,-0.023853683142388067,61,0.004511500628651727,-0.49716187474976137,"orf.at,derstandard.at,krone.at,kurier.at,diepresse.com,trend.at,futurezone.at,aerztezeitung.at,industriemagazin.at,manz.at"
AT,Austria,2022-10-01T00:00:00Z,2022-11-01T00:00:00Z,13789,45,0.00326347088258757,-0.12269314230614431,51,0.0036986003335992457,-0.4302447957947211,"orf.at,derstandard.at,krone.at,kurier.at,diepresse.com,trend.at,futurezone.at,aerztezeitung.at,industriemagazin.at,manz.at"
AT,Austria,2022-11-01T00:00:00Z,2022-12-01T00:00:00Z,13400,39,0.0029104477611940297,-0.04468963201795535,45,0.0033582089552238806,-0.47760832111123963,"orf.at,derstandard.at,krone.at,kurier.at,diepresse.com,trend.at,futurezone.at,aerztezeitung.at,industriemagazin.at,manz.at"
AT,Austria,2022-12-01T00:00:00Z,2023-01-01T00:00:00Z,12969,43,0.0033155987354460638,-0.9343962943418165,51,0.003932454314133704,-1.1588219572892022,"orf.at,derstandard.at,krone.at,kurier.at,diepresse.com,trend.at,futurezone.at,aerztezeitung.at,industriemagazin.at,manz.at"
AT,Austria,2023-01-01T00:00:00Z,2023-02-01T00:00:00Z,13684,80,0.005846243788365975,-0.5978275448879795,90,0.006577024261911721,-0.6656471380477715,"orf.at,derstandard.at,krone.at,kurier.at,diepresse.com,trend.at,futurezone.at,aerztezeitung.at,industriemagazin.at,manz.at"
AT,Austria,2023-02-01T00:00:00Z,2023-03-01T00:00:00Z,12499,118,0.009440755260420835,-0.09381429183721045,122,0.009760780862468997,-0.18288506379471464,"orf.at,derstandard.at,krone.at,kurier.at,diepresse.com,trend.at,futurezone.at,aerztezeitung.at,industriemagazin.at,manz.at"
AT,Austria,2023-03-01T00:00:00Z,2023-04-01T00:00:00Z,14522,137,0.009433962264150943,-0.0415872158923688,147,0.010122572648395538,-0.06869679065879494,"orf.at,derstandard.at,krone.at,kurier.at,diepresse.com,trend.at,futurezone.at,aerztezeitung.at,industriemagazin.at,manz.at"
AT,Austria,2023-04-01T00:00:00Z,2023-05-01T00:00:00Z,15949,169,0.010596275628566054,-0.7511477354378636,195,0.012226471879114678,-0.9754519619336077,"orf.at,derstandard.at,krone.at,kurier.at,diepresse.com,trend.at,futurezone.at,aerztezeitung.at,industriemagazin.at,manz.at"
AT,Austria,2023-05-01T00:00:00Z,2023-06-01T00:00:00Z,16152,174,0.010772659732540862,-0.020740758385287415,178,0.011020307082714216,-0.07557538445064223,"orf.at,derstandard.at,krone.at,kurier.at,diepresse.com,trend.at,futurezone.at,aerztezeitung.at,industriemagazin.at,manz.at"
AT,Austria,2023-06-01T00:00:00Z,2023-07-01T00:00:00Z,15162,160,0.010552697533306952,-0.16324494590175617,166,0.010948423690805962,-0.16664995799332738,"orf.at,derstandard.at,krone.at,kurier.at,diepresse.com,trend.at,futurezone.at,aerztezeitung.at,industriemagazin.at,manz.at"
AT,Austria,2023-07-01T00:00:00Z,2023-08-01T00:00:00Z,14807,155,0.010468021881542514,-0.8623536355588256,157,0.010603093131626933,-0.8412738844448329,"orf.at,derstandard.at,krone.at,kurier.at,diepresse.com,trend.at,futurezone.at,aerztezeitung.at,industriemagazin.at,manz.at"
AT,Austria,2023-08-01T00:00:00Z,2023-09-01T00:00:00Z,14590,144,0.009869773817683345,-0.39326321792581903,151,0.010349554489376285,-0.4358731624825014,"orf.at,derstandard.at,krone.at,kurier.at,diepresse.com,trend.at,futurezone.at,aerztezeitung.at,industriemagazin.at,manz.at"
AT,Austria,2023-09-01T00:00:00Z,2023-10-01T00:00:00Z,14839,165,0.01111934766493699,-0.15166391962440995,177,0.011928027495114226,-0.2943422421022732,"orf.at,derstandard.at,krone.at,kurier.at,diepresse.com,trend.at,futurezone.at,aerztezeitung.at,industriemagazin.at,manz.at"
AT,Austria,2023-10-01T00:00:00Z,2023-11-01T00:00:00Z,15374,182,0.011838168336151944,-1.3285360206866137,187,0.012163392740991284,-1.40445695246216,"orf.at,derstandard.at,krone.at,kurier.at,diepresse.com,trend.at,futurezone.at,aerztezeitung.at,industriemagazin.at,manz.at"
AT,Austria,2023-11-01T00:00:00Z,2023-12-01T00:00:00Z,14942,244,0.016329808593227146,-1.3958791272340854,247,0.016530584928389772,-1.383137969672183,"orf.at,derstandard.at,krone.at,kurier.at,diepresse.com,trend.at,futurezone.at,aerztezeitung.at,industriemagazin.at,manz.at"
AT,Austria,2023-12-01T00:00:00Z,2024-01-01T00:00:00Z,13519,175,0.012944744433759894,-0.798683203584589,180,0.013314594274724463,-0.8610701769692629,"orf.at,derstandard.at,krone.at,kurier.at,diepresse.com,trend.at,futurezone.at,aerztezeitung.at,industriemagazin.at,manz.at"
AT,Austria,2024-01-01T00:00:00Z,2024-02-01T00:00:00Z,14090,172,0.012207239176721079,-0.3369379039585889,199,0.014123491838183108,-0.48600039433179754,"orf.at,derstandard.at,krone.at,kurier.at,diepresse.com,trend.at,futurezone.at,aerztezeitung.at,industriemagazin.at,manz.at"
AT,Austria,2024-02-01T00:00:00Z,2024-03-01T00:00:00Z,14263,201,0.014092406927013952,-1.157883637407611,210,0.014723410222253383,-1.2400697609836406,"orf.at,derstandard.at,krone.at,kurier.at,diepresse.com,trend.at,futurezone.at,aerztezeitung.at,industriemagazin.at,manz.at"
AT,Austria,2024-03-01T00:00:00Z,2024-04-01T00:00:00Z,15431,173,0.011211198237314497,-0.8879489814790302,175,0.011340807465491543,-0.8829276102401067,"orf.at,derstandard.at,krone.at,kurier.at,diepresse.com,trend.at,futurezone.at,aerztezeitung.at,industriemagazin.at,manz.at"
AT,Austria,2024-04-01T00:00:00Z,2024-05-01T00:00:00Z,15181,208,0.013701337197813055,-0.7608071492084113,218,0.014360055332323299,-0.7999778349070769,"orf.at,derstandard.at,krone.at,kurier.at,diepresse.com,trend.at,futurezone.at,aerztezeitung.at,industriemagazin.at,manz.at"
AT,Austria,2024-05-01T00:00:00Z,2024-06-01T00:00:00Z,14915,253,0.016962789138451225,0.07638309296575416,276,0.018504860878310426,-0.164243219561461,"orf.at,derstandard.at,krone.at,kurier.at,diepresse.com,trend.at,futurezone.at,aerztezeitung.at,industriemagazin.at,manz.at"
AT,Austria,2024-06-01T00:00:00Z,2024-07-01T00:00:00Z,14802,216,0.014592622618565058,-0.3061821453409594,221,0.01493041480880962,-0.3934636508482963,"orf.at,derstandard.at,krone.at,kurier.at,diepresse.com,trend.at,futurezone.at,aerztezeitung.at,industriemagazin.at,manz.at"
AT,Austria,2024-07-01T00:00:00Z,2024-08-01T00:00:00Z,14988,152,0.010141446490525754,-0.6221995798823877,163,0.010875366960234854,-0.8589947204128467,"orf.at,derstandard.at,krone.at,kurier.at,diepresse.com,trend.at,futurezone.at,aerztezeitung.at,industriemagazin.at,manz.at"
AT,Austria,2024-08-01T00:00:00Z,2024-09-01T00:00:00Z,14361,189,0.01316064340923334,-1.2549506666750663,192,0.013369542510967202,-1.2605022119687952,"orf.at,derstandard.at,krone.at,kurier.at,diepresse.com,trend.at,futurezone.at,aerztezeitung.at,industriemagazin.at,manz.at"
AT,Austria,2024-09-01T00:00:00Z,2024-10-01T00:00:00Z,15063,180,0.011949810794662417,-1.2489123763047971,182,0.012082586470158667,-1.2706165839483445,"orf.at,derstandard.at,krone.at,kurier.at,diepresse.com,trend.at,futurezone.at,aerztezeitung.at,industriemagazin.at,manz.at"
AT,Austria,2024-10-01T00:00:00Z,2024-11-01T00:00:00Z,15185,203,0.013368455712874547,-0.9980177185572185,209,0.013763582482713204,-1.082676117863698,"orf.at,derstandard.at,krone.at,kurier.at,diepresse.com,trend.at,futurezone.at,aerztezeitung.at,industriemagazin.at,manz.at"
AT,Austria,2024-11-01T00:00:00Z,2024-12-01T00:00:00Z,15226,165,0.01083672665177985,-0.8480437889469241,175,0.011493497964008932,-0.9412964994708015,"orf.at,derstandard.at,krone.at,kurier.at,diepresse.com,trend.at,futurezone.at,aerztezeitung.at,industriemagazin.at,manz.at"
AT,Austria,2024-12-01T00:00:00Z,2025-01-01T00:00:00Z,14529,146,0.010048867781678024,-0.5088868348799103,149,0.010255351366233052,-0.5295604071089305,"orf.at,derstandard.at,krone.at,kurier.at,diepresse.com,trend.at,futurezone.at,aerztezeitung.at,industriemagazin.at,manz.at"
AT,Austria,2025-01-01T00:00:00Z,2025-02-01T00:00:00Z,16129,212,0.013144026288052576,-0.6177552237516561,216,0.013392026784053568,-0.687992050873242,"orf.at,derstandard.at,krone.at,kurier.at,diepresse.com,trend.at,futurezone.at,aerztezeitung.at,industriemagazin.at,manz.at"
AT,Austria,2025-02-01T00:00:00Z,2025-03-01T00:00:00Z,14962,216,0.014436572650715145,-0.6363800288892716,221,0.014770752573185403,-0.6959218796097706,"orf.at,derstandard.at,krone.at,kurier.at,diepresse.com,trend.at,futurezone.at,aerztezeitung.at,industriemagazin.at,manz.at"
AT,Austria,2025-03-01T00:00:00Z,2025-04-01T00:00:00Z,16729,202,0.012074840098033356,-0.7338515809034952,204,0.012194392970291111,-0.745241314380955,"orf.at,derstandard.at,krone.at,kurier.at,diepresse.com,trend.at,futurezone.at,aerztezeitung.at,industriemagazin.at,manz.at"
AT,Austria,2025-04-01T00:00:00Z,2025-05-01T00:00:00Z,15704,239,0.0152190524707081,-0.6581253354432924,241,0.015346408558329088,-0.6674163782049439,"orf.at,derstandard.at,krone.at,kurier.at,diepresse.com,trend.at,futurezone.at,aerztezeitung.at,industriemagazin.at,manz.at"
AT,Austria,2025-05-01T00:00:00Z,2025-06-01T00:00:00Z,16164,253,0.015652066320217768,-0.09232358580127638,254,0.015713932195001237,-0.08420743750209114,"orf.at,derstandard.at,krone.at,kurier.at,diepresse.com,trend.at,futurezone.at,aerztezeitung.at,industriemagazin.at,manz.at"
AT,Austria,2025-06-01T00:00:00Z,2025-07-01T00:00:00Z,6966,98,0.014068331897789263,-0.7206473381696977,101,0.014498995119150157,-0.9015410605102777,"orf.at,derstandard.at,krone.at,kurier.at,diepresse.com,trend.at,futurezone.at,aerztezeitung.at,industriemagazin.at,manz.at"
AT,Austria,2025-07-01T00:00:00Z,2025-08-01T00:00:00Z,15783,185,0.011721472470379522,-0.2061314976225567,188,0.011911550402331623,-0.21251854166466513,"orf.at,derstandard.at,krone.at,kurier.at,diepresse.com,trend.at,futurezone.at,aerztezeitung.at,industriemagazin.at,manz.at"
AT,Austria,2025-08-01T00:00:00Z,2025-09-01T00:00:00Z,14930,208,0.013931681178834561,-0.3125856548722592,209,0.013998660415271267,-0.31746961505628346,"orf.at,derstandard.at,krone.at,kurier.at,diepresse.com,trend.at,futurezone.at,aerztezeitung.at,industriemagazin.at,manz.at"
AT,Austria,2025-09-01T00:00:00Z,2025-10-01T00:00:00Z,16133,230,0.014256492902745924,-0.6208925182598651,244,0.015124279427260894,-0.7663331129350581,"orf.at,derstandard.at,krone.at,kurier.at,diepresse.com,trend.at,futurezone.at,aerztezeitung.at,industriemagazin.at,manz.at"
AT,Austria,2025-10-01T00:00:00Z,2025-11-01T00:00:00Z,16213,236,0.014556220317029545,-0.32024027781144404,239,0.014741257015974835,-0.3403309331369733,"orf.at,derstandard.at,krone.at,kurier.at,diepresse.com,trend.at,futurezone.at,aerztezeitung.at,industriemagazin.at,manz.at"
AT,Austria,2025-11-01T00:00:00Z,2025-12-01T00:00:00Z,15699,235,0.01496910631250398,-0.49032148376436385,245,0.015606089559844575,-0.5708201529013216,"orf.at,derstandard.at,krone.at,kurier.at,diepresse.com,trend.at,futurezone.at,aerztezeitung.at,industriemagazin.at,manz.at"
AT,Austria,2025-12-01T00:00:00Z,2026-01-01T00:00:00Z,15117,181,0.011973275120725012,-0.36158190619384656,199,0.01316398756367004,-0.8900817643711066,"orf.at,derstandard.at,krone.at,kurier.at,diepresse.com,trend.at,futurezone.at,aerztezeitung.at,industriemagazin.at,manz.at"
AT,Austria,2026-01-01T00:00:00Z,2026-02-01T00:00:00Z,16149,275,0.017028918199269303,-0.39533719119290045,286,0.017710074927240076,-0.3656098058505844,"orf.at,derstandard.at,krone.at,kurier.at,diepresse.com,trend.at,futurezone.at,aerztezeitung.at,industriemagazin.at,manz.at"
AT,Austria,2026-02-01T00:00:00Z,2026-03-01T00:00:00Z,15237,277,0.0181794316466496,-0.8042776102571757,279,0.01831069108092144,-0.806389844415024,"orf.at,derstandard.at,krone.at,kurier.at,diepresse.com,trend.at,futurezone.at,aerztezeitung.at,industriemagazin.at,manz.at"
AT,Austria,2026-03-01T00:00:00Z,2026-04-01T00:00:00Z,6429,100,0.015554518587649712,-1.384874124819846,100,0.015554518587649712,-1.384874124819846,"orf.at,derstandard.at,krone.at,kurier.at,diepresse.com,trend.at,futurezone.at,aerztezeitung.at,industriemagazin.at,manz.at"
BE,Belgium,2018-06-01T00:00:00Z,2018-07-01T00:00:00Z,18000,144,0.008,-1.4350605150360725,149,0.008277777777777778,-1.4458553700837498,"hln.be,lesoir.be,vrt.be,nieuwsblad.be,lalibre.be,lecho.be,datanews.knack.be,medi-sphere.be,energynews.pro,legalnews.be"
BE,Belgium,2018-07-01T00:00:00Z,2018-08-01T00:00:00Z,13792,159,0.011528422273781903,-1.6129122750476756,161,0.011673433874709977,-1.6137696060368927,"hln.be,lesoir.be,vrt.be,nieuwsblad.be,lalibre.be,lecho.be,datanews.knack.be,medi-sphere.be,energynews.pro,legalnews.be"
BE,Belgium,2018-08-01T00:00:00Z,2018-09-01T00:00:00Z,11975,59,0.0049269311064718165,-0.8384824293971419,64,0.005344467640918581,-0.7480249101456127,"hln.be,lesoir.be,vrt.be,nieuwsblad.be,lalibre.be,lecho.be,datanews.knack.be,medi-sphere.be,energynews.pro,legalnews.be"
BE,Belgium,2018-09-01T00:00:00Z,2018-10-01T00:00:00Z,11318,90,0.007951934970842905,-1.3661529833848802,96,0.0084820639688991,-1.4017238866639514,"hln.be,lesoir.be,vrt.be,nieuwsblad.be,lalibre.be,lecho.be,datanews.knack.be,medi-sphere.be,energynews.pro,legalnews.be"
BE,Belgium,2018-10-01T00:00:00Z,2018-11-01T00:00:00Z,12429,97,0.007804328586370585,-0.4807879171646648,103,0.00828707056078526,-0.573509642958284,"hln.be,lesoir.be,vrt.be,nieuwsblad.be,lalibre.be,lecho.be,datanews.knack.be,medi-sphere.be,energynews.pro,legalnews.be"
BE,Belgium,2018-11-01T00:00:00Z,2018-12-01T00:00:00Z,12715,118,0.009280377506881635,-1.7086648583663953,121,0.00951631930790405,-1.719922796291662,"hln.be,lesoir.be,vrt.be,nieuwsblad.be,lalibre.be,lecho.be,datanews.knack.be,medi-sphere.be,energynews.pro,legalnews.be"
BE,Belgium,2018-12-01T00:00:00Z,2019-01-01T00:00:00Z,9594,61,0.006358140504481968,-0.637414472418258,61,0.006358140504481968,-0.637414472418258,"hln.be,lesoir.be,vrt.be,nieuwsblad.be,lalibre.be,lecho.be,datanews.knack.be,medi-sphere.be,energynews.pro,legalnews.be"
BE,Belgium,2019-01-01T00:00:00Z,2019-02-01T00:00:00Z,9442,55,0.005825037068417708,-1.1636071660883331,59,0.006248676127938996,-1.2416439467961513,"hln.be,lesoir.be,vrt.be,nieuwsblad.be,lalibre.be,lecho.be,datanews.knack.be,medi-sphere.be,energynews.pro,legalnews.be"
BE,Belgium,2019-02-01T00:00:00Z,2019-03-01T00:00:00Z,8219,41,0.004988441416230685,-1.080410054442789,42,0.00511011071906558,-1.135548539220207,"hln.be,lesoir.be,vrt.be,nieuwsblad.be,lalibre.be,lecho.be,datanews.knack.be,medi-sphere.be,energynews.pro,legalnews.be"
BE,Belgium,2019-03-01T00:00:00Z,2019-04-01T00:00:00Z,9204,81,0.008800521512385919,-1.3366594011252468,81,0.008800521512385919,-1.3366594011252468,"hln.be,lesoir.be,vrt.be,nieuwsblad.be,lalibre.be,lecho.be,datanews.knack.be,medi-sphere.be,energynews.pro,legalnews.be"
BE,Belgium,2019-04-01T00:00:00Z,2019-05-01T00:00:00Z,8982,62,0.006902694277443776,-1.8350610703353265,64,0.007125361834780673,-1.8096683771225215,"hln.be,lesoir.be,vrt.be,nieuwsblad.be,lalibre.be,lecho.be,datanews.knack.be,medi-sphere.be,energynews.pro,legalnews.be"
BE,Belgium,2019-05-01T00:00:00Z,2019-06-01T00:00:00Z,8443,38,0.004500769868530144,-1.2765032444199813,40,0.004737652493189625,-0.9780484749217063,"hln.be,lesoir.be,vrt.be,nieuwsblad.be,lalibre.be,lecho.be,datanews.knack.be,medi-sphere.be,energynews.pro,legalnews.be"
BE,Belgium,2019-06-01T00:00:00Z,2019-07-01T00:00:00Z,7383,17,0.002302587024244887,-0.6764496758069503,17,0.002302587024244887,-0.6764496758069503,"hln.be,lesoir.be,vrt.be,nieuwsblad.be,lalibre.be,lecho.be,datanews.knack.be,medi-sphere.be,energynews.pro,legalnews.be"
BE,Belgium,2019-07-01T00:00:00Z,2019-08-01T00:00:00Z,7616,18,0.0023634453781512603,0.01317441180941148,19,0.0024947478991596637,-0.14604783053693038,"hln.be,lesoir.be,vrt.be,nieuwsblad.be,lalibre.be,lecho.be,datanews.knack.be,medi-sphere.be,energynews.pro,legalnews.be"
BE,Belgium,2019-08-01T00:00:00Z,2019-09-01T00:00:00Z,6822,15,0.0021987686895338612,-2.2521248965567024,16,0.0023453532688361184,-2.3623711065861643,"hln.be,lesoir.be,vrt.be,nieuwsblad.be,lalibre.be,lecho.be,datanews.knack.be,medi-sphere.be,energynews.pro,legalnews.be"
BE,Belgium,2019-09-01T00:00:00Z,2019-10-01T00:00:00Z,7211,27,0.0037442795728747746,-0.8327048145016012,27,0.0037442795728747746,-0.8327048145016012,"hln.be,lesoir.be,vrt.be,nieuwsblad.be,lalibre.be,lecho.be,datanews.knack.be,medi-sphere.be,energynews.pro,legalnews.be"
BE,Belgium,2019-10-01T00:00:00Z,2019-11-01T00:00:00Z,6762,31,0.00458444247264123,-1.9627220984820832,31,0.00458444247264123,-1.9627220984820832,"hln.be,lesoir.be,vrt.be,nieuwsblad.be,lalibre.be,lecho.be,datanews.knack.be,medi-sphere.be,energynews.pro,legalnews.be"
BE,Belgium,2019-11-01T00:00:00Z,2019-12-01T00:00:00Z,6222,17,0.00273224043715847,-1.69947365070712,17,0.00273224043715847,-1.69947365070712,"hln.be,lesoir.be,vrt.be,nieuwsblad.be,lalibre.be,lecho.be,datanews.knack.be,medi-sphere.be,energynews.pro,legalnews.be"
BE,Belgium,2019-12-01T00:00:00Z,2020-01-01T00:00:00Z,5963,15,0.0025155123260103976,0.4029477575654714,15,0.0025155123260103976,0.4029477575654714,"hln.be,lesoir.be,vrt.be,nieuwsblad.be,lalibre.be,lecho.be,datanews.knack.be,medi-sphere.be,energynews.pro,legalnews.be"
BE,Belgium,2020-01-01T00:00:00Z,2020-02-01T00:00:00Z,6652,4,0.0006013229104028864,2.473250323245735,5,0.000751653638003608,0.59355870735005,"hln.be,lesoir.be,vrt.be,nieuwsblad.be,lalibre.be,lecho.be,datanews.knack.be,medi-sphere.be,energynews.pro,legalnews.be"
BE,Belgium,2020-02-01T00:00:00Z,2020-03-01T00:00:00Z,5698,6,0.001053001053001053,-0.19322129727488735,6,0.001053001053001053,-0.19322129727488735,"hln.be,lesoir.be,vrt.be,nieuwsblad.be,lalibre.be,lecho.be,datanews.knack.be,medi-sphere.be,energynews.pro,legalnews.be"
BE,Belgium,2020-03-01T00:00:00Z,2020-04-01T00:00:00Z,5779,9,0.0015573628655476727,-3.1358239021992054,9,0.0015573628655476727,-3.1358239021992054,"hln.be,lesoir.be,vrt.be,nieuwsblad.be,lalibre.be,lecho.be,datanews.knack.be,medi-sphere.be,energynews.pro,legalnews.be"
BE,Belgium,2020-04-01T00:00:00Z,2020-05-01T00:00:00Z,5393,4,0.0007417022065640646,-0.04635105995123179,4,0.0007417022065640646,-0.04635105995123179,"hln.be,lesoir.be,vrt.be,nieuwsblad.be,lalibre.be,lecho.be,datanews.knack.be,medi-sphere.be,energynews.pro,legalnews.be"
BE,Belgium,2020-05-01T00:00:00Z,2020-06-01T00:00:00Z,5383,7,0.0013003901170351106,0.7537714521255237,7,0.0013003901170351106,0.7537714521255237,"hln.be,lesoir.be,vrt.be,nieuwsblad.be,lalibre.be,lecho.be,datanews.knack.be,medi-sphere.be,energynews.pro,legalnews.be"
BE,Belgium,2020-06-01T00:00:00Z,2020-07-01T00:00:00Z,5519,9,0.001630730204747237,-3.5084611206335286,9,0.001630730204747237,-3.5084611206335286,"hln.be,lesoir.be,vrt.be,nieuwsblad.be,lalibre.be,lecho.be,datanews.knack.be,medi-sphere.be,energynews.pro,legalnews.be"
BE,Belgium,2020-07-01T00:00:00Z,2020-08-01T00:00:00Z,4837,7,0.001447178002894356,-2.19780030783018,7,0.001447178002894356,-2.19780030783018,"hln.be,lesoir.be,vrt.be,nieuwsblad.be,lalibre.be,lecho.be,datanews.knack.be,medi-sphere.be,energynews.pro,legalnews.be"
BE,Belgium,2020-08-01T00:00:00Z,2020-09-01T00:00:00Z,4679,1,0.00021372088053002778,2.65486725663717,1,0.00021372088053002778,2.65486725663717,"hln.be,lesoir.be,vrt.be,nieuwsblad.be,lalibre.be,lecho.be,datanews.knack.be,medi-sphere.be,energynews.pro,legalnews.be"
BE,Belgium,2020-09-01T00:00:00Z,2020-10-01T00:00:00Z,5010,10,0.001996007984031936,-0.3176525533611034,10,0.001996007984031936,-0.3176525533611034,"hln.be,lesoir.be,vrt.be,nieuwsblad.be,lalibre.be,lecho.be,datanews.knack.be,medi-sphere.be,energynews.pro,legalnews.be"
BE,Belgium,2020-10-01T00:00:00Z,2020-11-01T00:00:00Z,3786,8,0.0021130480718436345,-0.923277297431665,8,0.0021130480718436345,-0.923277297431665,"hln.be,lesoir.be,vrt.be,nieuwsblad.be,lalibre.be,lecho.be,datanews.knack.be,medi-sphere.be,energynews.pro,legalnews.be"
BE,Belgium,2020-11-01T00:00:00Z,2020-12-01T00:00:00Z,3387,2,0.000590493061706525,-1.322751322751325,2,0.000590493061706525,-1.322751322751325,"hln.be,lesoir.be,vrt.be,nieuwsblad.be,lalibre.be,lecho.be,datanews.knack.be,medi-sphere.be,energynews.pro,legalnews.be"
BE,Belgium,2020-12-01T00:00:00Z,2021-01-01T00:00:00Z,5125,7,0.0013658536585365853,-0.08057743581405741,8,0.0015609756097560976,-0.5102037487996114,"hln.be,lesoir.be,vrt.be,nieuwsblad.be,lalibre.be,lecho.be,datanews.knack.be,medi-sphere.be,energynews.pro,legalnews.be"
BE,Belgium,2021-01-01T00:00:00Z,2021-02-01T00:00:00Z,5280,5,0.000946969696969697,-1.7868821816341802,5,0.000946969696969697,-1.7868821816341802,"hln.be,lesoir.be,vrt.be,nieuwsblad.be,lalibre.be,lecho.be,datanews.knack.be,medi-sphere.be,energynews.pro,legalnews.be"
BE,Belgium,2021-02-01T00:00:00Z,2021-03-01T00:00:00Z,5101,17,0.0033326798666928055,-0.5826625173512225,17,0.0033326798666928055,-0.5826625173512225,"hln.be,lesoir.be,vrt.be,nieuwsblad.be,lalibre.be,lecho.be,datanews.knack.be,medi-sphere.be,energynews.pro,legalnews.be"
BE,Belgium,2021-03-01T00:00:00Z,2021-04-01T00:00:00Z,5590,10,0.0017889087656529517,-3.1076190458817132,10,0.0017889087656529517,-3.1076190458817132,"hln.be,lesoir.be,vrt.be,nieuwsblad.be,lalibre.be,lecho.be,datanews.knack.be,medi-sphere.be,energynews.pro,legalnews.be"
BE,Belgium,2021-04-01T00:00:00Z,2021-05-01T00:00:00Z,5229,10,0.0019124115509657677,-2.4607294119722662,10,0.0019124115509657677,-2.4607294119722662,"hln.be,lesoir.be,vrt.be,nieuwsblad.be,lalibre.be,lecho.be,datanews.knack.be,medi-sphere.be,energynews.pro,legalnews.be"
BE,Belgium,2021-05-01T00:00:00Z,2021-06-01T00:00:00Z,5784,5,0.0008644536652835408,-0.5409786869588613,5,0.0008644536652835408,-0.5409786869588613,"hln.be,lesoir.be,vrt.be,nieuwsblad.be,lalibre.be,lecho.be,datanews.knack.be,medi-sphere.be,energynews.pro,legalnews.be"
BE,Belgium,2021-06-01T00:00:00Z,2021-07-01T00:00:00Z,5951,9,0.001512350865400773,-2.2579874899803762,9,0.001512350865400773,-2.2579874899803762,"hln.be,lesoir.be,vrt.be,nieuwsblad.be,lalibre.be,lecho.be,datanews.knack.be,medi-sphere.be,energynews.pro,legalnews.be"
BE,Belgium,2021-07-01T00:00:00Z,2021-08-01T00:00:00Z,5728,13,0.0022695530726256985,-0.7898563116607802,13,0.0022695530726256985,-0.7898563116607802,"hln.be,lesoir.be,vrt.be,nieuwsblad.be,lalibre.be,lecho.be,datanews.knack.be,medi-sphere.be,energynews.pro,legalnews.be"
BE,Belgium,2021-08-01T00:00:00Z,2021-09-01T00:00:00Z,4756,7,0.001471825063078217,-1.1108709064894644,7,0.001471825063078217,-1.1108709064894644,"hln.be,lesoir.be,vrt.be,nieuwsblad.be,lalibre.be,lecho.be,datanews.knack.be,medi-sphere.be,energynews.pro,legalnews.be"
BE,Belgium,2021-09-01T00:00:00Z,2021-10-01T00:00:00Z,5831,13,0.0022294632138569713,0.15134180771428002,13,0.0022294632138569713,0.15134180771428002,"hln.be,lesoir.be,vrt.be,nieuwsblad.be,lalibre.be,lecho.be,datanews.knack.be,medi-sphere.be,energynews.pro,legalnews.be"
BE,Belgium,2021-10-01T00:00:00Z,2021-11-01T00:00:00Z,6799,26,0.0038240917782026767,0.5518698453177497,27,0.003971172231210472,0.475313498633703,"hln.be,lesoir.be,vrt.be,nieuwsblad.be,lalibre.be,lecho.be,datanews.knack.be,medi-sphere.be,energynews.pro,legalnews.be"
BE,Belgium,2021-11-01T00:00:00Z,2021-12-01T00:00:00Z,6658,35,0.005256833884049264,1.5222935505249786,35,0.005256833884049264,1.5222935505249786,"hln.be,lesoir.be,vrt.be,nieuwsblad.be,lalibre.be,lecho.be,datanews.knack.be,medi-sphere.be,energynews.pro,legalnews.be"
BE,Belgium,2021-12-01T00:00:00Z,2022-01-01T00:00:00Z,7020,37,0.005270655270655271,0.8350086939264375,37,0.005270655270655271,0.8350086939264375,"hln.be,lesoir.be,vrt.be,nieuwsblad.be,lalibre.be,lecho.be,datanews.knack.be,medi-sphere.be,energynews.pro,legalnews.be"
BE,Belgium,2022-01-01T00:00:00Z,2022-02-01T00:00:00Z,6505,24,0.003689469638739431,0.20943199889808384,24,0.003689469638739431,0.20943199889808384,"hln.be,lesoir.be,vrt.be,nieuwsblad.be,lalibre.be,lecho.be,datanews.knack.be,medi-sphere.be,energynews.pro,legalnews.be"
BE,Belgium,2022-02-01T00:00:00Z,2022-03-01T00:00:00Z,6255,29,0.004636290967226219,-0.9212026457090638,30,0.004796163069544364,-0.9736905663928604,"hln.be,lesoir.be,vrt.be,nieuwsblad.be,lalibre.be,lecho.be,datanews.knack.be,medi-sphere.be,energynews.pro,legalnews.be"
BE,Belgium,2022-03-01T00:00:00Z,2022-04-01T00:00:00Z,6706,32,0.0047718461079630185,-0.17814797163708324,36,0.0053683268714583956,-0.4248975630729549,"hln.be,lesoir.be,vrt.be,nieuwsblad.be,lalibre.be,lecho.be,datanews.knack.be,medi-sphere.be,energynews.pro,legalnews.be"
BE,Belgium,2022-04-01T00:00:00Z,2022-05-01T00:00:00Z,6589,39,0.005918955835483381,0.1985530798931947,39,0.005918955835483381,0.1985530798931947,"hln.be,lesoir.be,vrt.be,nieuwsblad.be,lalibre.be,lecho.be,datanews.knack.be,medi-sphere.be,energynews.pro,legalnews.be"
BE,Belgium,2022-05-01T00:00:00Z,2022-06-01T00:00:00Z,7076,56,0.00791407574901074,0.8901823965323886,57,0.008055398530243075,0.8614236936035404,"hln.be,lesoir.be,vrt.be,nieuwsblad.be,lalibre.be,lecho.be,datanews.knack.be,medi-sphere.be,energynews.pro,legalnews.be"
BE,Belgium,2022-06-01T00:00:00Z,2022-07-01T00:00:00Z,7029,41,0.005832977663963579,0.6605196034476759,41,0.005832977663963579,0.6605196034476759,"hln.be,lesoir.be,vrt.be,nieuwsblad.be,lalibre.be,lecho.be,datanews.knack.be,medi-sphere.be,energynews.pro,legalnews.be"
BE,Belgium,2022-07-01T00:00:00Z,2022-08-01T00:00:00Z,6871,32,0.004657255130257604,1.091160841688514,32,0.004657255130257604,1.091160841688514,"hln.be,lesoir.be,vrt.be,nieuwsblad.be,lalibre.be,lecho.be,datanews.knack.be,medi-sphere.be,energynews.pro,legalnews.be"
BE,Belgium,2022-08-01T00:00:00Z,2022-09-01T00:00:00Z,6785,47,0.006927044952100221,0.2465378278351074,65,0.009579955784819455,-0.41681057343016287,"hln.be,lesoir.be,vrt.be,nieuwsblad.be,lalibre.be,lecho.be,datanews.knack.be,medi-sphere.be,energynews.pro,legalnews.be"
BE,Belgium,2022-09-01T00:00:00Z,2022-10-01T00:00:00Z,7054,41,0.005812305075134676,0.6016699562949723,44,0.0062375956903884325,0.4143596671473086,"hln.be,lesoir.be,vrt.be,nieuwsblad.be,lalibre.be,lecho.be,datanews.knack.be,medi-sphere.be,energynews.pro,legalnews.be"
BE,Belgium,2022-10-01T00:00:00Z,2022-11-01T00:00:00Z,7191,28,0.0038937560839938812,0.5270368778214294,28,0.0038937560839938812,0.5270368778214294,"hln.be,lesoir.be,vrt.be,nieuwsblad.be,lalibre.be,lecho.be,datanews.knack.be,medi-sphere.be,energynews.pro,legalnews.be"
BE,Belgium,2022-11-01T00:00:00Z,2022-12-01T00:00:00Z,6595,33,0.005003790750568613,-0.147431021131426,33,0.005003790750568613,-0.147431021131426,"hln.be,lesoir.be,vrt.be,nieuwsblad.be,lalibre.be,lecho.be,datanews.knack.be,medi-sphere.be,energynews.pro,legalnews.be"
BE,Belgium,2022-12-01T00:00:00Z,2023-01-01T00:00:00Z,6621,51,0.007702763932940644,-0.5302688388713658,54,0.008155867693701857,-0.5282435752111807,"hln.be,lesoir.be,vrt.be,nieuwsblad.be,lalibre.be,lecho.be,datanews.knack.be,medi-sphere.be,energynews.pro,legalnews.be"
BE,Belgium,2023-01-01T00:00:00Z,2023-02-01T00:00:00Z,6847,37,0.005403826493354754,0.10617580029054609,38,0.005549875858040018,0.16186123244664272,"hln.be,lesoir.be,vrt.be,nieuwsblad.be,lalibre.be,lecho.be,datanews.knack.be,medi-sphere.be,energynews.pro,legalnews.be"
BE,Belgium,2023-02-01T00:00:00Z,2023-03-01T00:00:00Z,5948,31,0.005211835911230666,1.0003664771674112,32,0.005379959650302623,1.1192141950616064,"hln.be,lesoir.be,vrt.be,nieuwsblad.be,lalibre.be,lecho.be,datanews.knack.be,medi-sphere.be,energynews.pro,legalnews.be"
BE,Belgium,2023-03-01T00:00:00Z,2023-04-01T00:00:00Z,7628,40,0.005243838489774515,1.016631343743424,44,0.0057682223387519665,0.8588397103560282,"hln.be,lesoir.be,vrt.be,nieuwsblad.be,lalibre.be,lecho.be,datanews.knack.be,medi-sphere.be,energynews.pro,legalnews.be"
BE,Belgium,2023-04-01T00:00:00Z,2023-05-01T00:00:00Z,8830,41,0.00464326160815402,0.05486777646146404,69,0.007814269535673839,-0.5881720312001962,"hln.be,lesoir.be,vrt.be,nieuwsblad.be,lalibre.be,lecho.be,datanews.knack.be,medi-sphere.be,energynews.pro,legalnews.be"
BE,Belgium,2023-05-01T00:00:00Z,2023-06-01T00:00:00Z,8923,50,0.005603496581867085,0.37888640408442137,53,0.00593970637677911,0.1895413197423573,"hln.be,lesoir.be,vrt.be,nieuwsblad.be,lalibre.be,lecho.be,datanews.knack.be,medi-sphere.be,energynews.pro,legalnews.be"
BE,Belgium,2023-06-01T00:00:00Z,2023-07-01T00:00:00Z,9167,38,0.004145303807134286,-0.4931220579184701,46,0.005017999345478346,-0.6571411384000775,"hln.be,lesoir.be,vrt.be,nieuwsblad.be,lalibre.be,lecho.be,datanews.knack.be,medi-sphere.be,energynews.pro,legalnews.be"
BE,Belgium,2023-07-01T00:00:00Z,2023-08-01T00:00:00Z,5832,18,0.0030864197530864196,-0.7264332346952412,19,0.0032578875171467765,-1.0359856705227812,"hln.be,lesoir.be,vrt.be,nieuwsblad.be,lalibre.be,lecho.be,datanews.knack.be,medi-sphere.be,energynews.pro,legalnews.be"
BE,Belgium,2023-08-01T00:00:00Z,2023-09-01T00:00:00Z,5861,20,0.003412386964681795,-1.1988307558608335,23,0.0039242450093840645,-1.1002922428844226,"hln.be,lesoir.be,vrt.be,nieuwsblad.be,lalibre.be,lecho.be,datanews.knack.be,medi-sphere.be,energynews.pro,legalnews.be"
BE,Belgium,2023-09-01T00:00:00Z,2023-10-01T00:00:00Z,6497,16,0.002462675080806526,-0.9407248495188971,20,0.0030783438510081575,-1.0114047734329987,"hln.be,lesoir.be,vrt.be,nieuwsblad.be,lalibre.be,lecho.be,datanews.knack.be,medi-sphere.be,energynews.pro,legalnews.be"
BE,Belgium,2023-10-01T00:00:00Z,2023-11-01T00:00:00Z,6573,33,0.005020538566864446,-0.19611399989528927,34,0.005172676099193671,-0.1500558524366446,"hln.be,lesoir.be,vrt.be,nieuwsblad.be,lalibre.be,lecho.be,datanews.knack.be,medi-sphere.be,energynews.pro,legalnews.be"
BE,Belgium,2023-11-01T00:00:00Z,2023-12-01T00:00:00Z,6275,14,0.0022310756972111555,0.3059110071127,17,0.0027091633466135457,-0.28344172884025937,"hln.be,lesoir.be,vrt.be,nieuwsblad.be,lalibre.be,lecho.be,datanews.knack.be,medi-sphere.be,energynews.pro,legalnews.be"
BE,Belgium,2023-12-01T00:00:00Z,2024-01-01T00:00:00Z,6312,24,0.0038022813688212928,0.6822872727693396,27,0.0042775665399239545,0.47987747860154834,"hln.be,lesoir.be,vrt.be,nieuwsblad.be,lalibre.be,lecho.be,datanews.knack.be,medi-sphere.be,energynews.pro,legalnews.be"
BE,Belgium,2024-01-01T00:00:00Z,2024-02-01T00:00:00Z,6650,32,0.00481203007518797,-0.08141207651362795,40,0.006015037593984963,-0.09264803477267433,"hln.be,lesoir.be,vrt.be,nieuwsblad.be,lalibre.be,lecho.be,datanews.knack.be,medi-sphere.be,energynews.pro,legalnews.be"
BE,Belgium,2024-02-01T00:00:00Z,2024-03-01T00:00:00Z,6317,32,0.005065695741649517,-0.8595008366005015,35,0.00554060471742916,-0.8495019306760209,"hln.be,lesoir.be,vrt.be,nieuwsblad.be,lalibre.be,lecho.be,datanews.knack.be,medi-sphere.be,energynews.pro,legalnews.be"
BE,Belgium,2024-03-01T00:00:00Z,2024-04-01T00:00:00Z,6599,28,0.004243067131383543,-0.2526125211361735,30,0.004546143355053796,-0.6035799939273016,"hln.be,lesoir.be,vrt.be,nieuwsblad.be,lalibre.be,lecho.be,datanews.knack.be,medi-sphere.be,energynews.pro,legalnews.be"
BE,Belgium,2024-04-01T00:00:00Z,2024-05-01T00:00:00Z,5849,23,0.0039322961189946996,0.3197076384229526,29,0.004958112497862883,-0.19021702213821706,"hln.be,lesoir.be,vrt.be,nieuwsblad.be,lalibre.be,lecho.be,datanews.knack.be,medi-sphere.be,energynews.pro,legalnews.be"
BE,Belgium,2024-05-01T00:00:00Z,2024-06-01T00:00:00Z,3395,16,0.00471281296023564,0.2488500301745633,16,0.00471281296023564,0.2488500301745633,"hln.be,lesoir.be,vrt.be,nieuwsblad.be,lalibre.be,lecho.be,datanews.knack.be,medi-sphere.be,energynews.pro,legalnews.be"
BE,Belgium,2024-06-01T00:00:00Z,2024-07-01T00:00:00Z,3349,14,0.0041803523439832785,-0.7330695714303233,14,0.0041803523439832785,-0.7330695714303233,"hln.be,lesoir.be,vrt.be,nieuwsblad.be,lalibre.be,lecho.be,datanews.knack.be,medi-sphere.be,energynews.pro,legalnews.be"
BE,Belgium,2024-07-01T00:00:00Z,2024-08-01T00:00:00Z,3179,7,0.002201950298836112,-1.344261142060344,8,0.0025165146272412707,-1.3189417296587451,"hln.be,lesoir.be,vrt.be,nieuwsblad.be,lalibre.be,lecho.be,datanews.knack.be,medi-sphere.be,energynews.pro,legalnews.be"
BE,Belgium,2024-08-01T00:00:00Z,2024-09-01T00:00:00Z,3592,13,0.003619153674832962,-0.13430678204655516,13,0.003619153674832962,-0.13430678204655516,"hln.be,lesoir.be,vrt.be,nieuwsblad.be,lalibre.be,lecho.be,datanews.knack.be,medi-sphere.be,energynews.pro,legalnews.be"
BE,Belgium,2024-09-01T00:00:00Z,2024-10-01T00:00:00Z,5458,27,0.004946866984243312,-0.1720476161541309,28,0.005130084279956028,-0.20323506440746156,"hln.be,lesoir.be,vrt.be,nieuwsblad.be,lalibre.be,lecho.be,datanews.knack.be,medi-sphere.be,energynews.pro,legalnews.be"
BE,Belgium,2024-10-01T00:00:00Z,2024-11-01T00:00:00Z,9097,51,0.005606243816642849,-0.6190698454775083,63,0.006925360008794108,-1.0535118412049682,"hln.be,lesoir.be,vrt.be,nieuwsblad.be,lalibre.be,lecho.be,datanews.knack.be,medi-sphere.be,energynews.pro,legalnews.be"
BE,Belgium,2024-11-01T00:00:00Z,2024-12-01T00:00:00Z,8889,35,0.0039374507818652265,1.4140485073464955,40,0.004499943750703116,0.6000966362413613,"hln.be,lesoir.be,vrt.be,nieuwsblad.be,lalibre.be,lecho.be,datanews.knack.be,medi-sphere.be,energynews.pro,legalnews.be"
BE,Belgium,2024-12-01T00:00:00Z,2025-01-01T00:00:00Z,6861,15,0.0021862702229995625,-0.4760864598391727,19,0.002769275615799446,-0.8662193948356981,"hln.be,lesoir.be,vrt.be,nieuwsblad.be,lalibre.be,lecho.be,datanews.knack.be,medi-sphere.be,energynews.pro,legalnews.be"
BE,Belgium,2025-01-01T00:00:00Z,2025-02-01T00:00:00Z,6829,30,0.004393029726167814,-0.7068825020866102,33,0.004832332698784595,-0.8211994626976965,"hln.be,lesoir.be,vrt.be,nieuwsblad.be,lalibre.be,lecho.be,datanews.knack.be,medi-sphere.be,energynews.pro,legalnews.be"
BE,Belgium,2025-02-01T00:00:00Z,2025-03-01T00:00:00Z,6051,37,0.006114691786481574,0.7076161211753198,37,0.006114691786481574,0.7076161211753198,"hln.be,lesoir.be,vrt.be,nieuwsblad.be,lalibre.be,lecho.be,datanews.knack.be,medi-sphere.be,energynews.pro,legalnews.be"
BE,Belgium,2025-03-01T00:00:00Z,2025-04-01T00:00:00Z,6575,38,0.005779467680608365,-1.7317128994312818,41,0.006235741444866921,-1.843418476636228,"hln.be,lesoir.be,vrt.be,nieuwsblad.be,lalibre.be,lecho.be,datanews.knack.be,medi-sphere.be,energynews.pro,legalnews.be"
BE,Belgium,2025-04-01T00:00:00Z,2025-05-01T00:00:00Z,6332,27,0.004264055590650663,-0.36167588537409207,33,0.005211623499684144,-0.7481615714063092,"hln.be,lesoir.be,vrt.be,nieuwsblad.be,lalibre.be,lecho.be,datanews.knack.be,medi-sphere.be,energynews.pro,legalnews.be"
BE,Belgium,2025-05-01T00:00:00Z,2025-06-01T00:00:00Z,7124,26,0.0036496350364963502,0.403043577669822,28,0.0039303761931499155,0.28181994783274156,"hln.be,lesoir.be,vrt.be,nieuwsblad.be,lalibre.be,lecho.be,datanews.knack.be,medi-sphere.be,energynews.pro,legalnews.be"
BE,Belgium,2025-06-01T00:00:00Z,2025-07-01T00:00:00Z,3124,11,0.0035211267605633804,0.5355155775292793,12,0.0038412291933418692,0.06946459207176861,"hln.be,lesoir.be,vrt.be,nieuwsblad.be,lalibre.be,lecho.be,datanews.knack.be,medi-sphere.be,energynews.pro,legalnews.be"
BE,Belgium,2025-07-01T00:00:00Z,2025-08-01T00:00:00Z,7352,16,0.002176278563656148,-0.6318588050229234,28,0.003808487486398259,-0.5139142005340945,"hln.be,lesoir.be,vrt.be,nieuwsblad.be,lalibre.be,lecho.be,datanews.knack.be,medi-sphere.be,energynews.pro,legalnews.be"
BE,Belgium,2025-08-01T00:00:00Z,2025-09-01T00:00:00Z,7841,12,0.0015304170386430302,-1.3168819007672001,17,0.002168090804744293,-1.3542777145972262,"hln.be,lesoir.be,vrt.be,nieuwsblad.be,lalibre.be,lecho.be,datanews.knack.be,medi-sphere.be,energynews.pro,legalnews.be"
BE,Belgium,2025-09-01T00:00:00Z,2025-10-01T00:00:00Z,9805,16,0.001631820499745028,-2.2715518178349003,27,0.002753697093319735,-1.6619764306443072,"hln.be,lesoir.be,vrt.be,nieuwsblad.be,lalibre.be,lecho.be,datanews.knack.be,medi-sphere.be,energynews.pro,legalnews.be"
BE,Belgium,2025-10-01T00:00:00Z,2025-11-01T00:00:00Z,10179,27,0.002652519893899204,0.04756805318015617,35,0.0034384517143137834,0.036842420235974935,"hln.be,lesoir.be,vrt.be,nieuwsblad.be,lalibre.be,lecho.be,datanews.knack.be,medi-sphere.be,energynews.pro,legalnews.be"
BE,Belgium,2025-11-01T00:00:00Z,2025-12-01T00:00:00Z,9270,23,0.0024811218985976266,-1.0401545463598567,33,0.0035598705501618125,-1.2784220857394897,"hln.be,lesoir.be,vrt.be,nieuwsblad.be,lalibre.be,lecho.be,datanews.knack.be,medi-sphere.be,energynews.pro,legalnews.be"
BE,Belgium,2025-12-01T00:00:00Z,2026-01-01T00:00:00Z,9116,24,0.0026327336551118913,-0.7834409957702153,32,0.0035103115401491883,-0.9199202013878881,"hln.be,lesoir.be,vrt.be,nieuwsblad.be,lalibre.be,lecho.be,datanews.knack.be,medi-sphere.be,energynews.pro,legalnews.be"
BE,Belgium,2026-01-01T00:00:00Z,2026-02-01T00:00:00Z,9572,20,0.002089427496865859,0.28043262530852836,31,0.003238612620142081,-0.13077122566429877,"hln.be,lesoir.be,vrt.be,nieuwsblad.be,lalibre.be,lecho.be,datanews.knack.be,medi-sphere.be,energynews.pro,legalnews.be"
BE,Belgium,2026-02-01T00:00:00Z,2026-03-01T00:00:00Z,8732,26,0.002977553825011452,-0.7671027842610975,30,0.003435639028859368,-0.8571534048855785,"hln.be,lesoir.be,vrt.be,nieuwsblad.be,lalibre.be,lecho.be,datanews.knack.be,medi-sphere.be,energynews.pro,legalnews.be"
BE,Belgium,2026-03-01T00:00:00Z,2026-04-01T00:00:00Z,3111,10,0.0032144005143040825,-2.0259324177793245,15,0.0048216007714561235,-2.573501918500368,"hln.be,lesoir.be,vrt.be,nieuwsblad.be,lalibre.be,lecho.be,datanews.knack.be,medi-sphere.be,energynews.pro,legalnews.be"
CZ,Czech Republic,2018-06-01T00:00:00Z,2018-07-01T00:00:00Z,28090,207,0.007369170523317907,0.5765394597542819,213,0.007582769668921324,0.521049843730044,"blesk.cz,aktualne.cz,ceskatelevize.cz,irozhlas.cz,denik.cz,e15.cz,lupa.cz,zdravezpravy.cz,oenergetice.cz,pravniprostor.cz"
CZ,Czech Republic,2018-07-01T00:00:00Z,2018-08-01T00:00:00Z,23991,187,0.007794589637780834,-0.0937889291913066,195,0.008128048018006753,-0.004600942890881521,"blesk.cz,aktualne.cz,ceskatelevize.cz,irozhlas.cz,denik.cz,e15.cz,lupa.cz,zdravezpravy.cz,oenergetice.cz,pravniprostor.cz"
CZ,Czech Republic,2018-08-01T00:00:00Z,2018-09-01T00:00:00Z,23654,73,0.003086158789211127,-0.37464323594739457,74,0.0031284349370085396,-0.4036195663759085,"blesk.cz,aktualne.cz,ceskatelevize.cz,irozhlas.cz,denik.cz,e15.cz,lupa.cz,zdravezpravy.cz,oenergetice.cz,pravniprostor.cz"
CZ,Czech Republic,2018-09-01T00:00:00Z,2018-10-01T00:00:00Z,20690,117,0.005654905751570807,-0.3192576569329062,120,0.005799903334944417,-0.29989267101963635,"blesk.cz,aktualne.cz,ceskatelevize.cz,irozhlas.cz,denik.cz,e15.cz,lupa.cz,zdravezpravy.cz,oenergetice.cz,pravniprostor.cz"
CZ,Czech Republic,2018-10-01T00:00:00Z,2018-11-01T00:00:00Z,21615,172,0.007957436965070553,-0.6374771821307554,174,0.008049965301873699,-0.6374944287244564,"blesk.cz,aktualne.cz,ceskatelevize.cz,irozhlas.cz,denik.cz,e15.cz,lupa.cz,zdravezpravy.cz,oenergetice.cz,pravniprostor.cz"
CZ,Czech Republic,2018-11-01T00:00:00Z,2018-12-01T00:00:00Z,19626,154,0.007846733924386019,-0.6721430543660986,161,0.008203403648221747,-0.7747128997669707,"blesk.cz,aktualne.cz,ceskatelevize.cz,irozhlas.cz,denik.cz,e15.cz,lupa.cz,zdravezpravy.cz,oenergetice.cz,pravniprostor.cz"
CZ,Czech Republic,2018-12-01T00:00:00Z,2019-01-01T00:00:00Z,16908,55,0.003252898036432458,-0.34140947244816,60,0.0035486160397444995,-0.4325535030435605,"blesk.cz,aktualne.cz,ceskatelevize.cz,irozhlas.cz,denik.cz,e15.cz,lupa.cz,zdravezpravy.cz,oenergetice.cz,pravniprostor.cz"
CZ,Czech Republic,2019-01-01T00:00:00Z,2019-02-01T00:00:00Z,18471,87,0.004710086080883547,0.3689850556655731,88,0.004764225001353473,0.36667033067162763,"blesk.cz,aktualne.cz,ceskatelevize.cz,irozhlas.cz,denik.cz,e15.cz,lupa.cz,zdravezpravy.cz,oenergetice.cz,pravniprostor.cz"
CZ,Czech Republic,2019-02-01T00:00:00Z,2019-03-01T00:00:00Z,17067,92,0.005390519716411789,-0.2225025423061235,96,0.005624890138864475,-0.38642864285024386,"blesk.cz,aktualne.cz,ceskatelevize.cz,irozhlas.cz,denik.cz,e15.cz,lupa.cz,zdravezpravy.cz,oenergetice.cz,pravniprostor.cz"
CZ,Czech Republic,2019-03-01T00:00:00Z,2019-04-01T00:00:00Z,18420,147,0.007980456026058631,-0.776299948345211,157,0.008523344191096634,-0.6647341122224889,"blesk.cz,aktualne.cz,ceskatelevize.cz,irozhlas.cz,denik.cz,e15.cz,lupa.cz,zdravezpravy.cz,oenergetice.cz,pravniprostor.cz"
CZ,Czech Republic,2019-04-01T00:00:00Z,2019-05-01T00:00:00Z,18097,85,0.0046969110902359505,-0.6346467832528302,88,0.004862684422832514,-0.6291775229500985,"blesk.cz,aktualne.cz,ceskatelevize.cz,irozhlas.cz,denik.cz,e15.cz,lupa.cz,zdravezpravy.cz,oenergetice.cz,pravniprostor.cz"
CZ,Czech Republic,2019-05-01T00:00:00Z,2019-06-01T00:00:00Z,15917,105,0.006596720487529057,-0.1331061250899817,106,0.0066595463969340955,-0.12954944052286488,"blesk.cz,aktualne.cz,ceskatelevize.cz,irozhlas.cz,denik.cz,e15.cz,lupa.cz,zdravezpravy.cz,oenergetice.cz,pravniprostor.cz"
CZ,Czech Republic,2019-06-01T00:00:00Z,2019-07-01T00:00:00Z,13668,80,0.005853087503658179,0.3387989345038074,80,0.005853087503658179,0.3387989345038074,"blesk.cz,aktualne.cz,ceskatelevize.cz,irozhlas.cz,denik.cz,e15.cz,lupa.cz,zdravezpravy.cz,oenergetice.cz,pravniprostor.cz"
CZ,Czech Republic,2019-07-01T00:00:00Z,2019-08-01T00:00:00Z,13431,72,0.005360732633459906,0.6717960489425755,73,0.0054351872533690716,0.6904361075214888,"blesk.cz,aktualne.cz,ceskatelevize.cz,irozhlas.cz,denik.cz,e15.cz,lupa.cz,zdravezpravy.cz,oenergetice.cz,pravniprostor.cz"
CZ,Czech Republic,2019-08-01T00:00:00Z,2019-09-01T00:00:00Z,12614,43,0.003408910734104963,0.696308319757519,44,0.003488187727921357,0.5480912507074253,"blesk.cz,aktualne.cz,ceskatelevize.cz,irozhlas.cz,denik.cz,e15.cz,lupa.cz,zdravezpravy.cz,oenergetice.cz,pravniprostor.cz"
CZ,Czech Republic,2019-09-01T00:00:00Z,2019-10-01T00:00:00Z,13714,66,0.004812600262505469,-0.03775053465560467,66,0.004812600262505469,-0.03775053465560467,"blesk.cz,aktualne.cz,ceskatelevize.cz,irozhlas.cz,denik.cz,e15.cz,lupa.cz,zdravezpravy.cz,oenergetice.cz,pravniprostor.cz"
CZ,Czech Republic,2019-10-01T00:00:00Z,2019-11-01T00:00:00Z,14022,106,0.0075595492797033235,0.04938878727247448,108,0.007702182284980745,0.01422590357493839,"blesk.cz,aktualne.cz,ceskatelevize.cz,irozhlas.cz,denik.cz,e15.cz,lupa.cz,zdravezpravy.cz,oenergetice.cz,pravniprostor.cz"
CZ,Czech Republic,2019-11-01T00:00:00Z,2019-12-01T00:00:00Z,13164,43,0.0032664843512610147,0.20334737333311453,49,0.003722272865390459,0.23383015260865694,"blesk.cz,aktualne.cz,ceskatelevize.cz,irozhlas.cz,denik.cz,e15.cz,lupa.cz,zdravezpravy.cz,oenergetice.cz,pravniprostor.cz"
CZ,Czech Republic,2019-12-01T00:00:00Z,2020-01-01T00:00:00Z,12124,52,0.004289013526888816,0.3303888189524118,64,0.005278785879247773,0.004405266712836628,"blesk.cz,aktualne.cz,ceskatelevize.cz,irozhlas.cz,denik.cz,e15.cz,lupa.cz,zdravezpravy.cz,oenergetice.cz,pravniprostor.cz"
CZ,Czech Republic,2020-01-01T00:00:00Z,2020-02-01T00:00:00Z,16612,92,0.005538165181796292,-0.28388521451022686,98,0.005899349867565616,-0.20276873983543953,"blesk.cz,aktualne.cz,ceskatelevize.cz,irozhlas.cz,denik.cz,e15.cz,lupa.cz,zdravezpravy.cz,oenergetice.cz,pravniprostor.cz"
CZ,Czech Republic,2020-02-01T00:00:00Z,2020-03-01T00:00:00Z,18432,95,0.005154079861111111,-0.30228426408597303,95,0.005154079861111111,-0.30228426408597303,"blesk.cz,aktualne.cz,ceskatelevize.cz,irozhlas.cz,denik.cz,e15.cz,lupa.cz,zdravezpravy.cz,oenergetice.cz,pravniprostor.cz"
CZ,Czech Republic,2020-03-01T00:00:00Z,2020-04-01T00:00:00Z,21405,75,0.00350385423966363,0.06235347853899069,76,0.003550572296192478,0.029387154166210013,"blesk.cz,aktualne.cz,ceskatelevize.cz,irozhlas.cz,denik.cz,e15.cz,lupa.cz,zdravezpravy.cz,oenergetice.cz,pravniprostor.cz"
CZ,Czech Republic,2020-04-01T00:00:00Z,2020-05-01T00:00:00Z,8890,7,0.0007874015748031496,-1.021913487638893,8,0.0008998875140607424,-1.0185524111367676,"blesk.cz,aktualne.cz,ceskatelevize.cz,irozhlas.cz,denik.cz,e15.cz,lupa.cz,zdravezpravy.cz,oenergetice.cz,pravniprostor.cz"
CZ,Czech Republic,2020-05-01T00:00:00Z,2020-06-01T00:00:00Z,5347,23,0.004301477463998503,-1.975016738634487,24,0.0044884982233027865,-1.9240998765327486,"blesk.cz,aktualne.cz,ceskatelevize.cz,irozhlas.cz,denik.cz,e15.cz,lupa.cz,zdravezpravy.cz,oenergetice.cz,pravniprostor.cz"
CZ,Czech Republic,2020-06-01T00:00:00Z,2020-07-01T00:00:00Z,5255,12,0.002283539486203616,-2.1486043724820263,13,0.0024738344433872504,-2.0155349610392896,"blesk.cz,aktualne.cz,ceskatelevize.cz,irozhlas.cz,denik.cz,e15.cz,lupa.cz,zdravezpravy.cz,oenergetice.cz,pravniprostor.cz"
CZ,Czech Republic,2020-07-01T00:00:00Z,2020-08-01T00:00:00Z,4787,13,0.0027156883225402132,-0.3186888659429745,13,0.0027156883225402132,-0.3186888659429745,"blesk.cz,aktualne.cz,ceskatelevize.cz,irozhlas.cz,denik.cz,e15.cz,lupa.cz,zdravezpravy.cz,oenergetice.cz,pravniprostor.cz"
CZ,Czech Republic,2020-08-01T00:00:00Z,2020-09-01T00:00:00Z,4440,20,0.0045045045045045045,0.6359280006990982,24,0.005405405405405406,0.4026074068594298,"blesk.cz,aktualne.cz,ceskatelevize.cz,irozhlas.cz,denik.cz,e15.cz,lupa.cz,zdravezpravy.cz,oenergetice.cz,pravniprostor.cz"
CZ,Czech Republic,2020-09-01T00:00:00Z,2020-10-01T00:00:00Z,4595,17,0.0036996735582154514,-0.10190796538167768,22,0.004787812840043526,0.054124136425985195,"blesk.cz,aktualne.cz,ceskatelevize.cz,irozhlas.cz,denik.cz,e15.cz,lupa.cz,zdravezpravy.cz,oenergetice.cz,pravniprostor.cz"
CZ,Czech Republic,2020-10-01T00:00:00Z,2020-11-01T00:00:00Z,3482,9,0.002584721424468696,0.13937878138785376,11,0.0031591039632395176,-0.16481353398760695,"blesk.cz,aktualne.cz,ceskatelevize.cz,irozhlas.cz,denik.cz,e15.cz,lupa.cz,zdravezpravy.cz,oenergetice.cz,pravniprostor.cz"
CZ,Czech Republic,2020-11-01T00:00:00Z,2020-12-01T00:00:00Z,3361,5,0.001487652484379649,-0.984613699431257,5,0.001487652484379649,-0.984613699431257,"blesk.cz,aktualne.cz,ceskatelevize.cz,irozhlas.cz,denik.cz,e15.cz,lupa.cz,zdravezpravy.cz,oenergetice.cz,pravniprostor.cz"
CZ,Czech Republic,2020-12-01T00:00:00Z,2021-01-01T00:00:00Z,5401,17,0.003147565265691539,-0.3265997881118945,23,0.00425847065358267,-0.2595629903462489,"blesk.cz,aktualne.cz,ceskatelevize.cz,irozhlas.cz,denik.cz,e15.cz,lupa.cz,zdravezpravy.cz,oenergetice.cz,pravniprostor.cz"
CZ,Czech Republic,2021-01-01T00:00:00Z,2021-02-01T00:00:00Z,5402,23,0.004257682339874121,0.1281908997574291,23,0.004257682339874121,0.1281908997574291,"blesk.cz,aktualne.cz,ceskatelevize.cz,irozhlas.cz,denik.cz,e15.cz,lupa.cz,zdravezpravy.cz,oenergetice.cz,pravniprostor.cz"
CZ,Czech Republic,2021-02-01T00:00:00Z,2021-03-01T00:00:00Z,5168,18,0.00348297213622291,-0.31179325765047083,18,0.00348297213622291,-0.31179325765047083,"blesk.cz,aktualne.cz,ceskatelevize.cz,irozhlas.cz,denik.cz,e15.cz,lupa.cz,zdravezpravy.cz,oenergetice.cz,pravniprostor.cz"
CZ,Czech Republic,2021-03-01T00:00:00Z,2021-04-01T00:00:00Z,5838,12,0.0020554984583761563,-0.05201733995273054,12,0.0020554984583761563,-0.05201733995273054,"blesk.cz,aktualne.cz,ceskatelevize.cz,irozhlas.cz,denik.cz,e15.cz,lupa.cz,zdravezpravy.cz,oenergetice.cz,pravniprostor.cz"
CZ,Czech Republic,2021-04-01T00:00:00Z,2021-05-01T00:00:00Z,5399,18,0.0033339507316169662,-1.1238665312318203,22,0.004074828671976292,-1.1368293813553256,"blesk.cz,aktualne.cz,ceskatelevize.cz,irozhlas.cz,denik.cz,e15.cz,lupa.cz,zdravezpravy.cz,oenergetice.cz,pravniprostor.cz"
CZ,Czech Republic,2021-05-01T00:00:00Z,2021-06-01T00:00:00Z,5481,14,0.002554278416347382,-1.4280520248444764,15,0.002736726874657909,-1.4293969514044464,"blesk.cz,aktualne.cz,ceskatelevize.cz,irozhlas.cz,denik.cz,e15.cz,lupa.cz,zdravezpravy.cz,oenergetice.cz,pravniprostor.cz"
CZ,Czech Republic,2021-06-01T00:00:00Z,2021-07-01T00:00:00Z,5392,19,0.0035237388724035606,-0.8699110676004981,21,0.003894658753709199,-0.9003593354782821,"blesk.cz,aktualne.cz,ceskatelevize.cz,irozhlas.cz,denik.cz,e15.cz,lupa.cz,zdravezpravy.cz,oenergetice.cz,pravniprostor.cz"
CZ,Czech Republic,2021-07-01T00:00:00Z,2021-08-01T00:00:00Z,4813,29,0.0060253480157905675,-2.078853318326583,31,0.006440889258258882,-1.9675309681416009,"blesk.cz,aktualne.cz,ceskatelevize.cz,irozhlas.cz,denik.cz,e15.cz,lupa.cz,zdravezpravy.cz,oenergetice.cz,pravniprostor.cz"
CZ,Czech Republic,2021-08-01T00:00:00Z,2021-09-01T00:00:00Z,4244,7,0.001649387370405278,0.5603632724509674,8,0.001885014137606032,0.5073015590467704,"blesk.cz,aktualne.cz,ceskatelevize.cz,irozhlas.cz,denik.cz,e15.cz,lupa.cz,zdravezpravy.cz,oenergetice.cz,pravniprostor.cz"
CZ,Czech Republic,2021-09-01T00:00:00Z,2021-10-01T00:00:00Z,4990,31,0.006212424849699399,-2.2923600695049413,32,0.006412825651302605,-2.2577060658536223,"blesk.cz,aktualne.cz,ceskatelevize.cz,irozhlas.cz,denik.cz,e15.cz,lupa.cz,zdravezpravy.cz,oenergetice.cz,pravniprostor.cz"
CZ,Czech Republic,2021-10-01T00:00:00Z,2021-11-01T00:00:00Z,5661,19,0.0033562974739445328,-1.0842465825546919,25,0.004416180886769122,-1.0137883761025719,"blesk.cz,aktualne.cz,ceskatelevize.cz,irozhlas.cz,denik.cz,e15.cz,lupa.cz,zdravezpravy.cz,oenergetice.cz,pravniprostor.cz"
CZ,Czech Republic,2021-11-01T00:00:00Z,2021-12-01T00:00:00Z,5771,23,0.003985444463697799,-0.6072023311325192,25,0.004332004851845434,-0.5989434853784481,"blesk.cz,aktualne.cz,ceskatelevize.cz,irozhlas.cz,denik.cz,e15.cz,lupa.cz,zdravezpravy.cz,oenergetice.cz,pravniprostor.cz"
CZ,Czech Republic,2021-12-01T00:00:00Z,2022-01-01T00:00:00Z,5380,18,0.003345724907063197,-0.40110319680597467,20,0.0037174721189591076,-0.33628931981312415,"blesk.cz,aktualne.cz,ceskatelevize.cz,irozhlas.cz,denik.cz,e15.cz,lupa.cz,zdravezpravy.cz,oenergetice.cz,pravniprostor.cz"
CZ,Czech Republic,2022-01-01T00:00:00Z,2022-02-01T00:00:00Z,4596,24,0.005221932114882507,-0.28829037692194787,26,0.005657093124456049,-0.4150648779030728,"blesk.cz,aktualne.cz,ceskatelevize.cz,irozhlas.cz,denik.cz,e15.cz,lupa.cz,zdravezpravy.cz,oenergetice.cz,pravniprostor.cz"
CZ,Czech Republic,2022-02-01T00:00:00Z,2022-03-01T00:00:00Z,3892,18,0.0046248715313463515,-0.6207742544172856,21,0.00539568345323741,-0.5776849001067352,"blesk.cz,aktualne.cz,ceskatelevize.cz,irozhlas.cz,denik.cz,e15.cz,lupa.cz,zdravezpravy.cz,oenergetice.cz,pravniprostor.cz"
CZ,Czech Republic,2022-03-01T00:00:00Z,2022-04-01T00:00:00Z,4447,15,0.0033730604902181245,-0.8604537922976722,18,0.00404767258826175,-1.1056087425172547,"blesk.cz,aktualne.cz,ceskatelevize.cz,irozhlas.cz,denik.cz,e15.cz,lupa.cz,zdravezpravy.cz,oenergetice.cz,pravniprostor.cz"
CZ,Czech Republic,2022-04-01T00:00:00Z,2022-05-01T00:00:00Z,2405,10,0.004158004158004158,-0.07358521496864423,10,0.004158004158004158,-0.07358521496864423,"blesk.cz,aktualne.cz,ceskatelevize.cz,irozhlas.cz,denik.cz,e15.cz,lupa.cz,zdravezpravy.cz,oenergetice.cz,pravniprostor.cz"
CZ,Czech Republic,2022-05-01T00:00:00Z,2022-06-01T00:00:00Z,1374,4,0.002911208151382824,-0.10406899196581326,4,0.002911208151382824,-0.10406899196581326,"blesk.cz,aktualne.cz,ceskatelevize.cz,irozhlas.cz,denik.cz,e15.cz,lupa.cz,zdravezpravy.cz,oenergetice.cz,pravniprostor.cz"
CZ,Czech Republic,2022-06-01T00:00:00Z,2022-07-01T00:00:00Z,13891,99,0.007126916708660284,1.427014841173728,102,0.007342883881649989,1.408954205435289,"blesk.cz,aktualne.cz,ceskatelevize.cz,irozhlas.cz,denik.cz,e15.cz,lupa.cz,zdravezpravy.cz,oenergetice.cz,pravniprostor.cz"
CZ,Czech Republic,2022-07-01T00:00:00Z,2022-08-01T00:00:00Z,15066,53,0.003517854772335059,2.6737617066095476,53,0.003517854772335059,2.6737617066095476,"blesk.cz,aktualne.cz,ceskatelevize.cz,irozhlas.cz,denik.cz,e15.cz,lupa.cz,zdravezpravy.cz,oenergetice.cz,pravniprostor.cz"
CZ,Czech Republic,2022-08-01T00:00:00Z,2022-09-01T00:00:00Z,16649,50,0.0030031833743768394,0.7265635728910809,52,0.003123310709351913,0.6077381961725001,"blesk.cz,aktualne.cz,ceskatelevize.cz,irozhlas.cz,denik.cz,e15.cz,lupa.cz,zdravezpravy.cz,oenergetice.cz,pravniprostor.cz"
CZ,Czech Republic,2022-09-01T00:00:00Z,2022-10-01T00:00:00Z,17791,32,0.0017986622449553144,0.018152479285571746,32,0.0017986622449553144,0.018152479285571746,"blesk.cz,aktualne.cz,ceskatelevize.cz,irozhlas.cz,denik.cz,e15.cz,lupa.cz,zdravezpravy.cz,oenergetice.cz,pravniprostor.cz"
CZ,Czech Republic,2022-10-01T00:00:00Z,2022-11-01T00:00:00Z,18072,115,0.006363435148295706,-0.031162577862581316,117,0.006474103585657371,-0.043320320076924115,"blesk.cz,aktualne.cz,ceskatelevize.cz,irozhlas.cz,denik.cz,e15.cz,lupa.cz,zdravezpravy.cz,oenergetice.cz,pravniprostor.cz"
CZ,Czech Republic,2022-11-01T00:00:00Z,2022-12-01T00:00:00Z,17749,127,0.007155332694799707,0.09568065936234442,128,0.007211673897120964,0.1085512734771312,"blesk.cz,aktualne.cz,ceskatelevize.cz,irozhlas.cz,denik.cz,e15.cz,lupa.cz,zdravezpravy.cz,oenergetice.cz,pravniprostor.cz"
CZ,Czech Republic,2022-12-01T00:00:00Z,2023-01-01T00:00:00Z,17962,45,0.002505288943324797,-0.256346903691939,49,0.0027279812938425566,-0.3057693746942708,"blesk.cz,aktualne.cz,ceskatelevize.cz,irozhlas.cz,denik.cz,e15.cz,lupa.cz,zdravezpravy.cz,oenergetice.cz,pravniprostor.cz"
CZ,Czech Republic,2023-01-01T00:00:00Z,2023-02-01T00:00:00Z,19600,65,0.0033163265306122448,-0.545157393795444,67,0.0034183673469387753,-0.5519799787458356,"blesk.cz,aktualne.cz,ceskatelevize.cz,irozhlas.cz,denik.cz,e15.cz,lupa.cz,zdravezpravy.cz,oenergetice.cz,pravniprostor.cz"
CZ,Czech Republic,2023-02-01T00:00:00Z,2023-03-01T00:00:00Z,16833,99,0.0058813045802887185,-0.05220726680358473,102,0.0060595259312065585,-0.06298599171880205,"blesk.cz,aktualne.cz,ceskatelevize.cz,irozhlas.cz,denik.cz,e15.cz,lupa.cz,zdravezpravy.cz,oenergetice.cz,pravniprostor.cz"
CZ,Czech Republic,2023-03-01T00:00:00Z,2023-04-01T00:00:00Z,17435,126,0.007226842558072842,-0.23140244720973235,137,0.007857757384571265,-0.23177155398905114,"blesk.cz,aktualne.cz,ceskatelevize.cz,irozhlas.cz,denik.cz,e15.cz,lupa.cz,zdravezpravy.cz,oenergetice.cz,pravniprostor.cz"
CZ,Czech Republic,2023-04-01T00:00:00Z,2023-05-01T00:00:00Z,20004,98,0.004899020195960808,-0.7717931270303758,105,0.005248950209958008,-0.8240387796065749,"blesk.cz,aktualne.cz,ceskatelevize.cz,irozhlas.cz,denik.cz,e15.cz,lupa.cz,zdravezpravy.cz,oenergetice.cz,pravniprostor.cz"
CZ,Czech Republic,2023-05-01T00:00:00Z,2023-06-01T00:00:00Z,21462,156,0.00726866088901314,0.7106851799381609,157,0.007315254869070916,0.7030514853013013,"blesk.cz,aktualne.cz,ceskatelevize.cz,irozhlas.cz,denik.cz,e15.cz,lupa.cz,zdravezpravy.cz,oenergetice.cz,pravniprostor.cz"
CZ,Czech Republic,2023-06-01T00:00:00Z,2023-07-01T00:00:00Z,20715,67,0.003234371228578325,1.05922963514989,68,0.0032826454260197926,1.0536567303512674,"blesk.cz,aktualne.cz,ceskatelevize.cz,irozhlas.cz,denik.cz,e15.cz,lupa.cz,zdravezpravy.cz,oenergetice.cz,pravniprostor.cz"
CZ,Czech Republic,2023-07-01T00:00:00Z,2023-08-01T00:00:00Z,19435,127,0.006534602521224595,-0.7987567167849288,132,0.0067918703370208385,-0.8225822796421478,"blesk.cz,aktualne.cz,ceskatelevize.cz,irozhlas.cz,denik.cz,e15.cz,lupa.cz,zdravezpravy.cz,oenergetice.cz,pravniprostor.cz"
CZ,Czech Republic,2023-08-01T00:00:00Z,2023-09-01T00:00:00Z,20121,67,0.0033298543809949805,0.8145685021432421,97,0.004820833954574822,-0.2778286231674672,"blesk.cz,aktualne.cz,ceskatelevize.cz,irozhlas.cz,denik.cz,e15.cz,lupa.cz,zdravezpravy.cz,oenergetice.cz,pravniprostor.cz"
CZ,Czech Republic,2023-09-01T00:00:00Z,2023-10-01T00:00:00Z,19600,127,0.0064795918367346935,1.1291128036360236,129,0.0065816326530612245,1.1004738270017238,"blesk.cz,aktualne.cz,ceskatelevize.cz,irozhlas.cz,denik.cz,e15.cz,lupa.cz,zdravezpravy.cz,oenergetice.cz,pravniprostor.cz"
CZ,Czech Republic,2023-10-01T00:00:00Z,2023-11-01T00:00:00Z,20411,230,0.011268433687717407,1.047837734873735,230,0.011268433687717407,1.047837734873735,"blesk.cz,aktualne.cz,ceskatelevize.cz,irozhlas.cz,denik.cz,e15.cz,lupa.cz,zdravezpravy.cz,oenergetice.cz,pravniprostor.cz"
CZ,Czech Republic,2023-11-01T00:00:00Z,2023-12-01T00:00:00Z,19540,198,0.010133060388945752,0.34991299005835036,200,0.01023541453428864,0.3529217197128987,"blesk.cz,aktualne.cz,ceskatelevize.cz,irozhlas.cz,denik.cz,e15.cz,lupa.cz,zdravezpravy.cz,oenergetice.cz,pravniprostor.cz"
CZ,Czech Republic,2023-12-01T00:00:00Z,2024-01-01T00:00:00Z,18619,112,0.006015360653096299,-0.5321078849684036,115,0.0061764863848756645,-0.5488372792137696,"blesk.cz,aktualne.cz,ceskatelevize.cz,irozhlas.cz,denik.cz,e15.cz,lupa.cz,zdravezpravy.cz,oenergetice.cz,pravniprostor.cz"
CZ,Czech Republic,2024-01-01T00:00:00Z,2024-02-01T00:00:00Z,19763,199,0.010069321459292617,-0.18163926426869134,205,0.010372919091231088,-0.20329898890180761,"blesk.cz,aktualne.cz,ceskatelevize.cz,irozhlas.cz,denik.cz,e15.cz,lupa.cz,zdravezpravy.cz,oenergetice.cz,pravniprostor.cz"
CZ,Czech Republic,2024-02-01T00:00:00Z,2024-03-01T00:00:00Z,17970,292,0.016249304396215917,0.02722203230078482,295,0.016416249304396217,0.0012433354346319536,"blesk.cz,aktualne.cz,ceskatelevize.cz,irozhlas.cz,denik.cz,e15.cz,lupa.cz,zdravezpravy.cz,oenergetice.cz,pravniprostor.cz"
CZ,Czech Republic,2024-03-01T00:00:00Z,2024-04-01T00:00:00Z,17523,165,0.009416195856873822,-0.7016360778668642,166,0.009473263710551846,-0.6926509845334382,"blesk.cz,aktualne.cz,ceskatelevize.cz,irozhlas.cz,denik.cz,e15.cz,lupa.cz,zdravezpravy.cz,oenergetice.cz,pravniprostor.cz"
CZ,Czech Republic,2024-04-01T00:00:00Z,2024-05-01T00:00:00Z,17216,197,0.011442843866171004,1.2513636139998143,198,0.01150092936802974,1.2221445804049493,"blesk.cz,aktualne.cz,ceskatelevize.cz,irozhlas.cz,denik.cz,e15.cz,lupa.cz,zdravezpravy.cz,oenergetice.cz,pravniprostor.cz"
CZ,Czech Republic,2024-05-01T00:00:00Z,2024-06-01T00:00:00Z,17577,120,0.006827103601297149,2.825092077056586,127,0.007225351311372817,2.4692504928954935,"blesk.cz,aktualne.cz,ceskatelevize.cz,irozhlas.cz,denik.cz,e15.cz,lupa.cz,zdravezpravy.cz,oenergetice.cz,pravniprostor.cz"
CZ,Czech Republic,2024-06-01T00:00:00Z,2024-07-01T00:00:00Z,16425,98,0.0059665144596651445,0.7372303025128104,100,0.0060882800608828,0.7514866215319344,"blesk.cz,aktualne.cz,ceskatelevize.cz,irozhlas.cz,denik.cz,e15.cz,lupa.cz,zdravezpravy.cz,oenergetice.cz,pravniprostor.cz"
CZ,Czech Republic,2024-07-01T00:00:00Z,2024-08-01T00:00:00Z,16457,113,0.0068663790484292395,0.6348434339099298,114,0.006927143464787021,0.6405689621043047,"blesk.cz,aktualne.cz,ceskatelevize.cz,irozhlas.cz,denik.cz,e15.cz,lupa.cz,zdravezpravy.cz,oenergetice.cz,pravniprostor.cz"
CZ,Czech Republic,2024-08-01T00:00:00Z,2024-09-01T00:00:00Z,17684,68,0.0038452838724270526,1.2182230505283769,72,0.00407147704139335,0.9609611252593305,"blesk.cz,aktualne.cz,ceskatelevize.cz,irozhlas.cz,denik.cz,e15.cz,lupa.cz,zdravezpravy.cz,oenergetice.cz,pravniprostor.cz"
CZ,Czech Republic,2024-09-01T00:00:00Z,2024-10-01T00:00:00Z,17652,103,0.0058350328574665765,1.6898805035005837,103,0.0058350328574665765,1.6898805035005837,"blesk.cz,aktualne.cz,ceskatelevize.cz,irozhlas.cz,denik.cz,e15.cz,lupa.cz,zdravezpravy.cz,oenergetice.cz,pravniprostor.cz"
CZ,Czech Republic,2024-10-01T00:00:00Z,2024-11-01T00:00:00Z,17645,138,0.007820912439784642,0.09244717540290247,142,0.008047605553981298,-0.03226256320577267,"blesk.cz,aktualne.cz,ceskatelevize.cz,irozhlas.cz,denik.cz,e15.cz,lupa.cz,zdravezpravy.cz,oenergetice.cz,pravniprostor.cz"
CZ,Czech Republic,2024-11-01T00:00:00Z,2024-12-01T00:00:00Z,17830,155,0.008693213684800897,1.5181296654877234,157,0.008805384183959618,1.469438344356084,"blesk.cz,aktualne.cz,ceskatelevize.cz,irozhlas.cz,denik.cz,e15.cz,lupa.cz,zdravezpravy.cz,oenergetice.cz,pravniprostor.cz"
CZ,Czech Republic,2024-12-01T00:00:00Z,2025-01-01T00:00:00Z,15979,173,0.010826710056949747,0.5388626535314056,174,0.010889292196007259,0.5314500022275372,"blesk.cz,aktualne.cz,ceskatelevize.cz,irozhlas.cz,denik.cz,e15.cz,lupa.cz,zdravezpravy.cz,oenergetice.cz,pravniprostor.cz"
CZ,Czech Republic,2025-01-01T00:00:00Z,2025-02-01T00:00:00Z,18172,232,0.012766894122826326,0.5193885288549712,232,0.012766894122826326,0.5193885288549712,"blesk.cz,aktualne.cz,ceskatelevize.cz,irozhlas.cz,denik.cz,e15.cz,lupa.cz,zdravezpravy.cz,oenergetice.cz,pravniprostor.cz"
CZ,Czech Republic,2025-02-01T00:00:00Z,2025-03-01T00:00:00Z,16230,147,0.009057301293900186,0.46053018449069794,148,0.009118915588416513,0.42271165606942346,"blesk.cz,aktualne.cz,ceskatelevize.cz,irozhlas.cz,denik.cz,e15.cz,lupa.cz,zdravezpravy.cz,oenergetice.cz,pravniprostor.cz"
CZ,Czech Republic,2025-03-01T00:00:00Z,2025-04-01T00:00:00Z,15567,131,0.008415237361084345,0.45962856855282747,131,0.008415237361084345,0.45962856855282747,"blesk.cz,aktualne.cz,ceskatelevize.cz,irozhlas.cz,denik.cz,e15.cz,lupa.cz,zdravezpravy.cz,oenergetice.cz,pravniprostor.cz"
CZ,Czech Republic,2025-04-01T00:00:00Z,2025-05-01T00:00:00Z,10645,75,0.007045561296383279,0.25617430823804227,77,0.0072334429309535,0.19000871645493733,"blesk.cz,aktualne.cz,ceskatelevize.cz,irozhlas.cz,denik.cz,e15.cz,lupa.cz,zdravezpravy.cz,oenergetice.cz,pravniprostor.cz"
CZ,Czech Republic,2025-05-01T00:00:00Z,2025-06-01T00:00:00Z,10484,53,0.005055322396032048,0.18044016290374462,53,0.005055322396032048,0.18044016290374462,"blesk.cz,aktualne.cz,ceskatelevize.cz,irozhlas.cz,denik.cz,e15.cz,lupa.cz,zdravezpravy.cz,oenergetice.cz,pravniprostor.cz"
CZ,Czech Republic,2025-06-01T00:00:00Z,2025-07-01T00:00:00Z,4913,23,0.004681457358029717,1.1375007177330696,23,0.004681457358029717,1.1375007177330696,"blesk.cz,aktualne.cz,ceskatelevize.cz,irozhlas.cz,denik.cz,e15.cz,lupa.cz,zdravezpravy.cz,oenergetice.cz,pravniprostor.cz"
CZ,Czech Republic,2025-07-01T00:00:00Z,2025-08-01T00:00:00Z,10312,50,0.004848719937936384,1.1942646918542803,50,0.004848719937936384,1.1942646918542803,"blesk.cz,aktualne.cz,ceskatelevize.cz,irozhlas.cz,denik.cz,e15.cz,lupa.cz,zdravezpravy.cz,oenergetice.cz,pravniprostor.cz"
CZ,Czech Republic,2025-08-01T00:00:00Z,2025-09-01T00:00:00Z,9822,43,0.004377927102423132,-0.06941047773376371,45,0.004581551618814905,-0.3512749829321945,"blesk.cz,aktualne.cz,ceskatelevize.cz,irozhlas.cz,denik.cz,e15.cz,lupa.cz,zdravezpravy.cz,oenergetice.cz,pravniprostor.cz"
CZ,Czech Republic,2025-09-01T00:00:00Z,2025-10-01T00:00:00Z,11401,48,0.004210157003771599,1.0417508728126177,48,0.004210157003771599,1.0417508728126177,"blesk.cz,aktualne.cz,ceskatelevize.cz,irozhlas.cz,denik.cz,e15.cz,lupa.cz,zdravezpravy.cz,oenergetice.cz,pravniprostor.cz"
CZ,Czech Republic,2025-10-01T00:00:00Z,2025-11-01T00:00:00Z,10261,73,0.007114316343436312,-0.16089219384686582,74,0.007211772731702563,-0.20150482518581025,"blesk.cz,aktualne.cz,ceskatelevize.cz,irozhlas.cz,denik.cz,e15.cz,lupa.cz,zdravezpravy.cz,oenergetice.cz,pravniprostor.cz"
CZ,Czech Republic,2025-11-01T00:00:00Z,2025-12-01T00:00:00Z,9955,45,0.0045203415369161224,-0.6888874061492908,45,0.0045203415369161224,-0.6888874061492908,"blesk.cz,aktualne.cz,ceskatelevize.cz,irozhlas.cz,denik.cz,e15.cz,lupa.cz,zdravezpravy.cz,oenergetice.cz,pravniprostor.cz"
CZ,Czech Republic,2025-12-01T00:00:00Z,2026-01-01T00:00:00Z,8601,46,0.005348215323799558,0.9253246509122571,49,0.005697011975351703,0.5277886573843322,"blesk.cz,aktualne.cz,ceskatelevize.cz,irozhlas.cz,denik.cz,e15.cz,lupa.cz,zdravezpravy.cz,oenergetice.cz,pravniprostor.cz"
CZ,Czech Republic,2026-01-01T00:00:00Z,2026-02-01T00:00:00Z,9425,63,0.006684350132625995,0.01141194263214261,64,0.006790450928381963,0.025100109447232566,"blesk.cz,aktualne.cz,ceskatelevize.cz,irozhlas.cz,denik.cz,e15.cz,lupa.cz,zdravezpravy.cz,oenergetice.cz,pravniprostor.cz"
CZ,Czech Republic,2026-02-01T00:00:00Z,2026-03-01T00:00:00Z,8569,54,0.006301785505893337,0.22226041574942074,54,0.006301785505893337,0.22226041574942074,"blesk.cz,aktualne.cz,ceskatelevize.cz,irozhlas.cz,denik.cz,e15.cz,lupa.cz,zdravezpravy.cz,oenergetice.cz,pravniprostor.cz"
CZ,Czech Republic,2026-03-01T00:00:00Z,2026-04-01T00:00:00Z,3387,15,0.0044286979627989375,0.6985982073790844,16,0.0047239444936522,0.6282264177084896,"blesk.cz,aktualne.cz,ceskatelevize.cz,irozhlas.cz,denik.cz,e15.cz,lupa.cz,zdravezpravy.cz,oenergetice.cz,pravniprostor.cz"
FI,Finland,2018-06-01T00:00:00Z,2018-07-01T00:00:00Z,19457,86,0.004420003083723082,-0.9017962878380358,86,0.004420003083723082,-0.9017962878380358,"yle.fi,hs.fi,iltasanomat.fi,mtvuutiset.fi,is.fi,kauppalehti.fi,tivi.fi,mediuutiset.fi,energiauutiset.fi,edilex.fi"
FI,Finland,2018-07-01T00:00:00Z,2018-08-01T00:00:00Z,13159,64,0.004863591458317502,0.12205079196807311,64,0.004863591458317502,0.12205079196807311,"yle.fi,hs.fi,iltasanomat.fi,mtvuutiset.fi,is.fi,kauppalehti.fi,tivi.fi,mediuutiset.fi,energiauutiset.fi,edilex.fi"
FI,Finland,2018-08-01T00:00:00Z,2018-09-01T00:00:00Z,11519,34,0.002951645108082299,-0.42459413826220666,34,0.002951645108082299,-0.42459413826220666,"yle.fi,hs.fi,iltasanomat.fi,mtvuutiset.fi,is.fi,kauppalehti.fi,tivi.fi,mediuutiset.fi,energiauutiset.fi,edilex.fi"
FI,Finland,2018-09-01T00:00:00Z,2018-10-01T00:00:00Z,11861,53,0.0044684259337324,0.537524251940088,53,0.0044684259337324,0.537524251940088,"yle.fi,hs.fi,iltasanomat.fi,mtvuutiset.fi,is.fi,kauppalehti.fi,tivi.fi,mediuutiset.fi,energiauutiset.fi,edilex.fi"
FI,Finland,2018-10-01T00:00:00Z,2018-11-01T00:00:00Z,13711,55,0.0040113777259135,0.07187593672709004,55,0.0040113777259135,0.07187593672709004,"yle.fi,hs.fi,iltasanomat.fi,mtvuutiset.fi,is.fi,kauppalehti.fi,tivi.fi,mediuutiset.fi,energiauutiset.fi,edilex.fi"
FI,Finland,2018-11-01T00:00:00Z,2018-12-01T00:00:00Z,15104,66,0.004369703389830508,-0.2861047286869657,66,0.004369703389830508,-0.2861047286869657,"yle.fi,hs.fi,iltasanomat.fi,mtvuutiset.fi,is.fi,kauppalehti.fi,tivi.fi,mediuutiset.fi,energiauutiset.fi,edilex.fi"
FI,Finland,2018-12-01T00:00:00Z,2019-01-01T00:00:00Z,12526,49,0.003911863324285486,0.0948625526115002,49,0.003911863324285486,0.0948625526115002,"yle.fi,hs.fi,iltasanomat.fi,mtvuutiset.fi,is.fi,kauppalehti.fi,tivi.fi,mediuutiset.fi,energiauutiset.fi,edilex.fi"
FI,Finland,2019-01-01T00:00:00Z,2019-02-01T00:00:00Z,14693,112,0.007622677465459742,-2.7392082085817893,112,0.007622677465459742,-2.7392082085817893,"yle.fi,hs.fi,iltasanomat.fi,mtvuutiset.fi,is.fi,kauppalehti.fi,tivi.fi,mediuutiset.fi,energiauutiset.fi,edilex.fi"
FI,Finland,2019-02-01T00:00:00Z,2019-03-01T00:00:00Z,14006,54,0.0038554905040696845,-0.8365311282014516,54,0.0038554905040696845,-0.8365311282014516,"yle.fi,hs.fi,iltasanomat.fi,mtvuutiset.fi,is.fi,kauppalehti.fi,tivi.fi,mediuutiset.fi,energiauutiset.fi,edilex.fi"
FI,Finland,2019-03-01T00:00:00Z,2019-04-01T00:00:00Z,14734,45,0.0030541604452287226,0.34401561678649994,45,0.0030541604452287226,0.34401561678649994,"yle.fi,hs.fi,iltasanomat.fi,mtvuutiset.fi,is.fi,kauppalehti.fi,tivi.fi,mediuutiset.fi,energiauutiset.fi,edilex.fi"
FI,Finland,2019-04-01T00:00:00Z,2019-05-01T00:00:00Z,13685,30,0.0021921812203142127,-0.5215680095955307,31,0.00226525392765802,-0.43841824262938023,"yle.fi,hs.fi,iltasanomat.fi,mtvuutiset.fi,is.fi,kauppalehti.fi,tivi.fi,mediuutiset.fi,energiauutiset.fi,edilex.fi"
FI,Finland,2019-05-01T00:00:00Z,2019-06-01T00:00:00Z,14393,59,0.004099214896130063,-2.7413581524138637,61,0.004238171333287015,-2.7766506910257247,"yle.fi,hs.fi,iltasanomat.fi,mtvuutiset.fi,is.fi,kauppalehti.fi,tivi.fi,mediuutiset.fi,energiauutiset.fi,edilex.fi"
FI,Finland,2019-06-01T00:00:00Z,2019-07-01T00:00:00Z,13282,58,0.004366812227074236,-0.7128685903780521,58,0.004366812227074236,-0.7128685903780521,"yle.fi,hs.fi,iltasanomat.fi,mtvuutiset.fi,is.fi,kauppalehti.fi,tivi.fi,mediuutiset.fi,energiauutiset.fi,edilex.fi"
FI,Finland,2019-07-01T00:00:00Z,2019-08-01T00:00:00Z,12824,39,0.0030411728009981285,-0.9570500221721263,39,0.0030411728009981285,-0.9570500221721263,"yle.fi,hs.fi,iltasanomat.fi,mtvuutiset.fi,is.fi,kauppalehti.fi,tivi.fi,mediuutiset.fi,energiauutiset.fi,edilex.fi"
FI,Finland,2019-08-01T00:00:00Z,2019-09-01T00:00:00Z,12575,24,0.0019085487077534792,-0.2331247549902799,24,0.0019085487077534792,-0.2331247549902799,"yle.fi,hs.fi,iltasanomat.fi,mtvuutiset.fi,is.fi,kauppalehti.fi,tivi.fi,mediuutiset.fi,energiauutiset.fi,edilex.fi"
FI,Finland,2019-09-01T00:00:00Z,2019-10-01T00:00:00Z,14414,30,0.002081309837657833,-0.9091112560305019,30,0.002081309837657833,-0.9091112560305019,"yle.fi,hs.fi,iltasanomat.fi,mtvuutiset.fi,is.fi,kauppalehti.fi,tivi.fi,mediuutiset.fi,energiauutiset.fi,edilex.fi"
FI,Finland,2019-10-01T00:00:00Z,2019-11-01T00:00:00Z,14190,32,0.002255109231853418,-0.5423680126576526,32,0.002255109231853418,-0.5423680126576526,"yle.fi,hs.fi,iltasanomat.fi,mtvuutiset.fi,is.fi,kauppalehti.fi,tivi.fi,mediuutiset.fi,energiauutiset.fi,edilex.fi"
FI,Finland,2019-11-01T00:00:00Z,2019-12-01T00:00:00Z,13712,21,0.0015315052508751458,-0.49458900174332465,21,0.0015315052508751458,-0.49458900174332465,"yle.fi,hs.fi,iltasanomat.fi,mtvuutiset.fi,is.fi,kauppalehti.fi,tivi.fi,mediuutiset.fi,energiauutiset.fi,edilex.fi"
FI,Finland,2019-12-01T00:00:00Z,2020-01-01T00:00:00Z,12110,41,0.003385631709331131,-0.9248694255680439,41,0.003385631709331131,-0.9248694255680439,"yle.fi,hs.fi,iltasanomat.fi,mtvuutiset.fi,is.fi,kauppalehti.fi,tivi.fi,mediuutiset.fi,energiauutiset.fi,edilex.fi"
FI,Finland,2020-01-01T00:00:00Z,2020-02-01T00:00:00Z,12753,52,0.004077471967380225,-0.5204121252338342,52,0.004077471967380225,-0.5204121252338342,"yle.fi,hs.fi,iltasanomat.fi,mtvuutiset.fi,is.fi,kauppalehti.fi,tivi.fi,mediuutiset.fi,energiauutiset.fi,edilex.fi"
FI,Finland,2020-02-01T00:00:00Z,2020-03-01T00:00:00Z,12150,45,0.003703703703703704,-0.5492758151582433,45,0.003703703703703704,-0.5492758151582433,"yle.fi,hs.fi,iltasanomat.fi,mtvuutiset.fi,is.fi,kauppalehti.fi,tivi.fi,mediuutiset.fi,energiauutiset.fi,edilex.fi"
FI,Finland,2020-03-01T00:00:00Z,2020-04-01T00:00:00Z,11889,24,0.0020186727226848347,-1.775875651738189,24,0.0020186727226848347,-1.775875651738189,"yle.fi,hs.fi,iltasanomat.fi,mtvuutiset.fi,is.fi,kauppalehti.fi,tivi.fi,mediuutiset.fi,energiauutiset.fi,edilex.fi"
FI,Finland,2020-04-01T00:00:00Z,2020-05-01T00:00:00Z,11127,26,0.0023366585782331264,-0.9562396375497045,26,0.0023366585782331264,-0.9562396375497045,"yle.fi,hs.fi,iltasanomat.fi,mtvuutiset.fi,is.fi,kauppalehti.fi,tivi.fi,mediuutiset.fi,energiauutiset.fi,edilex.fi"
FI,Finland,2020-05-01T00:00:00Z,2020-06-01T00:00:00Z,10651,11,0.0010327668763496385,-1.0344483501759962,12,0.0011266547741996056,-1.2213025734218474,"yle.fi,hs.fi,iltasanomat.fi,mtvuutiset.fi,is.fi,kauppalehti.fi,tivi.fi,mediuutiset.fi,energiauutiset.fi,edilex.fi"
FI,Finland,2020-06-01T00:00:00Z,2020-07-01T00:00:00Z,9598,29,0.0030214628047509897,-1.0618782477640532,30,0.0031256511773286103,-1.337593417283029,"yle.fi,hs.fi,iltasanomat.fi,mtvuutiset.fi,is.fi,kauppalehti.fi,tivi.fi,mediuutiset.fi,energiauutiset.fi,edilex.fi"
FI,Finland,2020-07-01T00:00:00Z,2020-08-01T00:00:00Z,8790,8,0.0009101251422070534,-2.257809289212811,8,0.0009101251422070534,-2.257809289212811,"yle.fi,hs.fi,iltasanomat.fi,mtvuutiset.fi,is.fi,kauppalehti.fi,tivi.fi,mediuutiset.fi,energiauutiset.fi,edilex.fi"
FI,Finland,2020-08-01T00:00:00Z,2020-09-01T00:00:00Z,8848,13,0.001469258589511754,-1.158034062857639,13,0.001469258589511754,-1.158034062857639,"yle.fi,hs.fi,iltasanomat.fi,mtvuutiset.fi,is.fi,kauppalehti.fi,tivi.fi,mediuutiset.fi,energiauutiset.fi,edilex.fi"
FI,Finland,2020-09-01T00:00:00Z,2020-10-01T00:00:00Z,8144,4,0.0004911591355599214,0.5012373631091966,4,0.0004911591355599214,0.5012373631091966,"yle.fi,hs.fi,iltasanomat.fi,mtvuutiset.fi,is.fi,kauppalehti.fi,tivi.fi,mediuutiset.fi,energiauutiset.fi,edilex.fi"
FI,Finland,2020-10-01T00:00:00Z,2020-11-01T00:00:00Z,5983,12,0.0020056827678422194,-1.8373981621368924,12,0.0020056827678422194,-1.8373981621368924,"yle.fi,hs.fi,iltasanomat.fi,mtvuutiset.fi,is.fi,kauppalehti.fi,tivi.fi,mediuutiset.fi,energiauutiset.fi,edilex.fi"
FI,Finland,2020-11-01T00:00:00Z,2020-12-01T00:00:00Z,6094,12,0.001969149983590417,-0.26766200018607195,12,0.001969149983590417,-0.26766200018607195,"yle.fi,hs.fi,iltasanomat.fi,mtvuutiset.fi,is.fi,kauppalehti.fi,tivi.fi,mediuutiset.fi,energiauutiset.fi,edilex.fi"
FI,Finland,2020-12-01T00:00:00Z,2021-01-01T00:00:00Z,9260,20,0.0021598272138228943,-0.7439231457891131,20,0.0021598272138228943,-0.7439231457891131,"yle.fi,hs.fi,iltasanomat.fi,mtvuutiset.fi,is.fi,kauppalehti.fi,tivi.fi,mediuutiset.fi,energiauutiset.fi,edilex.fi"
FI,Finland,2021-01-01T00:00:00Z,2021-02-01T00:00:00Z,9510,13,0.001366982124079916,-0.9048575820180436,13,0.001366982124079916,-0.9048575820180436,"yle.fi,hs.fi,iltasanomat.fi,mtvuutiset.fi,is.fi,kauppalehti.fi,tivi.fi,mediuutiset.fi,energiauutiset.fi,edilex.fi"
FI,Finland,2021-02-01T00:00:00Z,2021-03-01T00:00:00Z,8977,15,0.0016709368385875013,0.4435768235004953,15,0.0016709368385875013,0.4435768235004953,"yle.fi,hs.fi,iltasanomat.fi,mtvuutiset.fi,is.fi,kauppalehti.fi,tivi.fi,mediuutiset.fi,energiauutiset.fi,edilex.fi"
FI,Finland,2021-03-01T00:00:00Z,2021-04-01T00:00:00Z,9597,13,0.0013545899760341773,-1.9475818104091143,13,0.0013545899760341773,-1.9475818104091143,"yle.fi,hs.fi,iltasanomat.fi,mtvuutiset.fi,is.fi,kauppalehti.fi,tivi.fi,mediuutiset.fi,energiauutiset.fi,edilex.fi"
FI,Finland,2021-04-01T00:00:00Z,2021-05-01T00:00:00Z,8176,18,0.002201565557729941,-0.9485628477810253,18,0.002201565557729941,-0.9485628477810253,"yle.fi,hs.fi,iltasanomat.fi,mtvuutiset.fi,is.fi,kauppalehti.fi,tivi.fi,mediuutiset.fi,energiauutiset.fi,edilex.fi"
FI,Finland,2021-05-01T00:00:00Z,2021-06-01T00:00:00Z,8827,18,0.0020391979154865754,-0.46276943513405855,18,0.0020391979154865754,-0.46276943513405855,"yle.fi,hs.fi,iltasanomat.fi,mtvuutiset.fi,is.fi,kauppalehti.fi,tivi.fi,mediuutiset.fi,energiauutiset.fi,edilex.fi"
FI,Finland,2021-06-01T00:00:00Z,2021-07-01T00:00:00Z,8473,23,0.0027145048979110116,-0.14617128612628763,23,0.0027145048979110116,-0.14617128612628763,"yle.fi,hs.fi,iltasanomat.fi,mtvuutiset.fi,is.fi,kauppalehti.fi,tivi.fi,mediuutiset.fi,energiauutiset.fi,edilex.fi"
FI,Finland,2021-07-01T00:00:00Z,2021-08-01T00:00:00Z,7869,18,0.002287457110179184,-4.02549409763747,18,0.002287457110179184,-4.02549409763747,"yle.fi,hs.fi,iltasanomat.fi,mtvuutiset.fi,is.fi,kauppalehti.fi,tivi.fi,mediuutiset.fi,energiauutiset.fi,edilex.fi"
FI,Finland,2021-08-01T00:00:00Z,2021-09-01T00:00:00Z,5361,11,0.0020518559970154823,-1.9541193590767625,11,0.0020518559970154823,-1.9541193590767625,"yle.fi,hs.fi,iltasanomat.fi,mtvuutiset.fi,is.fi,kauppalehti.fi,tivi.fi,mediuutiset.fi,energiauutiset.fi,edilex.fi"
FI,Finland,2021-09-01T00:00:00Z,2021-10-01T00:00:00Z,5560,18,0.003237410071942446,-1.5120667727787416,18,0.003237410071942446,-1.5120667727787416,"yle.fi,hs.fi,iltasanomat.fi,mtvuutiset.fi,is.fi,kauppalehti.fi,tivi.fi,mediuutiset.fi,energiauutiset.fi,edilex.fi"
FI,Finland,2021-10-01T00:00:00Z,2021-11-01T00:00:00Z,6204,10,0.0016118633139909735,0.07821879919883057,11,0.0017730496453900709,0.05469841607507736,"yle.fi,hs.fi,iltasanomat.fi,mtvuutiset.fi,is.fi,kauppalehti.fi,tivi.fi,mediuutiset.fi,energiauutiset.fi,edilex.fi"
FI,Finland,2021-11-01T00:00:00Z,2021-12-01T00:00:00Z,5816,15,0.002579092159559835,-1.4887115817669603,16,0.002751031636863824,-1.609787478276896,"yle.fi,hs.fi,iltasanomat.fi,mtvuutiset.fi,is.fi,kauppalehti.fi,tivi.fi,mediuutiset.fi,energiauutiset.fi,edilex.fi"
FI,Finland,2021-12-01T00:00:00Z,2022-01-01T00:00:00Z,5273,20,0.0037929072634174093,-0.04923408128616755,20,0.0037929072634174093,-0.04923408128616755,"yle.fi,hs.fi,iltasanomat.fi,mtvuutiset.fi,is.fi,kauppalehti.fi,tivi.fi,mediuutiset.fi,energiauutiset.fi,edilex.fi"
FI,Finland,2022-01-01T00:00:00Z,2022-02-01T00:00:00Z,5150,9,0.0017475728155339806,-2.3718992924883935,9,0.0017475728155339806,-2.3718992924883935,"yle.fi,hs.fi,iltasanomat.fi,mtvuutiset.fi,is.fi,kauppalehti.fi,tivi.fi,mediuutiset.fi,energiauutiset.fi,edilex.fi"
FI,Finland,2022-02-01T00:00:00Z,2022-03-01T00:00:00Z,5036,5,0.0009928514694201747,-0.003237452501790583,5,0.0009928514694201747,-0.003237452501790583,"yle.fi,hs.fi,iltasanomat.fi,mtvuutiset.fi,is.fi,kauppalehti.fi,tivi.fi,mediuutiset.fi,energiauutiset.fi,edilex.fi"
FI,Finland,2022-03-01T00:00:00Z,2022-04-01T00:00:00Z,5418,4,0.0007382798080472499,-2.3040335599336426,4,0.0007382798080472499,-2.3040335599336426,"yle.fi,hs.fi,iltasanomat.fi,mtvuutiset.fi,is.fi,kauppalehti.fi,tivi.fi,mediuutiset.fi,energiauutiset.fi,edilex.fi"
FI,Finland,2022-04-01T00:00:00Z,2022-05-01T00:00:00Z,4927,11,0.002232595900142074,0.423185324550513,11,0.002232595900142074,0.423185324550513,"yle.fi,hs.fi,iltasanomat.fi,mtvuutiset.fi,is.fi,kauppalehti.fi,tivi.fi,mediuutiset.fi,energiauutiset.fi,edilex.fi"
FI,Finland,2022-05-01T00:00:00Z,2022-06-01T00:00:00Z,5015,20,0.003988035892323031,-0.1602517161571151,20,0.003988035892323031,-0.1602517161571151,"yle.fi,hs.fi,iltasanomat.fi,mtvuutiset.fi,is.fi,kauppalehti.fi,tivi.fi,mediuutiset.fi,energiauutiset.fi,edilex.fi"
FI,Finland,2022-06-01T00:00:00Z,2022-07-01T00:00:00Z,4793,17,0.0035468391404131026,0.13922331469841498,17,0.0035468391404131026,0.13922331469841498,"yle.fi,hs.fi,iltasanomat.fi,mtvuutiset.fi,is.fi,kauppalehti.fi,tivi.fi,mediuutiset.fi,energiauutiset.fi,edilex.fi"
FI,Finland,2022-07-01T00:00:00Z,2022-08-01T00:00:00Z,4427,10,0.00225886604924328,-0.4237623116876797,10,0.00225886604924328,-0.4237623116876797,"yle.fi,hs.fi,iltasanomat.fi,mtvuutiset.fi,is.fi,kauppalehti.fi,tivi.fi,mediuutiset.fi,energiauutiset.fi,edilex.fi"
FI,Finland,2022-08-01T00:00:00Z,2022-09-01T00:00:00Z,4891,12,0.0024534859946841138,0.05357322873354883,15,0.003066857493355142,-0.4831886535663456,"yle.fi,hs.fi,iltasanomat.fi,mtvuutiset.fi,is.fi,kauppalehti.fi,tivi.fi,mediuutiset.fi,energiauutiset.fi,edilex.fi"
FI,Finland,2022-09-01T00:00:00Z,2022-10-01T00:00:00Z,5375,10,0.0018604651162790699,0.20461354868880247,10,0.0018604651162790699,0.20461354868880247,"yle.fi,hs.fi,iltasanomat.fi,mtvuutiset.fi,is.fi,kauppalehti.fi,tivi.fi,mediuutiset.fi,energiauutiset.fi,edilex.fi"
FI,Finland,2022-10-01T00:00:00Z,2022-11-01T00:00:00Z,5222,11,0.0021064726158559937,-0.7800312509617013,11,0.0021064726158559937,-0.7800312509617013,"yle.fi,hs.fi,iltasanomat.fi,mtvuutiset.fi,is.fi,kauppalehti.fi,tivi.fi,mediuutiset.fi,energiauutiset.fi,edilex.fi"
FI,Finland,2022-11-01T00:00:00Z,2022-12-01T00:00:00Z,5533,15,0.002711006687149828,-0.4118967219207286,16,0.00289174046629315,-0.7618362369099723,"yle.fi,hs.fi,iltasanomat.fi,mtvuutiset.fi,is.fi,kauppalehti.fi,tivi.fi,mediuutiset.fi,energiauutiset.fi,edilex.fi"
FI,Finland,2022-12-01T00:00:00Z,2023-01-01T00:00:00Z,5478,12,0.002190580503833516,0.6688301216184267,12,0.002190580503833516,0.6688301216184267,"yle.fi,hs.fi,iltasanomat.fi,mtvuutiset.fi,is.fi,kauppalehti.fi,tivi.fi,mediuutiset.fi,energiauutiset.fi,edilex.fi"
FI,Finland,2023-01-01T00:00:00Z,2023-02-01T00:00:00Z,5755,16,0.002780191138140747,-0.8207945328226316,17,0.002953953084274544,-0.9502645580300801,"yle.fi,hs.fi,iltasanomat.fi,mtvuutiset.fi,is.fi,kauppalehti.fi,tivi.fi,mediuutiset.fi,energiauutiset.fi,edilex.fi"
FI,Finland,2023-02-01T00:00:00Z,2023-03-01T00:00:00Z,5916,19,0.003211629479377958,0.032788749119584126,19,0.003211629479377958,0.032788749119584126,"yle.fi,hs.fi,iltasanomat.fi,mtvuutiset.fi,is.fi,kauppalehti.fi,tivi.fi,mediuutiset.fi,energiauutiset.fi,edilex.fi"
FI,Finland,2023-03-01T00:00:00Z,2023-04-01T00:00:00Z,6855,31,0.0045222465353756385,0.6037291163616773,31,0.0045222465353756385,0.6037291163616773,"yle.fi,hs.fi,iltasanomat.fi,mtvuutiset.fi,is.fi,kauppalehti.fi,tivi.fi,mediuutiset.fi,energiauutiset.fi,edilex.fi"
FI,Finland,2023-04-01T00:00:00Z,2023-05-01T00:00:00Z,8737,35,0.0040059516996680785,-1.0130414715976443,35,0.0040059516996680785,-1.0130414715976443,"yle.fi,hs.fi,iltasanomat.fi,mtvuutiset.fi,is.fi,kauppalehti.fi,tivi.fi,mediuutiset.fi,energiauutiset.fi,edilex.fi"
FI,Finland,2023-05-01T00:00:00Z,2023-06-01T00:00:00Z,8800,51,0.0057954545454545455,-0.5958933767038793,51,0.0057954545454545455,-0.5958933767038793,"yle.fi,hs.fi,iltasanomat.fi,mtvuutiset.fi,is.fi,kauppalehti.fi,tivi.fi,mediuutiset.fi,energiauutiset.fi,edilex.fi"
FI,Finland,2023-06-01T00:00:00Z,2023-07-01T00:00:00Z,8799,43,0.004886918968064553,-0.5075928731195767,44,0.005000568246391636,-0.7485819239830203,"yle.fi,hs.fi,iltasanomat.fi,mtvuutiset.fi,is.fi,kauppalehti.fi,tivi.fi,mediuutiset.fi,energiauutiset.fi,edilex.fi"
FI,Finland,2023-07-01T00:00:00Z,2023-08-01T00:00:00Z,8228,28,0.003403014098201264,-0.36700015944613273,28,0.003403014098201264,-0.36700015944613273,"yle.fi,hs.fi,iltasanomat.fi,mtvuutiset.fi,is.fi,kauppalehti.fi,tivi.fi,mediuutiset.fi,energiauutiset.fi,edilex.fi"
FI,Finland,2023-08-01T00:00:00Z,2023-09-01T00:00:00Z,9045,35,0.003869541182974019,0.04704077170863913,36,0.003980099502487562,-0.03420196755345148,"yle.fi,hs.fi,iltasanomat.fi,mtvuutiset.fi,is.fi,kauppalehti.fi,tivi.fi,mediuutiset.fi,energiauutiset.fi,edilex.fi"
FI,Finland,2023-09-01T00:00:00Z,2023-10-01T00:00:00Z,9162,44,0.004802444881030343,-0.6515267278579805,45,0.004911591355599214,-0.6794290452746613,"yle.fi,hs.fi,iltasanomat.fi,mtvuutiset.fi,is.fi,kauppalehti.fi,tivi.fi,mediuutiset.fi,energiauutiset.fi,edilex.fi"
FI,Finland,2023-10-01T00:00:00Z,2023-11-01T00:00:00Z,8147,40,0.004909782742113662,-0.4250909694108617,41,0.005032527310666503,-0.4032935418304244,"yle.fi,hs.fi,iltasanomat.fi,mtvuutiset.fi,is.fi,kauppalehti.fi,tivi.fi,mediuutiset.fi,energiauutiset.fi,edilex.fi"
FI,Finland,2023-11-01T00:00:00Z,2023-12-01T00:00:00Z,7620,36,0.004724409448818898,1.046660857490571,37,0.0048556430446194225,1.0022578037888827,"yle.fi,hs.fi,iltasanomat.fi,mtvuutiset.fi,is.fi,kauppalehti.fi,tivi.fi,mediuutiset.fi,energiauutiset.fi,edilex.fi"
FI,Finland,2023-12-01T00:00:00Z,2024-01-01T00:00:00Z,6531,44,0.006737099984688409,0.38067752734651494,45,0.006890215893431328,0.2835337937721563,"yle.fi,hs.fi,iltasanomat.fi,mtvuutiset.fi,is.fi,kauppalehti.fi,tivi.fi,mediuutiset.fi,energiauutiset.fi,edilex.fi"
FI,Finland,2024-01-01T00:00:00Z,2024-02-01T00:00:00Z,7734,39,0.00504266873545384,0.5060686734488711,40,0.00517196793379881,0.44032815352384624,"yle.fi,hs.fi,iltasanomat.fi,mtvuutiset.fi,is.fi,kauppalehti.fi,tivi.fi,mediuutiset.fi,energiauutiset.fi,edilex.fi"
FI,Finland,2024-02-01T00:00:00Z,2024-03-01T00:00:00Z,8163,33,0.00404263138552003,-0.3009651186428587,33,0.00404263138552003,-0.3009651186428587,"yle.fi,hs.fi,iltasanomat.fi,mtvuutiset.fi,is.fi,kauppalehti.fi,tivi.fi,mediuutiset.fi,energiauutiset.fi,edilex.fi"
FI,Finland,2024-03-01T00:00:00Z,2024-04-01T00:00:00Z,8037,49,0.006096802289411472,-0.9935098348652532,49,0.006096802289411472,-0.9935098348652532,"yle.fi,hs.fi,iltasanomat.fi,mtvuutiset.fi,is.fi,kauppalehti.fi,tivi.fi,mediuutiset.fi,energiauutiset.fi,edilex.fi"
FI,Finland,2024-04-01T00:00:00Z,2024-05-01T00:00:00Z,7718,48,0.006219227779217414,0.19011256611900706,49,0.0063487950246177765,0.12245720762678239,"yle.fi,hs.fi,iltasanomat.fi,mtvuutiset.fi,is.fi,kauppalehti.fi,tivi.fi,mediuutiset.fi,energiauutiset.fi,edilex.fi"
FI,Finland,2024-05-01T00:00:00Z,2024-06-01T00:00:00Z,8005,51,0.006371018113678951,0.10766484805146656,52,0.006495940037476577,0.07275244931686123,"yle.fi,hs.fi,iltasanomat.fi,mtvuutiset.fi,is.fi,kauppalehti.fi,tivi.fi,mediuutiset.fi,energiauutiset.fi,edilex.fi"
FI,Finland,2024-06-01T00:00:00Z,2024-07-01T00:00:00Z,8627,50,0.00579575750550597,0.4422643985426091,50,0.00579575750550597,0.4422643985426091,"yle.fi,hs.fi,iltasanomat.fi,mtvuutiset.fi,is.fi,kauppalehti.fi,tivi.fi,mediuutiset.fi,energiauutiset.fi,edilex.fi"
FI,Finland,2024-07-01T00:00:00Z,2024-08-01T00:00:00Z,8999,27,0.003000333370374486,-0.7124988431859727,27,0.003000333370374486,-0.7124988431859727,"yle.fi,hs.fi,iltasanomat.fi,mtvuutiset.fi,is.fi,kauppalehti.fi,tivi.fi,mediuutiset.fi,energiauutiset.fi,edilex.fi"
FI,Finland,2024-08-01T00:00:00Z,2024-09-01T00:00:00Z,9752,52,0.005332239540607055,-0.09911525626243203,52,0.005332239540607055,-0.09911525626243203,"yle.fi,hs.fi,iltasanomat.fi,mtvuutiset.fi,is.fi,kauppalehti.fi,tivi.fi,mediuutiset.fi,energiauutiset.fi,edilex.fi"
FI,Finland,2024-09-01T00:00:00Z,2024-10-01T00:00:00Z,10051,57,0.005671077504725898,-0.3644126235997541,57,0.005671077504725898,-0.3644126235997541,"yle.fi,hs.fi,iltasanomat.fi,mtvuutiset.fi,is.fi,kauppalehti.fi,tivi.fi,mediuutiset.fi,energiauutiset.fi,edilex.fi"
FI,Finland,2024-10-01T00:00:00Z,2024-11-01T00:00:00Z,10453,42,0.004017985267387353,0.27708087778261936,43,0.004113651583277528,0.1737379116326359,"yle.fi,hs.fi,iltasanomat.fi,mtvuutiset.fi,is.fi,kauppalehti.fi,tivi.fi,mediuutiset.fi,energiauutiset.fi,edilex.fi"
FI,Finland,2024-11-01T00:00:00Z,2024-12-01T00:00:00Z,10365,57,0.005499276410998553,0.18281408275271913,57,0.005499276410998553,0.18281408275271913,"yle.fi,hs.fi,iltasanomat.fi,mtvuutiset.fi,is.fi,kauppalehti.fi,tivi.fi,mediuutiset.fi,energiauutiset.fi,edilex.fi"
FI,Finland,2024-12-01T00:00:00Z,2025-01-01T00:00:00Z,9257,51,0.005509344280004321,-0.8894463804413199,51,0.005509344280004321,-0.8894463804413199,"yle.fi,hs.fi,iltasanomat.fi,mtvuutiset.fi,is.fi,kauppalehti.fi,tivi.fi,mediuutiset.fi,energiauutiset.fi,edilex.fi"
FI,Finland,2025-01-01T00:00:00Z,2025-02-01T00:00:00Z,9743,45,0.004618700605562969,0.5038013584971495,45,0.004618700605562969,0.5038013584971495,"yle.fi,hs.fi,iltasanomat.fi,mtvuutiset.fi,is.fi,kauppalehti.fi,tivi.fi,mediuutiset.fi,energiauutiset.fi,edilex.fi"
FI,Finland,2025-02-01T00:00:00Z,2025-03-01T00:00:00Z,9261,55,0.005938883489903898,-0.6229037574760762,56,0.006046863189720333,-0.599205023376277,"yle.fi,hs.fi,iltasanomat.fi,mtvuutiset.fi,is.fi,kauppalehti.fi,tivi.fi,mediuutiset.fi,energiauutiset.fi,edilex.fi"
FI,Finland,2025-03-01T00:00:00Z,2025-04-01T00:00:00Z,9670,34,0.003516028955532575,-0.598791664602204,34,0.003516028955532575,-0.598791664602204,"yle.fi,hs.fi,iltasanomat.fi,mtvuutiset.fi,is.fi,kauppalehti.fi,tivi.fi,mediuutiset.fi,energiauutiset.fi,edilex.fi"
FI,Finland,2025-04-01T00:00:00Z,2025-05-01T00:00:00Z,9576,46,0.004803675856307435,0.18244663395472363,46,0.004803675856307435,0.18244663395472363,"yle.fi,hs.fi,iltasanomat.fi,mtvuutiset.fi,is.fi,kauppalehti.fi,tivi.fi,mediuutiset.fi,energiauutiset.fi,edilex.fi"
FI,Finland,2025-05-01T00:00:00Z,2025-06-01T00:00:00Z,9304,70,0.007523645743766122,-1.5814187758224612,70,0.007523645743766122,-1.5814187758224612,"yle.fi,hs.fi,iltasanomat.fi,mtvuutiset.fi,is.fi,kauppalehti.fi,tivi.fi,mediuutiset.fi,energiauutiset.fi,edilex.fi"
FI,Finland,2025-06-01T00:00:00Z,2025-07-01T00:00:00Z,4227,26,0.006150934468890466,-0.030520740538841115,26,0.006150934468890466,-0.030520740538841115,"yle.fi,hs.fi,iltasanomat.fi,mtvuutiset.fi,is.fi,kauppalehti.fi,tivi.fi,mediuutiset.fi,energiauutiset.fi,edilex.fi"
FI,Finland,2025-07-01T00:00:00Z,2025-08-01T00:00:00Z,8758,50,0.005709065996802923,-1.5513191240386086,50,0.005709065996802923,-1.5513191240386086,"yle.fi,hs.fi,iltasanomat.fi,mtvuutiset.fi,is.fi,kauppalehti.fi,tivi.fi,mediuutiset.fi,energiauutiset.fi,edilex.fi"
FI,Finland,2025-08-01T00:00:00Z,2025-09-01T00:00:00Z,8792,43,0.0048908098271155595,-1.3117271663598202,43,0.0048908098271155595,-1.3117271663598202,"yle.fi,hs.fi,iltasanomat.fi,mtvuutiset.fi,is.fi,kauppalehti.fi,tivi.fi,mediuutiset.fi,energiauutiset.fi,edilex.fi"
FI,Finland,2025-09-01T00:00:00Z,2025-10-01T00:00:00Z,9211,51,0.005536858104440343,-0.25723528337206825,51,0.005536858104440343,-0.25723528337206825,"yle.fi,hs.fi,iltasanomat.fi,mtvuutiset.fi,is.fi,kauppalehti.fi,tivi.fi,mediuutiset.fi,energiauutiset.fi,edilex.fi"
FI,Finland,2025-10-01T00:00:00Z,2025-11-01T00:00:00Z,9793,338,0.03451444909629327,-0.2761765270765218,338,0.03451444909629327,-0.2761765270765218,"yle.fi,hs.fi,iltasanomat.fi,mtvuutiset.fi,is.fi,kauppalehti.fi,tivi.fi,mediuutiset.fi,energiauutiset.fi,edilex.fi"
FI,Finland,2025-11-01T00:00:00Z,2025-12-01T00:00:00Z,9124,332,0.03638754932047348,-0.26016056348563643,332,0.03638754932047348,-0.26016056348563643,"yle.fi,hs.fi,iltasanomat.fi,mtvuutiset.fi,is.fi,kauppalehti.fi,tivi.fi,mediuutiset.fi,energiauutiset.fi,edilex.fi"
FI,Finland,2025-12-01T00:00:00Z,2026-01-01T00:00:00Z,8449,272,0.03219315895372234,-0.2098286836397839,272,0.03219315895372234,-0.2098286836397839,"yle.fi,hs.fi,iltasanomat.fi,mtvuutiset.fi,is.fi,kauppalehti.fi,tivi.fi,mediuutiset.fi,energiauutiset.fi,edilex.fi"
FI,Finland,2026-01-01T00:00:00Z,2026-02-01T00:00:00Z,9501,269,0.028312809177981266,-0.49598505938161447,269,0.028312809177981266,-0.49598505938161447,"yle.fi,hs.fi,iltasanomat.fi,mtvuutiset.fi,is.fi,kauppalehti.fi,tivi.fi,mediuutiset.fi,energiauutiset.fi,edilex.fi"
FI,Finland,2026-02-01T00:00:00Z,2026-03-01T00:00:00Z,9166,303,0.033056949596334276,-0.2040845884084036,303,0.033056949596334276,-0.2040845884084036,"yle.fi,hs.fi,iltasanomat.fi,mtvuutiset.fi,is.fi,kauppalehti.fi,tivi.fi,mediuutiset.fi,energiauutiset.fi,edilex.fi"
FI,Finland,2026-03-01T00:00:00Z,2026-04-01T00:00:00Z,3543,142,0.04007902907140841,-1.528572406890066,142,0.04007902907140841,-1.528572406890066,"yle.fi,hs.fi,iltasanomat.fi,mtvuutiset.fi,is.fi,kauppalehti.fi,tivi.fi,mediuutiset.fi,energiauutiset.fi,edilex.fi"
FR,France,2018-06-01T00:00:00Z,2018-07-01T00:00:00Z,22673,314,0.01384907158294006,-0.9590651973693678,330,0.014554756759140829,-1.0103759420498797,"lemonde.fr,lefigaro.fr,franceinfo.fr,liberation.fr,ouest-france.fr,lesechos.fr,numerama.com,lequotidiendumedecin.fr,actu-environnement.com,dalloz-actualite.fr"
FR,France,2018-07-01T00:00:00Z,2018-08-01T00:00:00Z,18016,358,0.019871225577264652,-1.3749632028119247,373,0.020703818827708702,-1.4347448652279682,"lemonde.fr,lefigaro.fr,franceinfo.fr,liberation.fr,ouest-france.fr,lesechos.fr,numerama.com,lequotidiendumedecin.fr,actu-environnement.com,dalloz-actualite.fr"
FR,France,2018-08-01T00:00:00Z,2018-09-01T00:00:00Z,14876,175,0.01176391503092229,-1.2112703338025876,194,0.013041140091422425,-1.21486094719593,"lemonde.fr,lefigaro.fr,franceinfo.fr,liberation.fr,ouest-france.fr,lesechos.fr,numerama.com,lequotidiendumedecin.fr,actu-environnement.com,dalloz-actualite.fr"
FR,France,2018-09-01T00:00:00Z,2018-10-01T00:00:00Z,16734,263,0.015716505318513208,-1.047967509262184,277,0.016553125373491098,-1.1188957922458083,"lemonde.fr,lefigaro.fr,franceinfo.fr,liberation.fr,ouest-france.fr,lesechos.fr,numerama.com,lequotidiendumedecin.fr,actu-environnement.com,dalloz-actualite.fr"
FR,France,2018-10-01T00:00:00Z,2018-11-01T00:00:00Z,18993,261,0.013741904912336124,-1.0115492118516989,290,0.015268783235929026,-1.0929599830041157,"lemonde.fr,lefigaro.fr,franceinfo.fr,liberation.fr,ouest-france.fr,lesechos.fr,numerama.com,lequotidiendumedecin.fr,actu-environnement.com,dalloz-actualite.fr"
FR,France,2018-11-01T00:00:00Z,2018-12-01T00:00:00Z,16289,247,0.015163607342378291,-1.678295846784629,275,0.016882558782000123,-1.5720417969228668,"lemonde.fr,lefigaro.fr,franceinfo.fr,liberation.fr,ouest-france.fr,lesechos.fr,numerama.com,lequotidiendumedecin.fr,actu-environnement.com,dalloz-actualite.fr"
FR,France,2018-12-01T00:00:00Z,2019-01-01T00:00:00Z,13172,192,0.014576374126935925,-1.1926598522736118,203,0.015411478894624962,-1.331249972878683,"lemonde.fr,lefigaro.fr,franceinfo.fr,liberation.fr,ouest-france.fr,lesechos.fr,numerama.com,lequotidiendumedecin.fr,actu-environnement.com,dalloz-actualite.fr"
FR,France,2019-01-01T00:00:00Z,2019-02-01T00:00:00Z,14548,166,0.01141050316194666,-1.7561443101547929,178,0.012235358812207863,-1.7059028376544554,"lemonde.fr,lefigaro.fr,franceinfo.fr,liberation.fr,ouest-france.fr,lesechos.fr,numerama.com,lequotidiendumedecin.fr,actu-environnement.com,dalloz-actualite.fr"
FR,France,2019-02-01T00:00:00Z,2019-03-01T00:00:00Z,13616,153,0.011236780258519388,-1.04043609010076,166,0.01219153936545241,-0.9977753098937884,"lemonde.fr,lefigaro.fr,franceinfo.fr,liberation.fr,ouest-france.fr,lesechos.fr,numerama.com,lequotidiendumedecin.fr,actu-environnement.com,dalloz-actualite.fr"
FR,France,2019-03-01T00:00:00Z,2019-04-01T00:00:00Z,13777,203,0.014734702765478697,-1.8137306815627003,216,0.015678304420410828,-1.7838684527729616,"lemonde.fr,lefigaro.fr,franceinfo.fr,liberation.fr,ouest-france.fr,lesechos.fr,numerama.com,lequotidiendumedecin.fr,actu-environnement.com,dalloz-actualite.fr"
FR,France,2019-04-01T00:00:00Z,2019-05-01T00:00:00Z,13678,189,0.013817809621289662,-1.411388176725602,206,0.015060681386167568,-1.3257992651692054,"lemonde.fr,lefigaro.fr,franceinfo.fr,liberation.fr,ouest-france.fr,lesechos.fr,numerama.com,lequotidiendumedecin.fr,actu-environnement.com,dalloz-actualite.fr"
FR,France,2019-05-01T00:00:00Z,2019-06-01T00:00:00Z,13934,176,0.012630974594517008,-0.8773131671147286,192,0.013779245012200373,-0.8317157978895912,"lemonde.fr,lefigaro.fr,franceinfo.fr,liberation.fr,ouest-france.fr,lesechos.fr,numerama.com,lequotidiendumedecin.fr,actu-environnement.com,dalloz-actualite.fr"
FR,France,2019-06-01T00:00:00Z,2019-07-01T00:00:00Z,13456,202,0.015011890606420927,-1.1195865964095635,224,0.016646848989298454,-1.2668953379327934,"lemonde.fr,lefigaro.fr,franceinfo.fr,liberation.fr,ouest-france.fr,lesechos.fr,numerama.com,lequotidiendumedecin.fr,actu-environnement.com,dalloz-actualite.fr"
FR,France,2019-07-01T00:00:00Z,2019-08-01T00:00:00Z,15758,208,0.013199644624952406,-1.0527680950558451,234,0.014849600203071456,-1.179537775587629,"lemonde.fr,lefigaro.fr,franceinfo.fr,liberation.fr,ouest-france.fr,lesechos.fr,numerama.com,lequotidiendumedecin.fr,actu-environnement.com,dalloz-actualite.fr"
FR,France,2019-08-01T00:00:00Z,2019-09-01T00:00:00Z,12388,126,0.010171133354859542,-1.6991781665743915,138,0.011139812721989021,-1.820063893365906,"lemonde.fr,lefigaro.fr,franceinfo.fr,liberation.fr,ouest-france.fr,lesechos.fr,numerama.com,lequotidiendumedecin.fr,actu-environnement.com,dalloz-actualite.fr"
FR,France,2019-09-01T00:00:00Z,2019-10-01T00:00:00Z,18063,250,0.013840447323257487,-1.1002947732086983,271,0.015003044898411116,-1.0852850692531495,"lemonde.fr,lefigaro.fr,franceinfo.fr,liberation.fr,ouest-france.fr,lesechos.fr,numerama.com,lequotidiendumedecin.fr,actu-environnement.com,dalloz-actualite.fr"
FR,France,2019-10-01T00:00:00Z,2019-11-01T00:00:00Z,20588,254,0.012337283854672625,-1.3820876071001902,267,0.0129687196425102,-1.3812691832716357,"lemonde.fr,lefigaro.fr,franceinfo.fr,liberation.fr,ouest-france.fr,lesechos.fr,numerama.com,lequotidiendumedecin.fr,actu-environnement.com,dalloz-actualite.fr"
FR,France,2019-11-01T00:00:00Z,2019-12-01T00:00:00Z,20644,222,0.010753729897306724,-1.4624351907914424,250,0.012110056190660724,-1.5407572442791437,"lemonde.fr,lefigaro.fr,franceinfo.fr,liberation.fr,ouest-france.fr,lesechos.fr,numerama.com,lequotidiendumedecin.fr,actu-environnement.com,dalloz-actualite.fr"
FR,France,2019-12-01T00:00:00Z,2020-01-01T00:00:00Z,20270,199,0.009817464232856439,-1.092168199526789,219,0.01080414405525407,-1.1908752237126143,"lemonde.fr,lefigaro.fr,franceinfo.fr,liberation.fr,ouest-france.fr,lesechos.fr,numerama.com,lequotidiendumedecin.fr,actu-environnement.com,dalloz-actualite.fr"
FR,France,2020-01-01T00:00:00Z,2020-02-01T00:00:00Z,22377,179,0.00799928498011351,-1.188494460715921,229,0.010233722125396612,-1.3122604130122293,"lemonde.fr,lefigaro.fr,franceinfo.fr,liberation.fr,ouest-france.fr,lesechos.fr,numerama.com,lequotidiendumedecin.fr,actu-environnement.com,dalloz-actualite.fr"
FR,France,2020-02-01T00:00:00Z,2020-03-01T00:00:00Z,20313,215,0.010584354846649928,-0.7270142819101535,318,0.01565499926155664,-0.8852368393883717,"lemonde.fr,lefigaro.fr,franceinfo.fr,liberation.fr,ouest-france.fr,lesechos.fr,numerama.com,lequotidiendumedecin.fr,actu-environnement.com,dalloz-actualite.fr"
FR,France,2020-03-01T00:00:00Z,2020-04-01T00:00:00Z,21406,213,0.009950481173502756,-1.970127228329703,254,0.011865832009716902,-1.9329005318156434,"lemonde.fr,lefigaro.fr,franceinfo.fr,liberation.fr,ouest-france.fr,lesechos.fr,numerama.com,lequotidiendumedecin.fr,actu-environnement.com,dalloz-actualite.fr"
FR,France,2020-04-01T00:00:00Z,2020-05-01T00:00:00Z,21555,223,0.010345627464625378,-1.1287825104283404,239,0.01108791463697518,-1.2415067624632798,"lemonde.fr,lefigaro.fr,franceinfo.fr,liberation.fr,ouest-france.fr,lesechos.fr,numerama.com,lequotidiendumedecin.fr,actu-environnement.com,dalloz-actualite.fr"
FR,France,2020-05-01T00:00:00Z,2020-06-01T00:00:00Z,19104,205,0.010730737018425461,-0.844396135461032,222,0.011620603015075377,-1.0241053829800209,"lemonde.fr,lefigaro.fr,franceinfo.fr,liberation.fr,ouest-france.fr,lesechos.fr,numerama.com,lequotidiendumedecin.fr,actu-environnement.com,dalloz-actualite.fr"
FR,France,2020-06-01T00:00:00Z,2020-07-01T00:00:00Z,20291,261,0.012862845596569908,-1.0663393120512048,273,0.013454240796412203,-1.1525039392833398,"lemonde.fr,lefigaro.fr,franceinfo.fr,liberation.fr,ouest-france.fr,lesechos.fr,numerama.com,lequotidiendumedecin.fr,actu-environnement.com,dalloz-actualite.fr"
FR,France,2020-07-01T00:00:00Z,2020-08-01T00:00:00Z,17413,192,0.011026244759662322,-1.0934655854563704,205,0.011772813415264458,-1.1741910605516561,"lemonde.fr,lefigaro.fr,franceinfo.fr,liberation.fr,ouest-france.fr,lesechos.fr,numerama.com,lequotidiendumedecin.fr,actu-environnement.com,dalloz-actualite.fr"
FR,France,2020-08-01T00:00:00Z,2020-09-01T00:00:00Z,14944,120,0.008029978586723769,-1.367999724109888,141,0.009435224839400428,-1.31193338313961,"lemonde.fr,lefigaro.fr,franceinfo.fr,liberation.fr,ouest-france.fr,lesechos.fr,numerama.com,lequotidiendumedecin.fr,actu-environnement.com,dalloz-actualite.fr"
FR,France,2020-09-01T00:00:00Z,2020-10-01T00:00:00Z,17995,169,0.009391497638232842,-0.668665668092983,182,0.010113920533481523,-0.7508080478258515,"lemonde.fr,lefigaro.fr,franceinfo.fr,liberation.fr,ouest-france.fr,lesechos.fr,numerama.com,lequotidiendumedecin.fr,actu-environnement.com,dalloz-actualite.fr"
FR,France,2020-10-01T00:00:00Z,2020-11-01T00:00:00Z,15197,104,0.006843455945252352,-0.36579953005980265,120,0.007896295321445023,-0.6209288758154581,"lemonde.fr,lefigaro.fr,franceinfo.fr,liberation.fr,ouest-france.fr,lesechos.fr,numerama.com,lequotidiendumedecin.fr,actu-environnement.com,dalloz-actualite.fr"
FR,France,2020-11-01T00:00:00Z,2020-12-01T00:00:00Z,14910,83,0.00556673373574782,-0.4404464397878029,97,0.006505700871898055,-0.6145693281181605,"lemonde.fr,lefigaro.fr,franceinfo.fr,liberation.fr,ouest-france.fr,lesechos.fr,numerama.com,lequotidiendumedecin.fr,actu-environnement.com,dalloz-actualite.fr"
FR,France,2020-12-01T00:00:00Z,2021-01-01T00:00:00Z,21536,191,0.00886887072808321,-0.36582686484782895,197,0.009147473997028232,-0.3962185985254325,"lemonde.fr,lefigaro.fr,franceinfo.fr,liberation.fr,ouest-france.fr,lesechos.fr,numerama.com,lequotidiendumedecin.fr,actu-environnement.com,dalloz-actualite.fr"
FR,France,2021-01-01T00:00:00Z,2021-02-01T00:00:00Z,22346,148,0.006623109281303142,-0.2815953326447337,155,0.006936364450013425,-0.33790082673909594,"lemonde.fr,lefigaro.fr,franceinfo.fr,liberation.fr,ouest-france.fr,lesechos.fr,numerama.com,lequotidiendumedecin.fr,actu-environnement.com,dalloz-actualite.fr"
FR,France,2021-02-01T00:00:00Z,2021-03-01T00:00:00Z,19275,145,0.007522697795071336,-0.39960562843875913,147,0.007626459143968872,-0.4368346384544969,"lemonde.fr,lefigaro.fr,franceinfo.fr,liberation.fr,ouest-france.fr,lesechos.fr,numerama.com,lequotidiendumedecin.fr,actu-environnement.com,dalloz-actualite.fr"
FR,France,2021-03-01T00:00:00Z,2021-04-01T00:00:00Z,22994,181,0.007871618683134731,-0.8268923714260433,183,0.007958597895103071,-0.850194972287281,"lemonde.fr,lefigaro.fr,franceinfo.fr,liberation.fr,ouest-france.fr,lesechos.fr,numerama.com,lequotidiendumedecin.fr,actu-environnement.com,dalloz-actualite.fr"
FR,France,2021-04-01T00:00:00Z,2021-05-01T00:00:00Z,19317,161,0.008334627530154785,-0.7254926251743254,169,0.00874877051301962,-0.7714528830006988,"lemonde.fr,lefigaro.fr,franceinfo.fr,liberation.fr,ouest-france.fr,lesechos.fr,numerama.com,lequotidiendumedecin.fr,actu-environnement.com,dalloz-actualite.fr"
FR,France,2021-05-01T00:00:00Z,2021-06-01T00:00:00Z,16727,137,0.008190350929634722,-0.21928369423459043,146,0.008728403180486639,-0.2561499830692758,"lemonde.fr,lefigaro.fr,franceinfo.fr,liberation.fr,ouest-france.fr,lesechos.fr,numerama.com,lequotidiendumedecin.fr,actu-environnement.com,dalloz-actualite.fr"
FR,France,2021-06-01T00:00:00Z,2021-07-01T00:00:00Z,20376,191,0.009373773066352571,-0.03934733137876962,196,0.009619159795838241,-0.08402268338338678,"lemonde.fr,lefigaro.fr,franceinfo.fr,liberation.fr,ouest-france.fr,lesechos.fr,numerama.com,lequotidiendumedecin.fr,actu-environnement.com,dalloz-actualite.fr"
FR,France,2021-07-01T00:00:00Z,2021-08-01T00:00:00Z,13339,112,0.008396431516605444,-1.0589158397331073,114,0.008546367793687682,-1.0322717558348584,"lemonde.fr,lefigaro.fr,franceinfo.fr,liberation.fr,ouest-france.fr,lesechos.fr,numerama.com,lequotidiendumedecin.fr,actu-environnement.com,dalloz-actualite.fr"
FR,France,2021-08-01T00:00:00Z,2021-09-01T00:00:00Z,5926,56,0.009449881876476544,0.748207981466639,63,0.010631117111036112,0.6802829999901341,"lemonde.fr,lefigaro.fr,franceinfo.fr,liberation.fr,ouest-france.fr,lesechos.fr,numerama.com,lequotidiendumedecin.fr,actu-environnement.com,dalloz-actualite.fr"
FR,France,2021-09-01T00:00:00Z,2021-10-01T00:00:00Z,8251,106,0.012846927645133923,-0.6906974157931984,118,0.014301296812507575,-0.7794784381275335,"lemonde.fr,lefigaro.fr,franceinfo.fr,liberation.fr,ouest-france.fr,lesechos.fr,numerama.com,lequotidiendumedecin.fr,actu-environnement.com,dalloz-actualite.fr"
FR,France,2021-10-01T00:00:00Z,2021-11-01T00:00:00Z,8784,100,0.011384335154826957,-0.46719164881836805,115,0.013091985428051001,-0.6584599823134456,"lemonde.fr,lefigaro.fr,franceinfo.fr,liberation.fr,ouest-france.fr,lesechos.fr,numerama.com,lequotidiendumedecin.fr,actu-environnement.com,dalloz-actualite.fr"
FR,France,2021-11-01T00:00:00Z,2021-12-01T00:00:00Z,8650,107,0.012369942196531793,-0.5359172008161145,117,0.013526011560693642,-0.6090180527239857,"lemonde.fr,lefigaro.fr,franceinfo.fr,liberation.fr,ouest-france.fr,lesechos.fr,numerama.com,lequotidiendumedecin.fr,actu-environnement.com,dalloz-actualite.fr"
FR,France,2021-12-01T00:00:00Z,2022-01-01T00:00:00Z,8220,116,0.014111922141119221,-0.09335304276917032,119,0.014476885644768856,-0.11773316140146722,"lemonde.fr,lefigaro.fr,franceinfo.fr,liberation.fr,ouest-france.fr,lesechos.fr,numerama.com,lequotidiendumedecin.fr,actu-environnement.com,dalloz-actualite.fr"
FR,France,2022-01-01T00:00:00Z,2022-02-01T00:00:00Z,9085,98,0.010787011557512383,-0.7028428357738421,103,0.011337369290038524,-0.8029332133025272,"lemonde.fr,lefigaro.fr,franceinfo.fr,liberation.fr,ouest-france.fr,lesechos.fr,numerama.com,lequotidiendumedecin.fr,actu-environnement.com,dalloz-actualite.fr"
FR,France,2022-02-01T00:00:00Z,2022-03-01T00:00:00Z,8007,73,0.009117022605220432,-0.6322345735788338,74,0.00924191332583989,-0.6426350409477483,"lemonde.fr,lefigaro.fr,franceinfo.fr,liberation.fr,ouest-france.fr,lesechos.fr,numerama.com,lequotidiendumedecin.fr,actu-environnement.com,dalloz-actualite.fr"
FR,France,2022-03-01T00:00:00Z,2022-04-01T00:00:00Z,8919,110,0.012333221213140486,-1.628730145705781,113,0.012669581791680682,-1.6080521026922403,"lemonde.fr,lefigaro.fr,franceinfo.fr,liberation.fr,ouest-france.fr,lesechos.fr,numerama.com,lequotidiendumedecin.fr,actu-environnement.com,dalloz-actualite.fr"
FR,France,2022-04-01T00:00:00Z,2022-05-01T00:00:00Z,9061,69,0.007615053526100872,-1.3458477649995755,75,0.008277232093587904,-1.5259839526085248,"lemonde.fr,lefigaro.fr,franceinfo.fr,liberation.fr,ouest-france.fr,lesechos.fr,numerama.com,lequotidiendumedecin.fr,actu-environnement.com,dalloz-actualite.fr"
FR,France,2022-05-01T00:00:00Z,2022-06-01T00:00:00Z,9246,86,0.009301319489508977,-0.16031946710165268,94,0.010166558511788881,-0.49975921629783404,"lemonde.fr,lefigaro.fr,franceinfo.fr,liberation.fr,ouest-france.fr,lesechos.fr,numerama.com,lequotidiendumedecin.fr,actu-environnement.com,dalloz-actualite.fr"
FR,France,2022-06-01T00:00:00Z,2022-07-01T00:00:00Z,9622,91,0.009457493244647683,0.000571450204379334,100,0.010392849719393058,-0.0645122869919641,"lemonde.fr,lefigaro.fr,franceinfo.fr,liberation.fr,ouest-france.fr,lesechos.fr,numerama.com,lequotidiendumedecin.fr,actu-environnement.com,dalloz-actualite.fr"
FR,France,2022-07-01T00:00:00Z,2022-08-01T00:00:00Z,8137,62,0.007619515792060956,-0.35064987038517337,68,0.008356888288066855,-0.5354406744453214,"lemonde.fr,lefigaro.fr,franceinfo.fr,liberation.fr,ouest-france.fr,lesechos.fr,numerama.com,lequotidiendumedecin.fr,actu-environnement.com,dalloz-actualite.fr"
FR,France,2022-08-01T00:00:00Z,2022-09-01T00:00:00Z,6208,48,0.007731958762886598,-0.919033741778291,100,0.01610824742268041,-1.738657099054266,"lemonde.fr,lefigaro.fr,franceinfo.fr,liberation.fr,ouest-france.fr,lesechos.fr,numerama.com,lequotidiendumedecin.fr,actu-environnement.com,dalloz-actualite.fr"
FR,France,2022-09-01T00:00:00Z,2022-10-01T00:00:00Z,8179,87,0.010636997187920284,-1.420105698199536,97,0.01185964054285365,-1.573753067009064,"lemonde.fr,lefigaro.fr,franceinfo.fr,liberation.fr,ouest-france.fr,lesechos.fr,numerama.com,lequotidiendumedecin.fr,actu-environnement.com,dalloz-actualite.fr"
FR,France,2022-10-01T00:00:00Z,2022-11-01T00:00:00Z,8081,100,0.012374706100730107,-1.0426355074642177,111,0.01373592377181042,-1.1738956565212162,"lemonde.fr,lefigaro.fr,franceinfo.fr,liberation.fr,ouest-france.fr,lesechos.fr,numerama.com,lequotidiendumedecin.fr,actu-environnement.com,dalloz-actualite.fr"
FR,France,2022-11-01T00:00:00Z,2022-12-01T00:00:00Z,8255,89,0.010781344639612356,-1.209461207561558,107,0.012961841308298002,-1.4165847174671844,"lemonde.fr,lefigaro.fr,franceinfo.fr,liberation.fr,ouest-france.fr,lesechos.fr,numerama.com,lequotidiendumedecin.fr,actu-environnement.com,dalloz-actualite.fr"
FR,France,2022-12-01T00:00:00Z,2023-01-01T00:00:00Z,7354,106,0.014413924394887137,-0.40525169476019846,116,0.015773728583084037,-0.4944557301291424,"lemonde.fr,lefigaro.fr,franceinfo.fr,liberation.fr,ouest-france.fr,lesechos.fr,numerama.com,lequotidiendumedecin.fr,actu-environnement.com,dalloz-actualite.fr"
FR,France,2023-01-01T00:00:00Z,2023-02-01T00:00:00Z,7967,93,0.011673151750972763,-0.84420374728333,99,0.01242625831555165,-0.9914662793172,"lemonde.fr,lefigaro.fr,franceinfo.fr,liberation.fr,ouest-france.fr,lesechos.fr,numerama.com,lequotidiendumedecin.fr,actu-environnement.com,dalloz-actualite.fr"
FR,France,2023-02-01T00:00:00Z,2023-03-01T00:00:00Z,6851,95,0.01386658881915049,-0.6023279204696066,101,0.014742373376149467,-0.6270232046570572,"lemonde.fr,lefigaro.fr,franceinfo.fr,liberation.fr,ouest-france.fr,lesechos.fr,numerama.com,lequotidiendumedecin.fr,actu-environnement.com,dalloz-actualite.fr"
FR,France,2023-03-01T00:00:00Z,2023-04-01T00:00:00Z,8007,102,0.012738853503184714,-0.5715030982774305,122,0.015236667915573873,-0.6625117165586079,"lemonde.fr,lefigaro.fr,franceinfo.fr,liberation.fr,ouest-france.fr,lesechos.fr,numerama.com,lequotidiendumedecin.fr,actu-environnement.com,dalloz-actualite.fr"
FR,France,2023-04-01T00:00:00Z,2023-05-01T00:00:00Z,8926,71,0.0079542908357607,-0.7107541668943148,97,0.010867129733363208,-0.9143728253614248,"lemonde.fr,lefigaro.fr,franceinfo.fr,liberation.fr,ouest-france.fr,lesechos.fr,numerama.com,lequotidiendumedecin.fr,actu-environnement.com,dalloz-actualite.fr"
FR,France,2023-05-01T00:00:00Z,2023-06-01T00:00:00Z,8657,85,0.009818643872011088,-1.1641844483070287,105,0.01212891301836664,-1.1053648357308175,"lemonde.fr,lefigaro.fr,franceinfo.fr,liberation.fr,ouest-france.fr,lesechos.fr,numerama.com,lequotidiendumedecin.fr,actu-environnement.com,dalloz-actualite.fr"
FR,France,2023-06-01T00:00:00Z,2023-07-01T00:00:00Z,9466,103,0.010881047961124022,-0.8918802795560379,112,0.011831819142193112,-0.9350921411948583,"lemonde.fr,lefigaro.fr,franceinfo.fr,liberation.fr,ouest-france.fr,lesechos.fr,numerama.com,lequotidiendumedecin.fr,actu-environnement.com,dalloz-actualite.fr"
FR,France,2023-07-01T00:00:00Z,2023-08-01T00:00:00Z,8707,87,0.009991960491558515,-0.6807439042691394,95,0.01091076145629953,-0.9095344967955811,"lemonde.fr,lefigaro.fr,franceinfo.fr,liberation.fr,ouest-france.fr,lesechos.fr,numerama.com,lequotidiendumedecin.fr,actu-environnement.com,dalloz-actualite.fr"
FR,France,2023-08-01T00:00:00Z,2023-09-01T00:00:00Z,8929,51,0.005711725837159816,-0.4078237602665784,76,0.008511591443610706,-0.8624371165628277,"lemonde.fr,lefigaro.fr,franceinfo.fr,liberation.fr,ouest-france.fr,lesechos.fr,numerama.com,lequotidiendumedecin.fr,actu-environnement.com,dalloz-actualite.fr"
FR,France,2023-09-01T00:00:00Z,2023-10-01T00:00:00Z,10863,97,0.008929393353585566,-0.7265569844265783,113,0.010402282978919267,-0.9647412450530498,"lemonde.fr,lefigaro.fr,franceinfo.fr,liberation.fr,ouest-france.fr,lesechos.fr,numerama.com,lequotidiendumedecin.fr,actu-environnement.com,dalloz-actualite.fr"
FR,France,2023-10-01T00:00:00Z,2023-11-01T00:00:00Z,10152,99,0.00975177304964539,-0.7097417822076643,112,0.01103230890464933,-0.8576697150931575,"lemonde.fr,lefigaro.fr,franceinfo.fr,liberation.fr,ouest-france.fr,lesechos.fr,numerama.com,lequotidiendumedecin.fr,actu-environnement.com,dalloz-actualite.fr"
FR,France,2023-11-01T00:00:00Z,2023-12-01T00:00:00Z,9919,126,0.012702893436838392,-0.6998275960297756,135,0.013610242968041133,-0.7210588260913726,"lemonde.fr,lefigaro.fr,franceinfo.fr,liberation.fr,ouest-france.fr,lesechos.fr,numerama.com,lequotidiendumedecin.fr,actu-environnement.com,dalloz-actualite.fr"
FR,France,2023-12-01T00:00:00Z,2024-01-01T00:00:00Z,7332,128,0.01745771958537916,-0.3670256097723573,140,0.019094380796508457,-0.4772108229188507,"lemonde.fr,lefigaro.fr,franceinfo.fr,liberation.fr,ouest-france.fr,lesechos.fr,numerama.com,lequotidiendumedecin.fr,actu-environnement.com,dalloz-actualite.fr"
FR,France,2024-01-01T00:00:00Z,2024-02-01T00:00:00Z,7939,73,0.009195112734601335,-0.35310230499797546,137,0.017256581433429903,-0.9716197598886906,"lemonde.fr,lefigaro.fr,franceinfo.fr,liberation.fr,ouest-france.fr,lesechos.fr,numerama.com,lequotidiendumedecin.fr,actu-environnement.com,dalloz-actualite.fr"
FR,France,2024-02-01T00:00:00Z,2024-03-01T00:00:00Z,6487,62,0.009557576691845229,-0.3991464570936487,73,0.0112532757823339,-0.5259806834110436,"lemonde.fr,lefigaro.fr,franceinfo.fr,liberation.fr,ouest-france.fr,lesechos.fr,numerama.com,lequotidiendumedecin.fr,actu-environnement.com,dalloz-actualite.fr"
FR,France,2024-03-01T00:00:00Z,2024-04-01T00:00:00Z,7238,52,0.007184305056645482,-0.9249158577452112,60,0.008289582757667864,-1.0116667140687694,"lemonde.fr,lefigaro.fr,franceinfo.fr,liberation.fr,ouest-france.fr,lesechos.fr,numerama.com,lequotidiendumedecin.fr,actu-environnement.com,dalloz-actualite.fr"
FR,France,2024-04-01T00:00:00Z,2024-05-01T00:00:00Z,8958,61,0.006809555704398303,-0.3887462895641109,74,0.008260772493860237,-0.8666265972718148,"lemonde.fr,lefigaro.fr,franceinfo.fr,liberation.fr,ouest-france.fr,lesechos.fr,numerama.com,lequotidiendumedecin.fr,actu-environnement.com,dalloz-actualite.fr"
FR,France,2024-05-01T00:00:00Z,2024-06-01T00:00:00Z,10750,121,0.011255813953488372,-0.5632808736582922,145,0.013488372093023256,-0.7598138536677574,"lemonde.fr,lefigaro.fr,franceinfo.fr,liberation.fr,ouest-france.fr,lesechos.fr,numerama.com,lequotidiendumedecin.fr,actu-environnement.com,dalloz-actualite.fr"
FR,France,2024-06-01T00:00:00Z,2024-07-01T00:00:00Z,10286,76,0.007388683647676453,-0.4922820171375669,84,0.00816643982111608,-0.6673736481992322,"lemonde.fr,lefigaro.fr,franceinfo.fr,liberation.fr,ouest-france.fr,lesechos.fr,numerama.com,lequotidiendumedecin.fr,actu-environnement.com,dalloz-actualite.fr"
FR,France,2024-07-01T00:00:00Z,2024-08-01T00:00:00Z,10260,81,0.007894736842105263,-0.2942547867149557,95,0.009259259259259259,-0.6425789945949951,"lemonde.fr,lefigaro.fr,franceinfo.fr,liberation.fr,ouest-france.fr,lesechos.fr,numerama.com,lequotidiendumedecin.fr,actu-environnement.com,dalloz-actualite.fr"
FR,France,2024-08-01T00:00:00Z,2024-09-01T00:00:00Z,7580,48,0.0063324538258575196,-0.18980523156840487,58,0.007651715039577837,-0.3400434674097226,"lemonde.fr,lefigaro.fr,franceinfo.fr,liberation.fr,ouest-france.fr,lesechos.fr,numerama.com,lequotidiendumedecin.fr,actu-environnement.com,dalloz-actualite.fr"
FR,France,2024-09-01T00:00:00Z,2024-10-01T00:00:00Z,8490,77,0.009069493521790341,-0.9698716184758023,90,0.01060070671378092,-1.082473474465252,"lemonde.fr,lefigaro.fr,franceinfo.fr,liberation.fr,ouest-france.fr,lesechos.fr,numerama.com,lequotidiendumedecin.fr,actu-environnement.com,dalloz-actualite.fr"
FR,France,2024-10-01T00:00:00Z,2024-11-01T00:00:00Z,8448,61,0.007220643939393939,-0.982587423524122,83,0.009824810606060606,-1.2843019683264048,"lemonde.fr,lefigaro.fr,franceinfo.fr,liberation.fr,ouest-france.fr,lesechos.fr,numerama.com,lequotidiendumedecin.fr,actu-environnement.com,dalloz-actualite.fr"
FR,France,2024-11-01T00:00:00Z,2024-12-01T00:00:00Z,9226,45,0.004877520052026881,-0.12797843401592834,63,0.006828528072837633,-0.6036699328873926,"lemonde.fr,lefigaro.fr,franceinfo.fr,liberation.fr,ouest-france.fr,lesechos.fr,numerama.com,lequotidiendumedecin.fr,actu-environnement.com,dalloz-actualite.fr"
FR,France,2024-12-01T00:00:00Z,2025-01-01T00:00:00Z,6744,36,0.005338078291814947,-1.6173402286497687,45,0.0066725978647686835,-1.7587234596286403,"lemonde.fr,lefigaro.fr,franceinfo.fr,liberation.fr,ouest-france.fr,lesechos.fr,numerama.com,lequotidiendumedecin.fr,actu-environnement.com,dalloz-actualite.fr"
FR,France,2025-01-01T00:00:00Z,2025-02-01T00:00:00Z,5976,70,0.011713520749665328,-1.9855429096267692,74,0.012382864792503346,-1.9446066960978932,"lemonde.fr,lefigaro.fr,franceinfo.fr,liberation.fr,ouest-france.fr,lesechos.fr,numerama.com,lequotidiendumedecin.fr,actu-environnement.com,dalloz-actualite.fr"
FR,France,2025-02-01T00:00:00Z,2025-03-01T00:00:00Z,5330,67,0.012570356472795497,-0.7143399222592137,75,0.014071294559099437,-0.7017354952874627,"lemonde.fr,lefigaro.fr,franceinfo.fr,liberation.fr,ouest-france.fr,lesechos.fr,numerama.com,lequotidiendumedecin.fr,actu-environnement.com,dalloz-actualite.fr"
FR,France,2025-03-01T00:00:00Z,2025-04-01T00:00:00Z,5909,56,0.009477068877982739,-1.8048663938732263,60,0.01015400236926722,-1.9018357958608025,"lemonde.fr,lefigaro.fr,franceinfo.fr,liberation.fr,ouest-france.fr,lesechos.fr,numerama.com,lequotidiendumedecin.fr,actu-environnement.com,dalloz-actualite.fr"
FR,France,2025-04-01T00:00:00Z,2025-05-01T00:00:00Z,5491,36,0.00655618284465489,-0.9298598589265389,59,0.010744855217628847,-1.1808061771948934,"lemonde.fr,lefigaro.fr,franceinfo.fr,liberation.fr,ouest-france.fr,lesechos.fr,numerama.com,lequotidiendumedecin.fr,actu-environnement.com,dalloz-actualite.fr"
FR,France,2025-05-01T00:00:00Z,2025-06-01T00:00:00Z,8549,61,0.007135337466370336,-0.5397823905306257,66,0.007720201193122002,-0.555068276868558,"lemonde.fr,lefigaro.fr,franceinfo.fr,liberation.fr,ouest-france.fr,lesechos.fr,numerama.com,lequotidiendumedecin.fr,actu-environnement.com,dalloz-actualite.fr"
FR,France,2025-06-01T00:00:00Z,2025-07-01T00:00:00Z,4363,28,0.006417602567041027,0.04170668374303105,31,0.007105202842081137,-0.20185479139191911,"lemonde.fr,lefigaro.fr,franceinfo.fr,liberation.fr,ouest-france.fr,lesechos.fr,numerama.com,lequotidiendumedecin.fr,actu-environnement.com,dalloz-actualite.fr"
FR,France,2025-07-01T00:00:00Z,2025-08-01T00:00:00Z,9511,63,0.006623909157817264,-0.53741286807958,69,0.007254757649037956,-0.6057353592494328,"lemonde.fr,lefigaro.fr,franceinfo.fr,liberation.fr,ouest-france.fr,lesechos.fr,numerama.com,lequotidiendumedecin.fr,actu-environnement.com,dalloz-actualite.fr"
FR,France,2025-08-01T00:00:00Z,2025-09-01T00:00:00Z,8107,44,0.005427408412483039,0.008865738744917109,51,0.006290859750832614,-0.2758496511847931,"lemonde.fr,lefigaro.fr,franceinfo.fr,liberation.fr,ouest-france.fr,lesechos.fr,numerama.com,lequotidiendumedecin.fr,actu-environnement.com,dalloz-actualite.fr"
FR,France,2025-09-01T00:00:00Z,2025-10-01T00:00:00Z,10870,112,0.010303587856485741,-1.7517565357743856,117,0.01076356945722171,-1.70529520046068,"lemonde.fr,lefigaro.fr,franceinfo.fr,liberation.fr,ouest-france.fr,lesechos.fr,numerama.com,lequotidiendumedecin.fr,actu-environnement.com,dalloz-actualite.fr"
FR,France,2025-10-01T00:00:00Z,2025-11-01T00:00:00Z,11681,89,0.007619210684016779,-1.6460755329362333,96,0.00821847444568102,-1.612012574731142,"lemonde.fr,lefigaro.fr,franceinfo.fr,liberation.fr,ouest-france.fr,lesechos.fr,numerama.com,lequotidiendumedecin.fr,actu-environnement.com,dalloz-actualite.fr"
FR,France,2025-11-01T00:00:00Z,2025-12-01T00:00:00Z,11052,83,0.007509952949692363,-1.848900451457666,90,0.008143322475570033,-1.7579943859152465,"lemonde.fr,lefigaro.fr,franceinfo.fr,liberation.fr,ouest-france.fr,lesechos.fr,numerama.com,lequotidiendumedecin.fr,actu-environnement.com,dalloz-actualite.fr"
FR,France,2025-12-01T00:00:00Z,2026-01-01T00:00:00Z,10747,91,0.008467479296547873,-0.3709196642331453,105,0.0097701684190937,-0.7409610431440352,"lemonde.fr,lefigaro.fr,franceinfo.fr,liberation.fr,ouest-france.fr,lesechos.fr,numerama.com,lequotidiendumedecin.fr,actu-environnement.com,dalloz-actualite.fr"
FR,France,2026-01-01T00:00:00Z,2026-02-01T00:00:00Z,10209,115,0.011264570477030071,-0.7982330613969362,131,0.012831815065138603,-1.0319928550638622,"lemonde.fr,lefigaro.fr,franceinfo.fr,liberation.fr,ouest-france.fr,lesechos.fr,numerama.com,lequotidiendumedecin.fr,actu-environnement.com,dalloz-actualite.fr"
FR,France,2026-02-01T00:00:00Z,2026-03-01T00:00:00Z,9703,116,0.011955065443677214,-0.5419273885577824,121,0.0124703699886633,-0.5199614900287616,"lemonde.fr,lefigaro.fr,franceinfo.fr,liberation.fr,ouest-france.fr,lesechos.fr,numerama.com,lequotidiendumedecin.fr,actu-environnement.com,dalloz-actualite.fr"
FR,France,2026-03-01T00:00:00Z,2026-04-01T00:00:00Z,3967,42,0.010587345601209983,-1.6550489402443915,48,0.01209982354423998,-1.7765161714709972,"lemonde.fr,lefigaro.fr,franceinfo.fr,liberation.fr,ouest-france.fr,lesechos.fr,numerama.com,lequotidiendumedecin.fr,actu-environnement.com,dalloz-actualite.fr"
HU,Hungary,2018-06-01T00:00:00Z,2018-07-01T00:00:00Z,10543,60,0.005690979797021721,-1.1200785350175397,60,0.005690979797021721,-1.1200785350175397,"telex.hu,24.hu,hvg.hu,index.hu,portfolio.hu,vg.hu,hwsw.hu,medicalonline.hu,energiaoldal.hu,jogiforum.hu"
HU,Hungary,2018-07-01T00:00:00Z,2018-08-01T00:00:00Z,10236,95,0.009280969128565845,-1.3646078890691207,95,0.009280969128565845,-1.3646078890691207,"telex.hu,24.hu,hvg.hu,index.hu,portfolio.hu,vg.hu,hwsw.hu,medicalonline.hu,energiaoldal.hu,jogiforum.hu"
HU,Hungary,2018-08-01T00:00:00Z,2018-09-01T00:00:00Z,5358,36,0.006718924972004479,-0.7488565563197562,36,0.006718924972004479,-0.7488565563197562,"telex.hu,24.hu,hvg.hu,index.hu,portfolio.hu,vg.hu,hwsw.hu,medicalonline.hu,energiaoldal.hu,jogiforum.hu"
HU,Hungary,2018-09-01T00:00:00Z,2018-10-01T00:00:00Z,10099,92,0.0091098128527577,-0.2709359188406788,92,0.0091098128527577,-0.2709359188406788,"telex.hu,24.hu,hvg.hu,index.hu,portfolio.hu,vg.hu,hwsw.hu,medicalonline.hu,energiaoldal.hu,jogiforum.hu"
HU,Hungary,2018-10-01T00:00:00Z,2018-11-01T00:00:00Z,10642,82,0.007705318549144897,-0.23195678099400296,82,0.007705318549144897,-0.23195678099400296,"telex.hu,24.hu,hvg.hu,index.hu,portfolio.hu,vg.hu,hwsw.hu,medicalonline.hu,energiaoldal.hu,jogiforum.hu"
HU,Hungary,2018-11-01T00:00:00Z,2018-12-01T00:00:00Z,10507,69,0.006567050537736747,0.11155463328055072,69,0.006567050537736747,0.11155463328055072,"telex.hu,24.hu,hvg.hu,index.hu,portfolio.hu,vg.hu,hwsw.hu,medicalonline.hu,energiaoldal.hu,jogiforum.hu"
HU,Hungary,2018-12-01T00:00:00Z,2019-01-01T00:00:00Z,9276,78,0.008408796895213453,-0.09917354840028586,78,0.008408796895213453,-0.09917354840028586,"telex.hu,24.hu,hvg.hu,index.hu,portfolio.hu,vg.hu,hwsw.hu,medicalonline.hu,energiaoldal.hu,jogiforum.hu"
HU,Hungary,2019-01-01T00:00:00Z,2019-02-01T00:00:00Z,10434,64,0.006133793367835921,-0.36544445953909394,64,0.006133793367835921,-0.36544445953909394,"telex.hu,24.hu,hvg.hu,index.hu,portfolio.hu,vg.hu,hwsw.hu,medicalonline.hu,energiaoldal.hu,jogiforum.hu"
HU,Hungary,2019-02-01T00:00:00Z,2019-03-01T00:00:00Z,9740,130,0.013347022587268994,-0.6060047023017943,130,0.013347022587268994,-0.6060047023017943,"telex.hu,24.hu,hvg.hu,index.hu,portfolio.hu,vg.hu,hwsw.hu,medicalonline.hu,energiaoldal.hu,jogiforum.hu"
HU,Hungary,2019-03-01T00:00:00Z,2019-04-01T00:00:00Z,10385,164,0.015792007703418393,0.17300187258069738,164,0.015792007703418393,0.17300187258069738,"telex.hu,24.hu,hvg.hu,index.hu,portfolio.hu,vg.hu,hwsw.hu,medicalonline.hu,energiaoldal.hu,jogiforum.hu"
HU,Hungary,2019-04-01T00:00:00Z,2019-05-01T00:00:00Z,9993,88,0.008806164315020515,-1.418229345580424,88,0.008806164315020515,-1.418229345580424,"telex.hu,24.hu,hvg.hu,index.hu,portfolio.hu,vg.hu,hwsw.hu,medicalonline.hu,energiaoldal.hu,jogiforum.hu"
HU,Hungary,2019-05-01T00:00:00Z,2019-06-01T00:00:00Z,10938,136,0.01243371731577985,-0.0310792239699026,136,0.01243371731577985,-0.0310792239699026,"telex.hu,24.hu,hvg.hu,index.hu,portfolio.hu,vg.hu,hwsw.hu,medicalonline.hu,energiaoldal.hu,jogiforum.hu"
HU,Hungary,2019-06-01T00:00:00Z,2019-07-01T00:00:00Z,9889,87,0.008797653958944282,-0.47002315310963394,87,0.008797653958944282,-0.47002315310963394,"telex.hu,24.hu,hvg.hu,index.hu,portfolio.hu,vg.hu,hwsw.hu,medicalonline.hu,energiaoldal.hu,jogiforum.hu"
HU,Hungary,2019-07-01T00:00:00Z,2019-08-01T00:00:00Z,10331,67,0.0064853353983157485,-0.2746341591739531,67,0.0064853353983157485,-0.2746341591739531,"telex.hu,24.hu,hvg.hu,index.hu,portfolio.hu,vg.hu,hwsw.hu,medicalonline.hu,energiaoldal.hu,jogiforum.hu"
HU,Hungary,2019-08-01T00:00:00Z,2019-09-01T00:00:00Z,9446,52,0.0055049756510692355,-0.659784419987913,52,0.0055049756510692355,-0.659784419987913,"telex.hu,24.hu,hvg.hu,index.hu,portfolio.hu,vg.hu,hwsw.hu,medicalonline.hu,energiaoldal.hu,jogiforum.hu"
HU,Hungary,2019-09-01T00:00:00Z,2019-10-01T00:00:00Z,10822,80,0.0073923489188689705,-0.25906486015308583,80,0.0073923489188689705,-0.25906486015308583,"telex.hu,24.hu,hvg.hu,index.hu,portfolio.hu,vg.hu,hwsw.hu,medicalonline.hu,energiaoldal.hu,jogiforum.hu"
HU,Hungary,2019-10-01T00:00:00Z,2019-11-01T00:00:00Z,11228,103,0.009173494834342715,-0.7016121832165126,103,0.009173494834342715,-0.7016121832165126,"telex.hu,24.hu,hvg.hu,index.hu,portfolio.hu,vg.hu,hwsw.hu,medicalonline.hu,energiaoldal.hu,jogiforum.hu"
HU,Hungary,2019-11-01T00:00:00Z,2019-12-01T00:00:00Z,10317,56,0.0054279344770766695,-0.5341625617223287,56,0.0054279344770766695,-0.5341625617223287,"telex.hu,24.hu,hvg.hu,index.hu,portfolio.hu,vg.hu,hwsw.hu,medicalonline.hu,energiaoldal.hu,jogiforum.hu"
HU,Hungary,2019-12-01T00:00:00Z,2020-01-01T00:00:00Z,8934,35,0.003917618088202373,-0.3819558445606034,35,0.003917618088202373,-0.3819558445606034,"telex.hu,24.hu,hvg.hu,index.hu,portfolio.hu,vg.hu,hwsw.hu,medicalonline.hu,energiaoldal.hu,jogiforum.hu"
HU,Hungary,2020-01-01T00:00:00Z,2020-02-01T00:00:00Z,10468,37,0.003534581581964081,0.6383789442131658,37,0.003534581581964081,0.6383789442131658,"telex.hu,24.hu,hvg.hu,index.hu,portfolio.hu,vg.hu,hwsw.hu,medicalonline.hu,energiaoldal.hu,jogiforum.hu"
HU,Hungary,2020-02-01T00:00:00Z,2020-03-01T00:00:00Z,8834,37,0.004188363142404347,-0.6267878651097856,37,0.004188363142404347,-0.6267878651097856,"telex.hu,24.hu,hvg.hu,index.hu,portfolio.hu,vg.hu,hwsw.hu,medicalonline.hu,energiaoldal.hu,jogiforum.hu"
HU,Hungary,2020-03-01T00:00:00Z,2020-04-01T00:00:00Z,6953,22,0.003164101826549691,-1.537695523623864,22,0.003164101826549691,-1.537695523623864,"telex.hu,24.hu,hvg.hu,index.hu,portfolio.hu,vg.hu,hwsw.hu,medicalonline.hu,energiaoldal.hu,jogiforum.hu"
HU,Hungary,2020-04-01T00:00:00Z,2020-05-01T00:00:00Z,6594,18,0.00272975432211101,-1.188787414176988,18,0.00272975432211101,-1.188787414176988,"telex.hu,24.hu,hvg.hu,index.hu,portfolio.hu,vg.hu,hwsw.hu,medicalonline.hu,energiaoldal.hu,jogiforum.hu"
HU,Hungary,2020-05-01T00:00:00Z,2020-06-01T00:00:00Z,6405,17,0.002654176424668228,-1.65686329337111,17,0.002654176424668228,-1.65686329337111,"telex.hu,24.hu,hvg.hu,index.hu,portfolio.hu,vg.hu,hwsw.hu,medicalonline.hu,energiaoldal.hu,jogiforum.hu"
HU,Hungary,2020-06-01T00:00:00Z,2020-07-01T00:00:00Z,5788,10,0.0017277125086385626,0.4011872772197944,10,0.0017277125086385626,0.4011872772197944,"telex.hu,24.hu,hvg.hu,index.hu,portfolio.hu,vg.hu,hwsw.hu,medicalonline.hu,energiaoldal.hu,jogiforum.hu"
HU,Hungary,2020-07-01T00:00:00Z,2020-08-01T00:00:00Z,5172,17,0.0032869296210363496,-0.8140961584154786,17,0.0032869296210363496,-0.8140961584154786,"telex.hu,24.hu,hvg.hu,index.hu,portfolio.hu,vg.hu,hwsw.hu,medicalonline.hu,energiaoldal.hu,jogiforum.hu"
HU,Hungary,2020-08-01T00:00:00Z,2020-09-01T00:00:00Z,4905,12,0.0024464831804281344,-1.6088802094058399,12,0.0024464831804281344,-1.6088802094058399,"telex.hu,24.hu,hvg.hu,index.hu,portfolio.hu,vg.hu,hwsw.hu,medicalonline.hu,energiaoldal.hu,jogiforum.hu"
HU,Hungary,2020-09-01T00:00:00Z,2020-10-01T00:00:00Z,5300,15,0.002830188679245283,-1.4013396135459906,15,0.002830188679245283,-1.4013396135459906,"telex.hu,24.hu,hvg.hu,index.hu,portfolio.hu,vg.hu,hwsw.hu,medicalonline.hu,energiaoldal.hu,jogiforum.hu"
HU,Hungary,2020-10-01T00:00:00Z,2020-11-01T00:00:00Z,4488,11,0.0024509803921568627,-0.8418645887371683,11,0.0024509803921568627,-0.8418645887371683,"telex.hu,24.hu,hvg.hu,index.hu,portfolio.hu,vg.hu,hwsw.hu,medicalonline.hu,energiaoldal.hu,jogiforum.hu"
HU,Hungary,2020-11-01T00:00:00Z,2020-12-01T00:00:00Z,4098,8,0.0019521717911176184,-0.9883016268429552,9,0.0021961932650073207,-1.5233316048127856,"telex.hu,24.hu,hvg.hu,index.hu,portfolio.hu,vg.hu,hwsw.hu,medicalonline.hu,energiaoldal.hu,jogiforum.hu"
HU,Hungary,2020-12-01T00:00:00Z,2021-01-01T00:00:00Z,5669,7,0.0012347856764861529,-1.7747988814147835,7,0.0012347856764861529,-1.7747988814147835,"telex.hu,24.hu,hvg.hu,index.hu,portfolio.hu,vg.hu,hwsw.hu,medicalonline.hu,energiaoldal.hu,jogiforum.hu"
HU,Hungary,2021-01-01T00:00:00Z,2021-02-01T00:00:00Z,5887,4,0.0006794632240529981,-1.4726095857751162,4,0.0006794632240529981,-1.4726095857751162,"telex.hu,24.hu,hvg.hu,index.hu,portfolio.hu,vg.hu,hwsw.hu,medicalonline.hu,energiaoldal.hu,jogiforum.hu"
HU,Hungary,2021-02-01T00:00:00Z,2021-03-01T00:00:00Z,6026,14,0.0023232658479920344,-1.3405136785035723,14,0.0023232658479920344,-1.3405136785035723,"telex.hu,24.hu,hvg.hu,index.hu,portfolio.hu,vg.hu,hwsw.hu,medicalonline.hu,energiaoldal.hu,jogiforum.hu"
HU,Hungary,2021-03-01T00:00:00Z,2021-04-01T00:00:00Z,6467,20,0.003092624091541673,-1.8104722112724285,20,0.003092624091541673,-1.8104722112724285,"telex.hu,24.hu,hvg.hu,index.hu,portfolio.hu,vg.hu,hwsw.hu,medicalonline.hu,energiaoldal.hu,jogiforum.hu"
HU,Hungary,2021-04-01T00:00:00Z,2021-05-01T00:00:00Z,5997,12,0.002001000500250125,-1.2827248734552135,12,0.002001000500250125,-1.2827248734552135,"telex.hu,24.hu,hvg.hu,index.hu,portfolio.hu,vg.hu,hwsw.hu,medicalonline.hu,energiaoldal.hu,jogiforum.hu"
HU,Hungary,2021-05-01T00:00:00Z,2021-06-01T00:00:00Z,6935,13,0.0018745493871665465,0.6499152728385922,13,0.0018745493871665465,0.6499152728385922,"telex.hu,24.hu,hvg.hu,index.hu,portfolio.hu,vg.hu,hwsw.hu,medicalonline.hu,energiaoldal.hu,jogiforum.hu"
HU,Hungary,2021-06-01T00:00:00Z,2021-07-01T00:00:00Z,6473,22,0.0033987331994438435,-1.246677784441364,22,0.0033987331994438435,-1.246677784441364,"telex.hu,24.hu,hvg.hu,index.hu,portfolio.hu,vg.hu,hwsw.hu,medicalonline.hu,energiaoldal.hu,jogiforum.hu"
HU,Hungary,2021-07-01T00:00:00Z,2021-08-01T00:00:00Z,5576,26,0.004662840746054519,-3.923718143361467,27,0.004842180774748924,-3.843952095207545,"telex.hu,24.hu,hvg.hu,index.hu,portfolio.hu,vg.hu,hwsw.hu,medicalonline.hu,energiaoldal.hu,jogiforum.hu"
HU,Hungary,2021-08-01T00:00:00Z,2021-09-01T00:00:00Z,4792,14,0.002921535893155259,-0.14525020445119727,14,0.002921535893155259,-0.14525020445119727,"telex.hu,24.hu,hvg.hu,index.hu,portfolio.hu,vg.hu,hwsw.hu,medicalonline.hu,energiaoldal.hu,jogiforum.hu"
HU,Hungary,2021-09-01T00:00:00Z,2021-10-01T00:00:00Z,5094,16,0.0031409501374165686,-1.7785575402936398,16,0.0031409501374165686,-1.7785575402936398,"telex.hu,24.hu,hvg.hu,index.hu,portfolio.hu,vg.hu,hwsw.hu,medicalonline.hu,energiaoldal.hu,jogiforum.hu"
HU,Hungary,2021-10-01T00:00:00Z,2021-11-01T00:00:00Z,2496,5,0.002003205128205128,-0.25497927408755394,5,0.002003205128205128,-0.25497927408755394,"telex.hu,24.hu,hvg.hu,index.hu,portfolio.hu,vg.hu,hwsw.hu,medicalonline.hu,energiaoldal.hu,jogiforum.hu"
HU,Hungary,2021-11-01T00:00:00Z,2021-12-01T00:00:00Z,2540,4,0.0015748031496062992,-0.323867223544267,4,0.0015748031496062992,-0.323867223544267,"telex.hu,24.hu,hvg.hu,index.hu,portfolio.hu,vg.hu,hwsw.hu,medicalonline.hu,energiaoldal.hu,jogiforum.hu"
HU,Hungary,2021-12-01T00:00:00Z,2022-01-01T00:00:00Z,2462,2,0.0008123476848090983,1.6506784201884,2,0.0008123476848090983,1.6506784201884,"telex.hu,24.hu,hvg.hu,index.hu,portfolio.hu,vg.hu,hwsw.hu,medicalonline.hu,energiaoldal.hu,jogiforum.hu"
HU,Hungary,2022-01-01T00:00:00Z,2022-02-01T00:00:00Z,2416,5,0.0020695364238410598,-1.0828687354696394,5,0.0020695364238410598,-1.0828687354696394,"telex.hu,24.hu,hvg.hu,index.hu,portfolio.hu,vg.hu,hwsw.hu,medicalonline.hu,energiaoldal.hu,jogiforum.hu"
HU,Hungary,2022-02-01T00:00:00Z,2022-03-01T00:00:00Z,2270,8,0.003524229074889868,-0.7672547971142745,8,0.003524229074889868,-0.7672547971142745,"telex.hu,24.hu,hvg.hu,index.hu,portfolio.hu,vg.hu,hwsw.hu,medicalonline.hu,energiaoldal.hu,jogiforum.hu"
HU,Hungary,2022-03-01T00:00:00Z,2022-04-01T00:00:00Z,2739,7,0.002555677254472435,-0.11575765355146736,7,0.002555677254472435,-0.11575765355146736,"telex.hu,24.hu,hvg.hu,index.hu,portfolio.hu,vg.hu,hwsw.hu,medicalonline.hu,energiaoldal.hu,jogiforum.hu"
HU,Hungary,2022-04-01T00:00:00Z,2022-05-01T00:00:00Z,2752,14,0.005087209302325582,-1.8304755738691292,14,0.005087209302325582,-1.8304755738691292,"telex.hu,24.hu,hvg.hu,index.hu,portfolio.hu,vg.hu,hwsw.hu,medicalonline.hu,energiaoldal.hu,jogiforum.hu"
HU,Hungary,2022-05-01T00:00:00Z,2022-06-01T00:00:00Z,2807,7,0.0024937655860349127,-1.022916821435087,7,0.0024937655860349127,-1.022916821435087,"telex.hu,24.hu,hvg.hu,index.hu,portfolio.hu,vg.hu,hwsw.hu,medicalonline.hu,energiaoldal.hu,jogiforum.hu"
HU,Hungary,2022-06-01T00:00:00Z,2022-07-01T00:00:00Z,2926,9,0.0030758714969241286,-0.36020438324816517,9,0.0030758714969241286,-0.36020438324816517,"telex.hu,24.hu,hvg.hu,index.hu,portfolio.hu,vg.hu,hwsw.hu,medicalonline.hu,energiaoldal.hu,jogiforum.hu"
HU,Hungary,2022-07-01T00:00:00Z,2022-08-01T00:00:00Z,2642,4,0.001514004542013626,-0.7686369292784443,4,0.001514004542013626,-0.7686369292784443,"telex.hu,24.hu,hvg.hu,index.hu,portfolio.hu,vg.hu,hwsw.hu,medicalonline.hu,energiaoldal.hu,jogiforum.hu"
HU,Hungary,2022-08-01T00:00:00Z,2022-09-01T00:00:00Z,2688,9,0.0033482142857142855,-1.8624446029026032,9,0.0033482142857142855,-1.8624446029026032,"telex.hu,24.hu,hvg.hu,index.hu,portfolio.hu,vg.hu,hwsw.hu,medicalonline.hu,energiaoldal.hu,jogiforum.hu"
HU,Hungary,2022-09-01T00:00:00Z,2022-10-01T00:00:00Z,2818,9,0.00319375443577005,-2.0190026406294304,9,0.00319375443577005,-2.0190026406294304,"telex.hu,24.hu,hvg.hu,index.hu,portfolio.hu,vg.hu,hwsw.hu,medicalonline.hu,energiaoldal.hu,jogiforum.hu"
HU,Hungary,2022-10-01T00:00:00Z,2022-11-01T00:00:00Z,3010,10,0.0033222591362126247,-1.951832578258756,10,0.0033222591362126247,-1.951832578258756,"telex.hu,24.hu,hvg.hu,index.hu,portfolio.hu,vg.hu,hwsw.hu,medicalonline.hu,energiaoldal.hu,jogiforum.hu"
HU,Hungary,2022-11-01T00:00:00Z,2022-12-01T00:00:00Z,3037,9,0.0029634507737899243,1.0133227813749501,9,0.0029634507737899243,1.0133227813749501,"telex.hu,24.hu,hvg.hu,index.hu,portfolio.hu,vg.hu,hwsw.hu,medicalonline.hu,energiaoldal.hu,jogiforum.hu"
HU,Hungary,2022-12-01T00:00:00Z,2023-01-01T00:00:00Z,2974,7,0.0023537323470073975,-0.16084386473148324,7,0.0023537323470073975,-0.16084386473148324,"telex.hu,24.hu,hvg.hu,index.hu,portfolio.hu,vg.hu,hwsw.hu,medicalonline.hu,energiaoldal.hu,jogiforum.hu"
HU,Hungary,2023-01-01T00:00:00Z,2023-02-01T00:00:00Z,2986,6,0.0020093770931011385,-0.5797161539254698,6,0.0020093770931011385,-0.5797161539254698,"telex.hu,24.hu,hvg.hu,index.hu,portfolio.hu,vg.hu,hwsw.hu,medicalonline.hu,energiaoldal.hu,jogiforum.hu"
HU,Hungary,2023-02-01T00:00:00Z,2023-03-01T00:00:00Z,2314,4,0.001728608470181504,0.736113743324885,4,0.001728608470181504,0.736113743324885,"telex.hu,24.hu,hvg.hu,index.hu,portfolio.hu,vg.hu,hwsw.hu,medicalonline.hu,energiaoldal.hu,jogiforum.hu"
HU,Hungary,2023-03-01T00:00:00Z,2023-04-01T00:00:00Z,5598,25,0.004465880671668453,-1.229475859360507,25,0.004465880671668453,-1.229475859360507,"telex.hu,24.hu,hvg.hu,index.hu,portfolio.hu,vg.hu,hwsw.hu,medicalonline.hu,energiaoldal.hu,jogiforum.hu"
HU,Hungary,2023-04-01T00:00:00Z,2023-05-01T00:00:00Z,12190,41,0.0033634126333059885,0.010260933536040753,41,0.0033634126333059885,0.010260933536040753,"telex.hu,24.hu,hvg.hu,index.hu,portfolio.hu,vg.hu,hwsw.hu,medicalonline.hu,energiaoldal.hu,jogiforum.hu"
HU,Hungary,2023-05-01T00:00:00Z,2023-06-01T00:00:00Z,10714,47,0.004386783647563935,0.8053897698349377,47,0.004386783647563935,0.8053897698349377,"telex.hu,24.hu,hvg.hu,index.hu,portfolio.hu,vg.hu,hwsw.hu,medicalonline.hu,energiaoldal.hu,jogiforum.hu"
HU,Hungary,2023-06-01T00:00:00Z,2023-07-01T00:00:00Z,10457,30,0.002868891651525294,-0.35595977688118574,30,0.002868891651525294,-0.35595977688118574,"telex.hu,24.hu,hvg.hu,index.hu,portfolio.hu,vg.hu,hwsw.hu,medicalonline.hu,energiaoldal.hu,jogiforum.hu"
HU,Hungary,2023-07-01T00:00:00Z,2023-08-01T00:00:00Z,10025,23,0.00229426433915212,-1.6863256074862187,23,0.00229426433915212,-1.6863256074862187,"telex.hu,24.hu,hvg.hu,index.hu,portfolio.hu,vg.hu,hwsw.hu,medicalonline.hu,energiaoldal.hu,jogiforum.hu"
HU,Hungary,2023-08-01T00:00:00Z,2023-09-01T00:00:00Z,10175,36,0.0035380835380835383,-1.2905792916989742,36,0.0035380835380835383,-1.2905792916989742,"telex.hu,24.hu,hvg.hu,index.hu,portfolio.hu,vg.hu,hwsw.hu,medicalonline.hu,energiaoldal.hu,jogiforum.hu"
HU,Hungary,2023-09-01T00:00:00Z,2023-10-01T00:00:00Z,11643,31,0.0026625440178648114,-1.3544054454997123,31,0.0026625440178648114,-1.3544054454997123,"telex.hu,24.hu,hvg.hu,index.hu,portfolio.hu,vg.hu,hwsw.hu,medicalonline.hu,energiaoldal.hu,jogiforum.hu"
HU,Hungary,2023-10-01T00:00:00Z,2023-11-01T00:00:00Z,11328,51,0.004502118644067797,-0.3565431228428435,51,0.004502118644067797,-0.3565431228428435,"telex.hu,24.hu,hvg.hu,index.hu,portfolio.hu,vg.hu,hwsw.hu,medicalonline.hu,energiaoldal.hu,jogiforum.hu"
HU,Hungary,2023-11-01T00:00:00Z,2023-12-01T00:00:00Z,10032,24,0.0023923444976076554,-0.40324423799880355,24,0.0023923444976076554,-0.40324423799880355,"telex.hu,24.hu,hvg.hu,index.hu,portfolio.hu,vg.hu,hwsw.hu,medicalonline.hu,energiaoldal.hu,jogiforum.hu"
HU,Hungary,2023-12-01T00:00:00Z,2024-01-01T00:00:00Z,9718,34,0.003498662276188516,-1.4198529698293052,34,0.003498662276188516,-1.4198529698293052,"telex.hu,24.hu,hvg.hu,index.hu,portfolio.hu,vg.hu,hwsw.hu,medicalonline.hu,energiaoldal.hu,jogiforum.hu"
HU,Hungary,2024-01-01T00:00:00Z,2024-02-01T00:00:00Z,10428,52,0.004986574606827772,-0.28911181076238673,52,0.004986574606827772,-0.28911181076238673,"telex.hu,24.hu,hvg.hu,index.hu,portfolio.hu,vg.hu,hwsw.hu,medicalonline.hu,energiaoldal.hu,jogiforum.hu"
HU,Hungary,2024-02-01T00:00:00Z,2024-03-01T00:00:00Z,10088,56,0.0055511498810467885,-1.9961341673920585,56,0.0055511498810467885,-1.9961341673920585,"telex.hu,24.hu,hvg.hu,index.hu,portfolio.hu,vg.hu,hwsw.hu,medicalonline.hu,energiaoldal.hu,jogiforum.hu"
HU,Hungary,2024-03-01T00:00:00Z,2024-04-01T00:00:00Z,10075,55,0.005459057071960298,-1.4835773301168602,55,0.005459057071960298,-1.4835773301168602,"telex.hu,24.hu,hvg.hu,index.hu,portfolio.hu,vg.hu,hwsw.hu,medicalonline.hu,energiaoldal.hu,jogiforum.hu"
HU,Hungary,2024-04-01T00:00:00Z,2024-05-01T00:00:00Z,10288,37,0.0035964230171073096,-0.771775047444422,37,0.0035964230171073096,-0.771775047444422,"telex.hu,24.hu,hvg.hu,index.hu,portfolio.hu,vg.hu,hwsw.hu,medicalonline.hu,energiaoldal.hu,jogiforum.hu"
HU,Hungary,2024-05-01T00:00:00Z,2024-06-01T00:00:00Z,10434,52,0.004983707111366686,-0.4457852501315797,52,0.004983707111366686,-0.4457852501315797,"telex.hu,24.hu,hvg.hu,index.hu,portfolio.hu,vg.hu,hwsw.hu,medicalonline.hu,energiaoldal.hu,jogiforum.hu"
HU,Hungary,2024-06-01T00:00:00Z,2024-07-01T00:00:00Z,9735,37,0.003800719054956343,-1.4618462434492392,37,0.003800719054956343,-1.4618462434492392,"telex.hu,24.hu,hvg.hu,index.hu,portfolio.hu,vg.hu,hwsw.hu,medicalonline.hu,energiaoldal.hu,jogiforum.hu"
HU,Hungary,2024-07-01T00:00:00Z,2024-08-01T00:00:00Z,9814,30,0.0030568575504381496,-2.4070989270689944,30,0.0030568575504381496,-2.4070989270689944,"telex.hu,24.hu,hvg.hu,index.hu,portfolio.hu,vg.hu,hwsw.hu,medicalonline.hu,energiaoldal.hu,jogiforum.hu"
HU,Hungary,2024-08-01T00:00:00Z,2024-09-01T00:00:00Z,9165,18,0.0019639934533551553,-1.2664083118969354,18,0.0019639934533551553,-1.2664083118969354,"telex.hu,24.hu,hvg.hu,index.hu,portfolio.hu,vg.hu,hwsw.hu,medicalonline.hu,energiaoldal.hu,jogiforum.hu"
HU,Hungary,2024-09-01T00:00:00Z,2024-10-01T00:00:00Z,10271,31,0.0030182066011099212,-2.8676578303738594,32,0.0031155681043715314,-2.8152090335810196,"telex.hu,24.hu,hvg.hu,index.hu,portfolio.hu,vg.hu,hwsw.hu,medicalonline.hu,energiaoldal.hu,jogiforum.hu"
HU,Hungary,2024-10-01T00:00:00Z,2024-11-01T00:00:00Z,10800,22,0.002037037037037037,-0.726572301988773,22,0.002037037037037037,-0.726572301988773,"telex.hu,24.hu,hvg.hu,index.hu,portfolio.hu,vg.hu,hwsw.hu,medicalonline.hu,energiaoldal.hu,jogiforum.hu"
HU,Hungary,2024-11-01T00:00:00Z,2024-12-01T00:00:00Z,10725,20,0.0018648018648018648,-0.6539033957760643,20,0.0018648018648018648,-0.6539033957760643,"telex.hu,24.hu,hvg.hu,index.hu,portfolio.hu,vg.hu,hwsw.hu,medicalonline.hu,energiaoldal.hu,jogiforum.hu"
HU,Hungary,2024-12-01T00:00:00Z,2025-01-01T00:00:00Z,9639,18,0.0018674136321195146,-0.6240504384297106,18,0.0018674136321195146,-0.6240504384297106,"telex.hu,24.hu,hvg.hu,index.hu,portfolio.hu,vg.hu,hwsw.hu,medicalonline.hu,energiaoldal.hu,jogiforum.hu"
HU,Hungary,2025-01-01T00:00:00Z,2025-02-01T00:00:00Z,10038,32,0.0031878860330743176,-1.082136444680477,32,0.0031878860330743176,-1.082136444680477,"telex.hu,24.hu,hvg.hu,index.hu,portfolio.hu,vg.hu,hwsw.hu,medicalonline.hu,energiaoldal.hu,jogiforum.hu"
HU,Hungary,2025-02-01T00:00:00Z,2025-03-01T00:00:00Z,8419,22,0.0026131369521320822,-0.23480353852763058,22,0.0026131369521320822,-0.23480353852763058,"telex.hu,24.hu,hvg.hu,index.hu,portfolio.hu,vg.hu,hwsw.hu,medicalonline.hu,energiaoldal.hu,jogiforum.hu"
HU,Hungary,2025-03-01T00:00:00Z,2025-04-01T00:00:00Z,9426,32,0.003394865266284744,-0.31300451429546283,32,0.003394865266284744,-0.31300451429546283,"telex.hu,24.hu,hvg.hu,index.hu,portfolio.hu,vg.hu,hwsw.hu,medicalonline.hu,energiaoldal.hu,jogiforum.hu"
HU,Hungary,2025-04-01T00:00:00Z,2025-05-01T00:00:00Z,9116,50,0.005484861781483106,-1.8713800931800586,50,0.005484861781483106,-1.8713800931800586,"telex.hu,24.hu,hvg.hu,index.hu,portfolio.hu,vg.hu,hwsw.hu,medicalonline.hu,energiaoldal.hu,jogiforum.hu"
HU,Hungary,2025-05-01T00:00:00Z,2025-06-01T00:00:00Z,9070,32,0.0035281146637265713,-0.8246188781738357,32,0.0035281146637265713,-0.8246188781738357,"telex.hu,24.hu,hvg.hu,index.hu,portfolio.hu,vg.hu,hwsw.hu,medicalonline.hu,energiaoldal.hu,jogiforum.hu"
HU,Hungary,2025-06-01T00:00:00Z,2025-07-01T00:00:00Z,4059,19,0.004680955900468096,-1.7541158549841351,19,0.004680955900468096,-1.7541158549841351,"telex.hu,24.hu,hvg.hu,index.hu,portfolio.hu,vg.hu,hwsw.hu,medicalonline.hu,energiaoldal.hu,jogiforum.hu"
HU,Hungary,2025-07-01T00:00:00Z,2025-08-01T00:00:00Z,9194,27,0.0029366978464215794,-1.090734315740698,27,0.0029366978464215794,-1.090734315740698,"telex.hu,24.hu,hvg.hu,index.hu,portfolio.hu,vg.hu,hwsw.hu,medicalonline.hu,energiaoldal.hu,jogiforum.hu"
HU,Hungary,2025-08-01T00:00:00Z,2025-09-01T00:00:00Z,8501,25,0.0029408304905305257,-0.8824366923266256,25,0.0029408304905305257,-0.8824366923266256,"telex.hu,24.hu,hvg.hu,index.hu,portfolio.hu,vg.hu,hwsw.hu,medicalonline.hu,energiaoldal.hu,jogiforum.hu"
HU,Hungary,2025-09-01T00:00:00Z,2025-10-01T00:00:00Z,9153,27,0.0029498525073746312,0.42993483929197274,28,0.003059106303944062,0.37221818835792686,"telex.hu,24.hu,hvg.hu,index.hu,portfolio.hu,vg.hu,hwsw.hu,medicalonline.hu,energiaoldal.hu,jogiforum.hu"
HU,Hungary,2025-10-01T00:00:00Z,2025-11-01T00:00:00Z,9174,24,0.002616088947024199,-0.8747492115037702,24,0.002616088947024199,-0.8747492115037702,"telex.hu,24.hu,hvg.hu,index.hu,portfolio.hu,vg.hu,hwsw.hu,medicalonline.hu,energiaoldal.hu,jogiforum.hu"
HU,Hungary,2025-11-01T00:00:00Z,2025-12-01T00:00:00Z,8777,24,0.002734419505525806,-1.2938951939698993,24,0.002734419505525806,-1.2938951939698993,"telex.hu,24.hu,hvg.hu,index.hu,portfolio.hu,vg.hu,hwsw.hu,medicalonline.hu,energiaoldal.hu,jogiforum.hu"
HU,Hungary,2025-12-01T00:00:00Z,2026-01-01T00:00:00Z,7865,32,0.00406865861411316,-1.5108534778672105,32,0.00406865861411316,-1.5108534778672105,"telex.hu,24.hu,hvg.hu,index.hu,portfolio.hu,vg.hu,hwsw.hu,medicalonline.hu,energiaoldal.hu,jogiforum.hu"
HU,Hungary,2026-01-01T00:00:00Z,2026-02-01T00:00:00Z,8080,30,0.0037128712871287127,-1.9471758471840084,30,0.0037128712871287127,-1.9471758471840084,"telex.hu,24.hu,hvg.hu,index.hu,portfolio.hu,vg.hu,hwsw.hu,medicalonline.hu,energiaoldal.hu,jogiforum.hu"
HU,Hungary,2026-02-01T00:00:00Z,2026-03-01T00:00:00Z,7538,41,0.0054391085168479705,0.09969595461314447,41,0.0054391085168479705,0.09969595461314447,"telex.hu,24.hu,hvg.hu,index.hu,portfolio.hu,vg.hu,hwsw.hu,medicalonline.hu,energiaoldal.hu,jogiforum.hu"
HU,Hungary,2026-03-01T00:00:00Z,2026-04-01T00:00:00Z,3254,21,0.00645359557467732,-1.3348807698672085,21,0.00645359557467732,-1.3348807698672085,"telex.hu,24.hu,hvg.hu,index.hu,portfolio.hu,vg.hu,hwsw.hu,medicalonline.hu,energiaoldal.hu,jogiforum.hu"
IS,Iceland,2018-06-01T00:00:00Z,2018-07-01T00:00:00Z,10112,14,0.001384493670886076,-0.09255059729476063,15,0.0014833860759493672,-0.15730254329071258,"ruv.is,mbl.is,visir.is,dv.is,stundin.is,vb.is,startupiceland.com,laeknabladid.is,samorka.is,kjarninn.is"
IS,Iceland,2018-07-01T00:00:00Z,2018-08-01T00:00:00Z,7657,11,0.0014365939663053414,0.23413844851291313,11,0.0014365939663053414,0.23413844851291313,"ruv.is,mbl.is,visir.is,dv.is,stundin.is,vb.is,startupiceland.com,laeknabladid.is,samorka.is,kjarninn.is"
IS,Iceland,2018-08-01T00:00:00Z,2018-09-01T00:00:00Z,6408,7,0.0010923845193508116,-0.4615520542670422,7,0.0010923845193508116,-0.4615520542670422,"ruv.is,mbl.is,visir.is,dv.is,stundin.is,vb.is,startupiceland.com,laeknabladid.is,samorka.is,kjarninn.is"
IS,Iceland,2018-09-01T00:00:00Z,2018-10-01T00:00:00Z,6960,1,0.00014367816091954023,2.63504611330698,1,0.00014367816091954023,2.63504611330698,"ruv.is,mbl.is,visir.is,dv.is,stundin.is,vb.is,startupiceland.com,laeknabladid.is,samorka.is,kjarninn.is"
IS,Iceland,2018-10-01T00:00:00Z,2018-11-01T00:00:00Z,7938,6,0.0007558578987150416,0.16107187525215394,6,0.0007558578987150416,0.16107187525215394,"ruv.is,mbl.is,visir.is,dv.is,stundin.is,vb.is,startupiceland.com,laeknabladid.is,samorka.is,kjarninn.is"
IS,Iceland,2018-11-01T00:00:00Z,2018-12-01T00:00:00Z,8556,6,0.0007012622720897616,1.158924959884824,6,0.0007012622720897616,1.158924959884824,"ruv.is,mbl.is,visir.is,dv.is,stundin.is,vb.is,startupiceland.com,laeknabladid.is,samorka.is,kjarninn.is"
IS,Iceland,2018-12-01T00:00:00Z,2019-01-01T00:00:00Z,7451,5,0.0006710508656556167,1.7977443371083242,5,0.0006710508656556167,1.7977443371083242,"ruv.is,mbl.is,visir.is,dv.is,stundin.is,vb.is,startupiceland.com,laeknabladid.is,samorka.is,kjarninn.is"
IS,Iceland,2019-01-01T00:00:00Z,2019-02-01T00:00:00Z,7122,10,0.0014040999719180005,0.5293894373349615,10,0.0014040999719180005,0.5293894373349615,"ruv.is,mbl.is,visir.is,dv.is,stundin.is,vb.is,startupiceland.com,laeknabladid.is,samorka.is,kjarninn.is"
IS,Iceland,2019-02-01T00:00:00Z,2019-03-01T00:00:00Z,7061,9,0.001274606996176179,0.41947488111508224,9,0.001274606996176179,0.41947488111508224,"ruv.is,mbl.is,visir.is,dv.is,stundin.is,vb.is,startupiceland.com,laeknabladid.is,samorka.is,kjarninn.is"
IS,Iceland,2019-03-01T00:00:00Z,2019-04-01T00:00:00Z,6848,5,0.0007301401869158878,0.026069119592772194,5,0.0007301401869158878,0.026069119592772194,"ruv.is,mbl.is,visir.is,dv.is,stundin.is,vb.is,startupiceland.com,laeknabladid.is,samorka.is,kjarninn.is"
IS,Iceland,2019-04-01T00:00:00Z,2019-05-01T00:00:00Z,4194,4,0.0009537434430138292,1.0885773853004599,4,0.0009537434430138292,1.0885773853004599,"ruv.is,mbl.is,visir.is,dv.is,stundin.is,vb.is,startupiceland.com,laeknabladid.is,samorka.is,kjarninn.is"
IS,Iceland,2019-05-01T00:00:00Z,2019-06-01T00:00:00Z,4755,7,0.0014721345951629863,-1.1189369062363976,7,0.0014721345951629863,-1.1189369062363976,"ruv.is,mbl.is,visir.is,dv.is,stundin.is,vb.is,startupiceland.com,laeknabladid.is,samorka.is,kjarninn.is"
IS,Iceland,2019-06-01T00:00:00Z,2019-07-01T00:00:00Z,5118,4,0.0007815552950371239,1.269527596398679,4,0.0007815552950371239,1.269527596398679,"ruv.is,mbl.is,visir.is,dv.is,stundin.is,vb.is,startupiceland.com,laeknabladid.is,samorka.is,kjarninn.is"
IS,Iceland,2019-07-01T00:00:00Z,2019-08-01T00:00:00Z,4616,1,0.0002166377816291161,0.492610837438424,1,0.0002166377816291161,0.492610837438424,"ruv.is,mbl.is,visir.is,dv.is,stundin.is,vb.is,startupiceland.com,laeknabladid.is,samorka.is,kjarninn.is"
IS,Iceland,2019-08-01T00:00:00Z,2019-09-01T00:00:00Z,4380,1,0.00022831050228310502,-0.540540540540541,1,0.00022831050228310502,-0.540540540540541,"ruv.is,mbl.is,visir.is,dv.is,stundin.is,vb.is,startupiceland.com,laeknabladid.is,samorka.is,kjarninn.is"
IS,Iceland,2019-09-01T00:00:00Z,2019-10-01T00:00:00Z,5257,4,0.0007608902415826517,0.7236738012752231,4,0.0007608902415826517,0.7236738012752231,"ruv.is,mbl.is,visir.is,dv.is,stundin.is,vb.is,startupiceland.com,laeknabladid.is,samorka.is,kjarninn.is"
IS,Iceland,2019-10-01T00:00:00Z,2019-11-01T00:00:00Z,5305,12,0.0022620169651272385,-1.9319302034759858,12,0.0022620169651272385,-1.9319302034759858,"ruv.is,mbl.is,visir.is,dv.is,stundin.is,vb.is,startupiceland.com,laeknabladid.is,samorka.is,kjarninn.is"
IS,Iceland,2019-11-01T00:00:00Z,2019-12-01T00:00:00Z,5253,4,0.0007614696363982486,0.01055945801130953,4,0.0007614696363982486,0.01055945801130953,"ruv.is,mbl.is,visir.is,dv.is,stundin.is,vb.is,startupiceland.com,laeknabladid.is,samorka.is,kjarninn.is"
IS,Iceland,2019-12-01T00:00:00Z,2020-01-01T00:00:00Z,4933,1,0.00020271639975674033,0.578034682080925,1,0.00020271639975674033,0.578034682080925,"ruv.is,mbl.is,visir.is,dv.is,stundin.is,vb.is,startupiceland.com,laeknabladid.is,samorka.is,kjarninn.is"
IS,Iceland,2020-01-01T00:00:00Z,2020-02-01T00:00:00Z,5025,4,0.0007960199004975124,0.7179688938121587,4,0.0007960199004975124,0.7179688938121587,"ruv.is,mbl.is,visir.is,dv.is,stundin.is,vb.is,startupiceland.com,laeknabladid.is,samorka.is,kjarninn.is"
IS,Iceland,2020-02-01T00:00:00Z,2020-03-01T00:00:00Z,4684,3,0.0006404782237403928,1.06064439946019,3,0.0006404782237403928,1.06064439946019,"ruv.is,mbl.is,visir.is,dv.is,stundin.is,vb.is,startupiceland.com,laeknabladid.is,samorka.is,kjarninn.is"
IS,Iceland,2020-03-01T00:00:00Z,2020-04-01T00:00:00Z,5231,4,0.0007646721468170522,1.2118874611375319,4,0.0007646721468170522,1.2118874611375319,"ruv.is,mbl.is,visir.is,dv.is,stundin.is,vb.is,startupiceland.com,laeknabladid.is,samorka.is,kjarninn.is"
IS,Iceland,2020-04-01T00:00:00Z,2020-05-01T00:00:00Z,4769,2,0.0004193751310547285,0.742014994351443,2,0.0004193751310547285,0.742014994351443,"ruv.is,mbl.is,visir.is,dv.is,stundin.is,vb.is,startupiceland.com,laeknabladid.is,samorka.is,kjarninn.is"
IS,Iceland,2020-05-01T00:00:00Z,2020-06-01T00:00:00Z,4990,1,0.0002004008016032064,-4.31372549019608,1,0.0002004008016032064,-4.31372549019608,"ruv.is,mbl.is,visir.is,dv.is,stundin.is,vb.is,startupiceland.com,laeknabladid.is,samorka.is,kjarninn.is"
IS,Iceland,2020-06-01T00:00:00Z,2020-07-01T00:00:00Z,4804,6,0.0012489592006661116,-0.25030518470163954,6,0.0012489592006661116,-0.25030518470163954,"ruv.is,mbl.is,visir.is,dv.is,stundin.is,vb.is,startupiceland.com,laeknabladid.is,samorka.is,kjarninn.is"
IS,Iceland,2020-07-01T00:00:00Z,2020-08-01T00:00:00Z,4106,1,0.00024354603019970775,-2.29885057471264,1,0.00024354603019970775,-2.29885057471264,"ruv.is,mbl.is,visir.is,dv.is,stundin.is,vb.is,startupiceland.com,laeknabladid.is,samorka.is,kjarninn.is"
IS,Iceland,2020-08-01T00:00:00Z,2020-09-01T00:00:00Z,4010,2,0.0004987531172069825,1.4621458537244465,2,0.0004987531172069825,1.4621458537244465,"ruv.is,mbl.is,visir.is,dv.is,stundin.is,vb.is,startupiceland.com,laeknabladid.is,samorka.is,kjarninn.is"
IS,Iceland,2020-09-01T00:00:00Z,2020-10-01T00:00:00Z,4454,5,0.001122586439155815,1.6063735323058306,5,0.001122586439155815,1.6063735323058306,"ruv.is,mbl.is,visir.is,dv.is,stundin.is,vb.is,startupiceland.com,laeknabladid.is,samorka.is,kjarninn.is"
IS,Iceland,2020-10-01T00:00:00Z,2020-11-01T00:00:00Z,3242,6,0.001850709438618137,1.8403692231446482,6,0.001850709438618137,1.8403692231446482,"ruv.is,mbl.is,visir.is,dv.is,stundin.is,vb.is,startupiceland.com,laeknabladid.is,samorka.is,kjarninn.is"
IS,Iceland,2020-11-01T00:00:00Z,2020-12-01T00:00:00Z,3354,5,0.0014907573047107932,1.725731066574208,5,0.0014907573047107932,1.725731066574208,"ruv.is,mbl.is,visir.is,dv.is,stundin.is,vb.is,startupiceland.com,laeknabladid.is,samorka.is,kjarninn.is"
IS,Iceland,2020-12-01T00:00:00Z,2021-01-01T00:00:00Z,5639,2,0.0003546728143287817,-5.310747983043894,2,0.0003546728143287817,-5.310747983043894,"ruv.is,mbl.is,visir.is,dv.is,stundin.is,vb.is,startupiceland.com,laeknabladid.is,samorka.is,kjarninn.is"
IS,Iceland,2021-01-01T00:00:00Z,2021-02-01T00:00:00Z,5673,1,0.00017627357659086903,1.92926045016077,1,0.00017627357659086903,1.92926045016077,"ruv.is,mbl.is,visir.is,dv.is,stundin.is,vb.is,startupiceland.com,laeknabladid.is,samorka.is,kjarninn.is"
IS,Iceland,2021-02-01T00:00:00Z,2021-03-01T00:00:00Z,5489,5,0.0009109127345600292,1.486292007116507,5,0.0009109127345600292,1.486292007116507,"ruv.is,mbl.is,visir.is,dv.is,stundin.is,vb.is,startupiceland.com,laeknabladid.is,samorka.is,kjarninn.is"
IS,Iceland,2021-03-01T00:00:00Z,2021-04-01T00:00:00Z,6047,2,0.000330742516950554,1.1579059704678198,2,0.000330742516950554,1.1579059704678198,"ruv.is,mbl.is,visir.is,dv.is,stundin.is,vb.is,startupiceland.com,laeknabladid.is,samorka.is,kjarninn.is"
IS,Iceland,2021-04-01T00:00:00Z,2021-05-01T00:00:00Z,5531,9,0.0016271921894774905,0.4124979089625369,9,0.0016271921894774905,0.4124979089625369,"ruv.is,mbl.is,visir.is,dv.is,stundin.is,vb.is,startupiceland.com,laeknabladid.is,samorka.is,kjarninn.is"
IS,Iceland,2021-05-01T00:00:00Z,2021-06-01T00:00:00Z,6078,1,0.00016452780519907864,2.23880597014925,1,0.00016452780519907864,2.23880597014925,"ruv.is,mbl.is,visir.is,dv.is,stundin.is,vb.is,startupiceland.com,laeknabladid.is,samorka.is,kjarninn.is"
IS,Iceland,2021-06-01T00:00:00Z,2021-07-01T00:00:00Z,5804,3,0.0005168849069607167,0.8114643764609131,3,0.0005168849069607167,0.8114643764609131,"ruv.is,mbl.is,visir.is,dv.is,stundin.is,vb.is,startupiceland.com,laeknabladid.is,samorka.is,kjarninn.is"
IS,Iceland,2021-07-01T00:00:00Z,2021-08-01T00:00:00Z,5405,4,0.0007400555041628122,-1.2849251163627262,4,0.0007400555041628122,-1.2849251163627262,"ruv.is,mbl.is,visir.is,dv.is,stundin.is,vb.is,startupiceland.com,laeknabladid.is,samorka.is,kjarninn.is"
IS,Iceland,2021-08-01T00:00:00Z,2021-09-01T00:00:00Z,4874,1,0.0002051702913418137,-1.03092783505155,1,0.0002051702913418137,-1.03092783505155,"ruv.is,mbl.is,visir.is,dv.is,stundin.is,vb.is,startupiceland.com,laeknabladid.is,samorka.is,kjarninn.is"
IS,Iceland,2021-09-01T00:00:00Z,2021-10-01T00:00:00Z,5848,7,0.0011969904240766074,-1.098376489520282,7,0.0011969904240766074,-1.098376489520282,"ruv.is,mbl.is,visir.is,dv.is,stundin.is,vb.is,startupiceland.com,laeknabladid.is,samorka.is,kjarninn.is"
IS,Iceland,2021-10-01T00:00:00Z,2021-11-01T00:00:00Z,5907,5,0.0008464533604198408,1.786574434890056,5,0.0008464533604198408,1.786574434890056,"ruv.is,mbl.is,visir.is,dv.is,stundin.is,vb.is,startupiceland.com,laeknabladid.is,samorka.is,kjarninn.is"
IS,Iceland,2021-11-01T00:00:00Z,2021-12-01T00:00:00Z,5768,4,0.0006934812760055479,0.29844723076604496,4,0.0006934812760055479,0.29844723076604496,"ruv.is,mbl.is,visir.is,dv.is,stundin.is,vb.is,startupiceland.com,laeknabladid.is,samorka.is,kjarninn.is"
IS,Iceland,2021-12-01T00:00:00Z,2022-01-01T00:00:00Z,5897,4,0.0006783110055960658,-1.1213182453758574,4,0.0006783110055960658,-1.1213182453758574,"ruv.is,mbl.is,visir.is,dv.is,stundin.is,vb.is,startupiceland.com,laeknabladid.is,samorka.is,kjarninn.is"
IS,Iceland,2022-01-01T00:00:00Z,2022-02-01T00:00:00Z,5733,2,0.00034885749171463456,-1.0724323946858476,2,0.00034885749171463456,-1.0724323946858476,"ruv.is,mbl.is,visir.is,dv.is,stundin.is,vb.is,startupiceland.com,laeknabladid.is,samorka.is,kjarninn.is"
IS,Iceland,2022-02-01T00:00:00Z,2022-03-01T00:00:00Z,5014,2,0.00039888312724371757,1.92351280732867,2,0.00039888312724371757,1.92351280732867,"ruv.is,mbl.is,visir.is,dv.is,stundin.is,vb.is,startupiceland.com,laeknabladid.is,samorka.is,kjarninn.is"
IS,Iceland,2022-03-01T00:00:00Z,2022-04-01T00:00:00Z,5538,5,0.0009028530155290719,0.7599458281009921,5,0.0009028530155290719,0.7599458281009921,"ruv.is,mbl.is,visir.is,dv.is,stundin.is,vb.is,startupiceland.com,laeknabladid.is,samorka.is,kjarninn.is"
IS,Iceland,2022-04-01T00:00:00Z,2022-05-01T00:00:00Z,4963,5,0.0010074551682450132,0.9728657979704305,5,0.0010074551682450132,0.9728657979704305,"ruv.is,mbl.is,visir.is,dv.is,stundin.is,vb.is,startupiceland.com,laeknabladid.is,samorka.is,kjarninn.is"
IS,Iceland,2022-05-01T00:00:00Z,2022-06-01T00:00:00Z,5698,5,0.0008775008775008775,0.09532613144013735,5,0.0008775008775008775,0.09532613144013735,"ruv.is,mbl.is,visir.is,dv.is,stundin.is,vb.is,startupiceland.com,laeknabladid.is,samorka.is,kjarninn.is"
IS,Iceland,2022-06-01T00:00:00Z,2022-07-01T00:00:00Z,5011,2,0.0003991219317501497,0.5897938443670145,2,0.0003991219317501497,0.5897938443670145,"ruv.is,mbl.is,visir.is,dv.is,stundin.is,vb.is,startupiceland.com,laeknabladid.is,samorka.is,kjarninn.is"
IS,Iceland,2022-07-01T00:00:00Z,2022-08-01T00:00:00Z,4735,2,0.00042238648363252375,0.5585772252438909,2,0.00042238648363252375,0.5585772252438909,"ruv.is,mbl.is,visir.is,dv.is,stundin.is,vb.is,startupiceland.com,laeknabladid.is,samorka.is,kjarninn.is"
IS,Iceland,2022-08-01T00:00:00Z,2022-09-01T00:00:00Z,5161,1,0.00019376089905057158,-0.458715596330275,1,0.00019376089905057158,-0.458715596330275,"ruv.is,mbl.is,visir.is,dv.is,stundin.is,vb.is,startupiceland.com,laeknabladid.is,samorka.is,kjarninn.is"
IS,Iceland,2022-09-01T00:00:00Z,2022-10-01T00:00:00Z,5156,2,0.0003878975950349108,-3.18220219656435,2,0.0003878975950349108,-3.18220219656435,"ruv.is,mbl.is,visir.is,dv.is,stundin.is,vb.is,startupiceland.com,laeknabladid.is,samorka.is,kjarninn.is"
IS,Iceland,2022-10-01T00:00:00Z,2022-11-01T00:00:00Z,5246,4,0.0007624857033930614,-1.9248086379381326,4,0.0007624857033930614,-1.9248086379381326,"ruv.is,mbl.is,visir.is,dv.is,stundin.is,vb.is,startupiceland.com,laeknabladid.is,samorka.is,kjarninn.is"
IS,Iceland,2022-11-01T00:00:00Z,2022-12-01T00:00:00Z,4803,2,0.00041640641265875496,-0.11214416381807651,2,0.00041640641265875496,-0.11214416381807651,"ruv.is,mbl.is,visir.is,dv.is,stundin.is,vb.is,startupiceland.com,laeknabladid.is,samorka.is,kjarninn.is"
IS,Iceland,2022-12-01T00:00:00Z,2023-01-01T00:00:00Z,4556,2,0.0004389815627743635,-2.6170070677277497,2,0.0004389815627743635,-2.6170070677277497,"ruv.is,mbl.is,visir.is,dv.is,stundin.is,vb.is,startupiceland.com,laeknabladid.is,samorka.is,kjarninn.is"
IS,Iceland,2023-01-01T00:00:00Z,2023-02-01T00:00:00Z,4007,4,0.0009982530571499876,0.7564105265258615,4,0.0009982530571499876,0.7564105265258615,"ruv.is,mbl.is,visir.is,dv.is,stundin.is,vb.is,startupiceland.com,laeknabladid.is,samorka.is,kjarninn.is"
IS,Iceland,2023-02-01T00:00:00Z,2023-03-01T00:00:00Z,3438,5,0.0014543339150668994,-0.16351907206949168,5,0.0014543339150668994,-0.16351907206949168,"ruv.is,mbl.is,visir.is,dv.is,stundin.is,vb.is,startupiceland.com,laeknabladid.is,samorka.is,kjarninn.is"
IS,Iceland,2023-03-01T00:00:00Z,2023-04-01T00:00:00Z,4586,6,0.0013083296990841692,0.41014116858635496,6,0.0013083296990841692,0.41014116858635496,"ruv.is,mbl.is,visir.is,dv.is,stundin.is,vb.is,startupiceland.com,laeknabladid.is,samorka.is,kjarninn.is"
IS,Iceland,2023-04-01T00:00:00Z,2023-05-01T00:00:00Z,6223,4,0.0006427767957576731,-1.8152370462159828,4,0.0006427767957576731,-1.8152370462159828,"ruv.is,mbl.is,visir.is,dv.is,stundin.is,vb.is,startupiceland.com,laeknabladid.is,samorka.is,kjarninn.is"
IS,Iceland,2023-05-01T00:00:00Z,2023-06-01T00:00:00Z,6943,9,0.001296269624081809,0.4006126451756604,9,0.001296269624081809,0.4006126451756604,"ruv.is,mbl.is,visir.is,dv.is,stundin.is,vb.is,startupiceland.com,laeknabladid.is,samorka.is,kjarninn.is"
IS,Iceland,2023-06-01T00:00:00Z,2023-07-01T00:00:00Z,6966,6,0.0008613264427217916,-0.08645116918411064,6,0.0008613264427217916,-0.08645116918411064,"ruv.is,mbl.is,visir.is,dv.is,stundin.is,vb.is,startupiceland.com,laeknabladid.is,samorka.is,kjarninn.is"
IS,Iceland,2023-07-01T00:00:00Z,2023-08-01T00:00:00Z,6984,5,0.0007159221076746849,0.36279057615717647,5,0.0007159221076746849,0.36279057615717647,"ruv.is,mbl.is,visir.is,dv.is,stundin.is,vb.is,startupiceland.com,laeknabladid.is,samorka.is,kjarninn.is"
IS,Iceland,2023-08-01T00:00:00Z,2023-09-01T00:00:00Z,6972,2,0.00028686173264486515,1.1108714408973246,2,0.00028686173264486515,1.1108714408973246,"ruv.is,mbl.is,visir.is,dv.is,stundin.is,vb.is,startupiceland.com,laeknabladid.is,samorka.is,kjarninn.is"
IS,Iceland,2023-09-01T00:00:00Z,2023-10-01T00:00:00Z,7276,1,0.00013743815283122595,-1.38888888888889,1,0.00013743815283122595,-1.38888888888889,"ruv.is,mbl.is,visir.is,dv.is,stundin.is,vb.is,startupiceland.com,laeknabladid.is,samorka.is,kjarninn.is"
IS,Iceland,2023-10-01T00:00:00Z,2023-11-01T00:00:00Z,7949,8,0.0010064159013712416,-0.4376045773387611,8,0.0010064159013712416,-0.4376045773387611,"ruv.is,mbl.is,visir.is,dv.is,stundin.is,vb.is,startupiceland.com,laeknabladid.is,samorka.is,kjarninn.is"
IS,Iceland,2023-11-01T00:00:00Z,2023-12-01T00:00:00Z,8536,6,0.0007029053420805998,0.9092618137840252,6,0.0007029053420805998,0.9092618137840252,"ruv.is,mbl.is,visir.is,dv.is,stundin.is,vb.is,startupiceland.com,laeknabladid.is,samorka.is,kjarninn.is"
IS,Iceland,2023-12-01T00:00:00Z,2024-01-01T00:00:00Z,8066,6,0.0007438631291842301,2.371671265905738,6,0.0007438631291842301,2.371671265905738,"ruv.is,mbl.is,visir.is,dv.is,stundin.is,vb.is,startupiceland.com,laeknabladid.is,samorka.is,kjarninn.is"
IS,Iceland,2024-01-01T00:00:00Z,2024-02-01T00:00:00Z,9230,8,0.000866738894907909,2.358888312105803,8,0.000866738894907909,2.358888312105803,"ruv.is,mbl.is,visir.is,dv.is,stundin.is,vb.is,startupiceland.com,laeknabladid.is,samorka.is,kjarninn.is"
IS,Iceland,2024-02-01T00:00:00Z,2024-03-01T00:00:00Z,8983,8,0.0008905710787042191,1.0459051518077898,8,0.0008905710787042191,1.0459051518077898,"ruv.is,mbl.is,visir.is,dv.is,stundin.is,vb.is,startupiceland.com,laeknabladid.is,samorka.is,kjarninn.is"
IS,Iceland,2024-03-01T00:00:00Z,2024-04-01T00:00:00Z,9188,2,0.00021767522855898998,-0.01906470786139014,2,0.00021767522855898998,-0.01906470786139014,"ruv.is,mbl.is,visir.is,dv.is,stundin.is,vb.is,startupiceland.com,laeknabladid.is,samorka.is,kjarninn.is"
IS,Iceland,2024-04-01T00:00:00Z,2024-05-01T00:00:00Z,9066,5,0.0005515111405250386,0.3056381985593021,5,0.0005515111405250386,0.3056381985593021,"ruv.is,mbl.is,visir.is,dv.is,stundin.is,vb.is,startupiceland.com,laeknabladid.is,samorka.is,kjarninn.is"
IS,Iceland,2024-05-01T00:00:00Z,2024-06-01T00:00:00Z,9810,6,0.0006116207951070336,-0.45953020002746303,6,0.0006116207951070336,-0.45953020002746303,"ruv.is,mbl.is,visir.is,dv.is,stundin.is,vb.is,startupiceland.com,laeknabladid.is,samorka.is,kjarninn.is"
IS,Iceland,2024-06-01T00:00:00Z,2024-07-01T00:00:00Z,8688,11,0.0012661141804788214,2.87579825011134,11,0.0012661141804788214,2.87579825011134,"ruv.is,mbl.is,visir.is,dv.is,stundin.is,vb.is,startupiceland.com,laeknabladid.is,samorka.is,kjarninn.is"
IS,Iceland,2024-07-01T00:00:00Z,2024-08-01T00:00:00Z,7798,11,0.0014106181072069761,-0.4824304438979301,11,0.0014106181072069761,-0.4824304438979301,"ruv.is,mbl.is,visir.is,dv.is,stundin.is,vb.is,startupiceland.com,laeknabladid.is,samorka.is,kjarninn.is"
IS,Iceland,2024-08-01T00:00:00Z,2024-09-01T00:00:00Z,7939,14,0.0017634462778687492,0.1525596025165452,14,0.0017634462778687492,0.1525596025165452,"ruv.is,mbl.is,visir.is,dv.is,stundin.is,vb.is,startupiceland.com,laeknabladid.is,samorka.is,kjarninn.is"
IS,Iceland,2024-09-01T00:00:00Z,2024-10-01T00:00:00Z,8564,8,0.0009341429238673517,-0.24184440535401525,8,0.0009341429238673517,-0.24184440535401525,"ruv.is,mbl.is,visir.is,dv.is,stundin.is,vb.is,startupiceland.com,laeknabladid.is,samorka.is,kjarninn.is"
IS,Iceland,2024-10-01T00:00:00Z,2024-11-01T00:00:00Z,9604,6,0.0006247396917950854,2.5809228300671125,6,0.0006247396917950854,2.5809228300671125,"ruv.is,mbl.is,visir.is,dv.is,stundin.is,vb.is,startupiceland.com,laeknabladid.is,samorka.is,kjarninn.is"
IS,Iceland,2024-11-01T00:00:00Z,2024-12-01T00:00:00Z,9762,3,0.00030731407498463427,-0.9515605167779065,3,0.00030731407498463427,-0.9515605167779065,"ruv.is,mbl.is,visir.is,dv.is,stundin.is,vb.is,startupiceland.com,laeknabladid.is,samorka.is,kjarninn.is"
IS,Iceland,2024-12-01T00:00:00Z,2025-01-01T00:00:00Z,8377,1,0.0001193744777366599,1.12359550561798,1,0.0001193744777366599,1.12359550561798,"ruv.is,mbl.is,visir.is,dv.is,stundin.is,vb.is,startupiceland.com,laeknabladid.is,samorka.is,kjarninn.is"
IS,Iceland,2025-01-01T00:00:00Z,2025-02-01T00:00:00Z,8328,4,0.0004803073967339097,-1.0231578872204372,4,0.0004803073967339097,-1.0231578872204372,"ruv.is,mbl.is,visir.is,dv.is,stundin.is,vb.is,startupiceland.com,laeknabladid.is,samorka.is,kjarninn.is"
IS,Iceland,2025-02-01T00:00:00Z,2025-03-01T00:00:00Z,7970,6,0.000752823086574655,-0.2056896989350876,6,0.000752823086574655,-0.2056896989350876,"ruv.is,mbl.is,visir.is,dv.is,stundin.is,vb.is,startupiceland.com,laeknabladid.is,samorka.is,kjarninn.is"
IS,Iceland,2025-03-01T00:00:00Z,2025-04-01T00:00:00Z,8479,4,0.00047175374454534735,0.7879087246242045,4,0.00047175374454534735,0.7879087246242045,"ruv.is,mbl.is,visir.is,dv.is,stundin.is,vb.is,startupiceland.com,laeknabladid.is,samorka.is,kjarninn.is"
IS,Iceland,2025-04-01T00:00:00Z,2025-05-01T00:00:00Z,7755,3,0.00038684719535783365,-1.2473986793272536,3,0.00038684719535783365,-1.2473986793272536,"ruv.is,mbl.is,visir.is,dv.is,stundin.is,vb.is,startupiceland.com,laeknabladid.is,samorka.is,kjarninn.is"
IS,Iceland,2025-05-01T00:00:00Z,2025-06-01T00:00:00Z,8575,12,0.0013994169096209913,1.5606182392961752,12,0.0013994169096209913,1.5606182392961752,"ruv.is,mbl.is,visir.is,dv.is,stundin.is,vb.is,startupiceland.com,laeknabladid.is,samorka.is,kjarninn.is"
IS,Iceland,2025-06-01T00:00:00Z,2025-07-01T00:00:00Z,3846,2,0.0005200208008320333,0.7617161716171614,2,0.0005200208008320333,0.7617161716171614,"ruv.is,mbl.is,visir.is,dv.is,stundin.is,vb.is,startupiceland.com,laeknabladid.is,samorka.is,kjarninn.is"
IS,Iceland,2025-07-01T00:00:00Z,2025-08-01T00:00:00Z,7240,6,0.0008287292817679558,2.6183625070702403,6,0.0008287292817679558,2.6183625070702403,"ruv.is,mbl.is,visir.is,dv.is,stundin.is,vb.is,startupiceland.com,laeknabladid.is,samorka.is,kjarninn.is"
IS,Iceland,2025-08-01T00:00:00Z,2025-09-01T00:00:00Z,7628,6,0.0007865757734661773,0.2766632308076431,6,0.0007865757734661773,0.2766632308076431,"ruv.is,mbl.is,visir.is,dv.is,stundin.is,vb.is,startupiceland.com,laeknabladid.is,samorka.is,kjarninn.is"
IS,Iceland,2025-09-01T00:00:00Z,2025-10-01T00:00:00Z,8693,5,0.0005751754285056943,1.3666964791916918,5,0.0005751754285056943,1.3666964791916918,"ruv.is,mbl.is,visir.is,dv.is,stundin.is,vb.is,startupiceland.com,laeknabladid.is,samorka.is,kjarninn.is"
IS,Iceland,2025-10-01T00:00:00Z,2025-11-01T00:00:00Z,9248,5,0.0005406574394463668,2.098475933778884,5,0.0005406574394463668,2.098475933778884,"ruv.is,mbl.is,visir.is,dv.is,stundin.is,vb.is,startupiceland.com,laeknabladid.is,samorka.is,kjarninn.is"
IS,Iceland,2025-11-01T00:00:00Z,2025-12-01T00:00:00Z,8440,9,0.0010663507109004739,0.4493178891279123,9,0.0010663507109004739,0.4493178891279123,"ruv.is,mbl.is,visir.is,dv.is,stundin.is,vb.is,startupiceland.com,laeknabladid.is,samorka.is,kjarninn.is"
IS,Iceland,2025-12-01T00:00:00Z,2026-01-01T00:00:00Z,5383,3,0.0005573100501579045,-0.5070546737213406,3,0.0005573100501579045,-0.5070546737213406,"ruv.is,mbl.is,visir.is,dv.is,stundin.is,vb.is,startupiceland.com,laeknabladid.is,samorka.is,kjarninn.is"
IS,Iceland,2026-01-01T00:00:00Z,2026-02-01T00:00:00Z,5878,6,0.0010207553589656345,-0.3298153034300783,6,0.0010207553589656345,-0.3298153034300783,"ruv.is,mbl.is,visir.is,dv.is,stundin.is,vb.is,startupiceland.com,laeknabladid.is,samorka.is,kjarninn.is"
IS,Iceland,2026-02-01T00:00:00Z,2026-03-01T00:00:00Z,5468,0,0.0,,0,0.0,,"ruv.is,mbl.is,visir.is,dv.is,stundin.is,vb.is,startupiceland.com,laeknabladid.is,samorka.is,kjarninn.is"
IS,Iceland,2026-03-01T00:00:00Z,2026-04-01T00:00:00Z,2326,3,0.0012897678417884782,-0.007785107095919674,3,0.0012897678417884782,-0.007785107095919674,"ruv.is,mbl.is,visir.is,dv.is,stundin.is,vb.is,startupiceland.com,laeknabladid.is,samorka.is,kjarninn.is"
PL,Poland,2018-06-01T00:00:00Z,2018-07-01T00:00:00Z,16465,759,0.04609778317643486,-3.7240662488109386,763,0.046340722745217125,-3.71421247611007,"tvn24.pl,onet.pl,gazeta.pl,rp.pl,wyborcza.pl,pb.pl,spidersweb.pl,rynekzdrowia.pl,wysokienapiecie.pl,prawo.pl"
PL,Poland,2018-07-01T00:00:00Z,2018-08-01T00:00:00Z,14956,596,0.03985022733351164,-4.310051221874214,599,0.04005081572612998,-4.297465634617032,"tvn24.pl,onet.pl,gazeta.pl,rp.pl,wyborcza.pl,pb.pl,spidersweb.pl,rynekzdrowia.pl,wysokienapiecie.pl,prawo.pl"
PL,Poland,2018-08-01T00:00:00Z,2018-09-01T00:00:00Z,13459,514,0.038190058696782825,-4.3762195606655805,514,0.038190058696782825,-4.3762195606655805,"tvn24.pl,onet.pl,gazeta.pl,rp.pl,wyborcza.pl,pb.pl,spidersweb.pl,rynekzdrowia.pl,wysokienapiecie.pl,prawo.pl"
PL,Poland,2018-09-01T00:00:00Z,2018-10-01T00:00:00Z,11742,426,0.036280020439448134,-4.7185827157538345,427,0.03636518480667689,-4.71042343047393,"tvn24.pl,onet.pl,gazeta.pl,rp.pl,wyborcza.pl,pb.pl,spidersweb.pl,rynekzdrowia.pl,wysokienapiecie.pl,prawo.pl"
PL,Poland,2018-10-01T00:00:00Z,2018-11-01T00:00:00Z,12770,312,0.024432263116679717,-4.461388925644294,312,0.024432263116679717,-4.461388925644294,"tvn24.pl,onet.pl,gazeta.pl,rp.pl,wyborcza.pl,pb.pl,spidersweb.pl,rynekzdrowia.pl,wysokienapiecie.pl,prawo.pl"
PL,Poland,2018-11-01T00:00:00Z,2018-12-01T00:00:00Z,10994,264,0.024013098053483718,-3.1822439233394606,264,0.024013098053483718,-3.1822439233394606,"tvn24.pl,onet.pl,gazeta.pl,rp.pl,wyborcza.pl,pb.pl,spidersweb.pl,rynekzdrowia.pl,wysokienapiecie.pl,prawo.pl"
PL,Poland,2018-12-01T00:00:00Z,2019-01-01T00:00:00Z,10983,219,0.01993990712919967,-3.390956730497762,221,0.020122006737685515,-3.4198756550208156,"tvn24.pl,onet.pl,gazeta.pl,rp.pl,wyborcza.pl,pb.pl,spidersweb.pl,rynekzdrowia.pl,wysokienapiecie.pl,prawo.pl"
PL,Poland,2019-01-01T00:00:00Z,2019-02-01T00:00:00Z,12348,195,0.015792031098153546,-4.0397416767439225,198,0.016034985422740525,-3.984344606247635,"tvn24.pl,onet.pl,gazeta.pl,rp.pl,wyborcza.pl,pb.pl,spidersweb.pl,rynekzdrowia.pl,wysokienapiecie.pl,prawo.pl"
PL,Poland,2019-02-01T00:00:00Z,2019-03-01T00:00:00Z,11160,189,0.016935483870967744,-4.127077276096651,190,0.017025089605734768,-4.112468192282202,"tvn24.pl,onet.pl,gazeta.pl,rp.pl,wyborcza.pl,pb.pl,spidersweb.pl,rynekzdrowia.pl,wysokienapiecie.pl,prawo.pl"
PL,Poland,2019-03-01T00:00:00Z,2019-04-01T00:00:00Z,12100,236,0.019504132231404958,-3.7043665811257256,239,0.01975206611570248,-3.6825348262706825,"tvn24.pl,onet.pl,gazeta.pl,rp.pl,wyborcza.pl,pb.pl,spidersweb.pl,rynekzdrowia.pl,wysokienapiecie.pl,prawo.pl"
PL,Poland,2019-04-01T00:00:00Z,2019-05-01T00:00:00Z,11596,227,0.019575715764056572,-4.022484294425433,229,0.01974818903070024,-3.9897570668162814,"tvn24.pl,onet.pl,gazeta.pl,rp.pl,wyborcza.pl,pb.pl,spidersweb.pl,rynekzdrowia.pl,wysokienapiecie.pl,prawo.pl"
PL,Poland,2019-05-01T00:00:00Z,2019-06-01T00:00:00Z,11485,186,0.016195037004788856,-3.4082106334436344,187,0.01628210709621245,-3.385210271003522,"tvn24.pl,onet.pl,gazeta.pl,rp.pl,wyborcza.pl,pb.pl,spidersweb.pl,rynekzdrowia.pl,wysokienapiecie.pl,prawo.pl"
PL,Poland,2019-06-01T00:00:00Z,2019-07-01T00:00:00Z,10126,192,0.018961090262690106,-3.8589175412330152,193,0.019059845941141615,-3.8488238131721073,"tvn24.pl,onet.pl,gazeta.pl,rp.pl,wyborcza.pl,pb.pl,spidersweb.pl,rynekzdrowia.pl,wysokienapiecie.pl,prawo.pl"
PL,Poland,2019-07-01T00:00:00Z,2019-08-01T00:00:00Z,10596,200,0.01887504718761797,-3.835485783589295,202,0.019063797659494147,-3.800833156720081,"tvn24.pl,onet.pl,gazeta.pl,rp.pl,wyborcza.pl,pb.pl,spidersweb.pl,rynekzdrowia.pl,wysokienapiecie.pl,prawo.pl"
PL,Poland,2019-08-01T00:00:00Z,2019-09-01T00:00:00Z,8660,155,0.01789838337182448,-3.77836499191429,155,0.01789838337182448,-3.77836499191429,"tvn24.pl,onet.pl,gazeta.pl,rp.pl,wyborcza.pl,pb.pl,spidersweb.pl,rynekzdrowia.pl,wysokienapiecie.pl,prawo.pl"
PL,Poland,2019-09-01T00:00:00Z,2019-10-01T00:00:00Z,10628,162,0.015242754986827249,-4.494417042169346,164,0.015430937147158449,-4.4589522616470845,"tvn24.pl,onet.pl,gazeta.pl,rp.pl,wyborcza.pl,pb.pl,spidersweb.pl,rynekzdrowia.pl,wysokienapiecie.pl,prawo.pl"
PL,Poland,2019-10-01T00:00:00Z,2019-11-01T00:00:00Z,11412,160,0.014020329477742727,-3.5162923816657536,160,0.014020329477742727,-3.5162923816657536,"tvn24.pl,onet.pl,gazeta.pl,rp.pl,wyborcza.pl,pb.pl,spidersweb.pl,rynekzdrowia.pl,wysokienapiecie.pl,prawo.pl"
PL,Poland,2019-11-01T00:00:00Z,2019-12-01T00:00:00Z,8862,174,0.01963439404197698,-4.025028421924233,175,0.019747235387045814,-4.014559587834038,"tvn24.pl,onet.pl,gazeta.pl,rp.pl,wyborcza.pl,pb.pl,spidersweb.pl,rynekzdrowia.pl,wysokienapiecie.pl,prawo.pl"
PL,Poland,2019-12-01T00:00:00Z,2020-01-01T00:00:00Z,8683,148,0.01704480018426811,-4.0470395213458765,148,0.01704480018426811,-4.0470395213458765,"tvn24.pl,onet.pl,gazeta.pl,rp.pl,wyborcza.pl,pb.pl,spidersweb.pl,rynekzdrowia.pl,wysokienapiecie.pl,prawo.pl"
PL,Poland,2020-01-01T00:00:00Z,2020-02-01T00:00:00Z,10851,294,0.027094277025158972,-4.532713070468827,299,0.02755506404939637,-4.508815809604463,"tvn24.pl,onet.pl,gazeta.pl,rp.pl,wyborcza.pl,pb.pl,spidersweb.pl,rynekzdrowia.pl,wysokienapiecie.pl,prawo.pl"
PL,Poland,2020-02-01T00:00:00Z,2020-03-01T00:00:00Z,10052,318,0.03163549542379626,-4.285723929297843,319,0.031734978113808196,-4.276413789938551,"tvn24.pl,onet.pl,gazeta.pl,rp.pl,wyborcza.pl,pb.pl,spidersweb.pl,rynekzdrowia.pl,wysokienapiecie.pl,prawo.pl"
PL,Poland,2020-03-01T00:00:00Z,2020-04-01T00:00:00Z,12620,247,0.019572107765451666,-4.153621799493055,249,0.019730586370839936,-4.136967885522151,"tvn24.pl,onet.pl,gazeta.pl,rp.pl,wyborcza.pl,pb.pl,spidersweb.pl,rynekzdrowia.pl,wysokienapiecie.pl,prawo.pl"
PL,Poland,2020-04-01T00:00:00Z,2020-05-01T00:00:00Z,12325,322,0.026125760649087223,-4.1901788930489285,323,0.02620689655172414,-4.194061082465179,"tvn24.pl,onet.pl,gazeta.pl,rp.pl,wyborcza.pl,pb.pl,spidersweb.pl,rynekzdrowia.pl,wysokienapiecie.pl,prawo.pl"
PL,Poland,2020-05-01T00:00:00Z,2020-06-01T00:00:00Z,11985,349,0.02911973299958281,-4.6434326586595915,349,0.02911973299958281,-4.6434326586595915,"tvn24.pl,onet.pl,gazeta.pl,rp.pl,wyborcza.pl,pb.pl,spidersweb.pl,rynekzdrowia.pl,wysokienapiecie.pl,prawo.pl"
PL,Poland,2020-06-01T00:00:00Z,2020-07-01T00:00:00Z,11616,316,0.027203856749311296,-4.673956459004879,319,0.027462121212121212,-4.6773098552901216,"tvn24.pl,onet.pl,gazeta.pl,rp.pl,wyborcza.pl,pb.pl,spidersweb.pl,rynekzdrowia.pl,wysokienapiecie.pl,prawo.pl"
PL,Poland,2020-07-01T00:00:00Z,2020-08-01T00:00:00Z,10896,362,0.033223201174743026,-4.453558291744731,363,0.033314977973568284,-4.451270771397767,"tvn24.pl,onet.pl,gazeta.pl,rp.pl,wyborcza.pl,pb.pl,spidersweb.pl,rynekzdrowia.pl,wysokienapiecie.pl,prawo.pl"
PL,Poland,2020-08-01T00:00:00Z,2020-09-01T00:00:00Z,10478,316,0.030158427180759687,-4.068954255970719,318,0.0303493033021569,-4.055426966026293,"tvn24.pl,onet.pl,gazeta.pl,rp.pl,wyborcza.pl,pb.pl,spidersweb.pl,rynekzdrowia.pl,wysokienapiecie.pl,prawo.pl"
PL,Poland,2020-09-01T00:00:00Z,2020-10-01T00:00:00Z,10596,288,0.027180067950169876,-4.60718215332836,297,0.028029445073612685,-4.552282828999562,"tvn24.pl,onet.pl,gazeta.pl,rp.pl,wyborcza.pl,pb.pl,spidersweb.pl,rynekzdrowia.pl,wysokienapiecie.pl,prawo.pl"
PL,Poland,2020-10-01T00:00:00Z,2020-11-01T00:00:00Z,8896,263,0.02956384892086331,-5.1764376372537235,268,0.03012589928057554,-5.117595614150338,"tvn24.pl,onet.pl,gazeta.pl,rp.pl,wyborcza.pl,pb.pl,spidersweb.pl,rynekzdrowia.pl,wysokienapiecie.pl,prawo.pl"
PL,Poland,2020-11-01T00:00:00Z,2020-12-01T00:00:00Z,8180,300,0.03667481662591687,-4.544505965930258,307,0.03753056234718826,-4.461034340159334,"tvn24.pl,onet.pl,gazeta.pl,rp.pl,wyborcza.pl,pb.pl,spidersweb.pl,rynekzdrowia.pl,wysokienapiecie.pl,prawo.pl"
PL,Poland,2020-12-01T00:00:00Z,2021-01-01T00:00:00Z,12221,366,0.029948449390393584,-3.8996383118675326,370,0.030275754848212093,-3.913218710152779,"tvn24.pl,onet.pl,gazeta.pl,rp.pl,wyborcza.pl,pb.pl,spidersweb.pl,rynekzdrowia.pl,wysokienapiecie.pl,prawo.pl"
PL,Poland,2021-01-01T00:00:00Z,2021-02-01T00:00:00Z,12656,347,0.027417825537294563,-4.494835000446004,353,0.027891908975979773,-4.407120858389559,"tvn24.pl,onet.pl,gazeta.pl,rp.pl,wyborcza.pl,pb.pl,spidersweb.pl,rynekzdrowia.pl,wysokienapiecie.pl,prawo.pl"
PL,Poland,2021-02-01T00:00:00Z,2021-03-01T00:00:00Z,12477,407,0.03262002083834255,-4.53286718505091,407,0.03262002083834255,-4.53286718505091,"tvn24.pl,onet.pl,gazeta.pl,rp.pl,wyborcza.pl,pb.pl,spidersweb.pl,rynekzdrowia.pl,wysokienapiecie.pl,prawo.pl"
PL,Poland,2021-03-01T00:00:00Z,2021-04-01T00:00:00Z,14582,391,0.026813880126182965,-4.4964334236262165,394,0.027019613221780276,-4.481107267282828,"tvn24.pl,onet.pl,gazeta.pl,rp.pl,wyborcza.pl,pb.pl,spidersweb.pl,rynekzdrowia.pl,wysokienapiecie.pl,prawo.pl"
PL,Poland,2021-04-01T00:00:00Z,2021-05-01T00:00:00Z,12949,394,0.030427060004633563,-4.65037134441145,398,0.03073596416711715,-4.603864076705313,"tvn24.pl,onet.pl,gazeta.pl,rp.pl,wyborcza.pl,pb.pl,spidersweb.pl,rynekzdrowia.pl,wysokienapiecie.pl,prawo.pl"
PL,Poland,2021-05-01T00:00:00Z,2021-06-01T00:00:00Z,12558,444,0.035355948399426664,-4.290335988525183,449,0.03575410097149227,-4.2894426519786375,"tvn24.pl,onet.pl,gazeta.pl,rp.pl,wyborcza.pl,pb.pl,spidersweb.pl,rynekzdrowia.pl,wysokienapiecie.pl,prawo.pl"
PL,Poland,2021-06-01T00:00:00Z,2021-07-01T00:00:00Z,12439,478,0.038427526328482994,-3.9097495536317908,484,0.0389098802154514,-3.8662802512690524,"tvn24.pl,onet.pl,gazeta.pl,rp.pl,wyborcza.pl,pb.pl,spidersweb.pl,rynekzdrowia.pl,wysokienapiecie.pl,prawo.pl"
PL,Poland,2021-07-01T00:00:00Z,2021-08-01T00:00:00Z,12164,510,0.04192699769812561,-4.5459126669831695,514,0.04225583689575797,-4.51382350684365,"tvn24.pl,onet.pl,gazeta.pl,rp.pl,wyborcza.pl,pb.pl,spidersweb.pl,rynekzdrowia.pl,wysokienapiecie.pl,prawo.pl"
PL,Poland,2021-08-01T00:00:00Z,2021-09-01T00:00:00Z,11275,496,0.04399113082039911,-4.776621112732371,500,0.04434589800443459,-4.753849047808272,"tvn24.pl,onet.pl,gazeta.pl,rp.pl,wyborcza.pl,pb.pl,spidersweb.pl,rynekzdrowia.pl,wysokienapiecie.pl,prawo.pl"
PL,Poland,2021-09-01T00:00:00Z,2021-10-01T00:00:00Z,11105,501,0.045114813147230974,-4.703966807485102,506,0.04556506078343089,-4.667583784932606,"tvn24.pl,onet.pl,gazeta.pl,rp.pl,wyborcza.pl,pb.pl,spidersweb.pl,rynekzdrowia.pl,wysokienapiecie.pl,prawo.pl"
PL,Poland,2021-10-01T00:00:00Z,2021-11-01T00:00:00Z,12822,556,0.043362969895492126,-4.344748282425322,565,0.04406488847293714,-4.3093082380880405,"tvn24.pl,onet.pl,gazeta.pl,rp.pl,wyborcza.pl,pb.pl,spidersweb.pl,rynekzdrowia.pl,wysokienapiecie.pl,prawo.pl"
PL,Poland,2021-11-01T00:00:00Z,2021-12-01T00:00:00Z,12922,557,0.04310478254140226,-4.677030586063819,576,0.04457514316669246,-4.556568846906316,"tvn24.pl,onet.pl,gazeta.pl,rp.pl,wyborcza.pl,pb.pl,spidersweb.pl,rynekzdrowia.pl,wysokienapiecie.pl,prawo.pl"
PL,Poland,2021-12-01T00:00:00Z,2022-01-01T00:00:00Z,12809,430,0.03357014599110001,-4.768657541870211,440,0.034350847060660473,-4.6870001664131244,"tvn24.pl,onet.pl,gazeta.pl,rp.pl,wyborcza.pl,pb.pl,spidersweb.pl,rynekzdrowia.pl,wysokienapiecie.pl,prawo.pl"
PL,Poland,2022-01-01T00:00:00Z,2022-02-01T00:00:00Z,12424,487,0.03919832582099163,-4.942707868294899,497,0.0400032195750161,-4.872390926035215,"tvn24.pl,onet.pl,gazeta.pl,rp.pl,wyborcza.pl,pb.pl,spidersweb.pl,rynekzdrowia.pl,wysokienapiecie.pl,prawo.pl"
PL,Poland,2022-02-01T00:00:00Z,2022-03-01T00:00:00Z,12544,405,0.03228635204081633,-4.478704703162635,408,0.032525510204081634,-4.4613873218279725,"tvn24.pl,onet.pl,gazeta.pl,rp.pl,wyborcza.pl,pb.pl,spidersweb.pl,rynekzdrowia.pl,wysokienapiecie.pl,prawo.pl"
PL,Poland,2022-03-01T00:00:00Z,2022-04-01T00:00:00Z,10611,218,0.020544717745735557,-4.288347979010022,224,0.021110168692865895,-4.241860861817459,"tvn24.pl,onet.pl,gazeta.pl,rp.pl,wyborcza.pl,pb.pl,spidersweb.pl,rynekzdrowia.pl,wysokienapiecie.pl,prawo.pl"
PL,Poland,2022-04-01T00:00:00Z,2022-05-01T00:00:00Z,7447,175,0.02349939572982409,-3.230642700375125,176,0.023633677991137372,-3.239868417600487,"tvn24.pl,onet.pl,gazeta.pl,rp.pl,wyborcza.pl,pb.pl,spidersweb.pl,rynekzdrowia.pl,wysokienapiecie.pl,prawo.pl"
PL,Poland,2022-05-01T00:00:00Z,2022-06-01T00:00:00Z,7804,260,0.03331624807790876,-3.1890598879329173,265,0.03395694515633009,-3.123732577878523,"tvn24.pl,onet.pl,gazeta.pl,rp.pl,wyborcza.pl,pb.pl,spidersweb.pl,rynekzdrowia.pl,wysokienapiecie.pl,prawo.pl"
PL,Poland,2022-06-01T00:00:00Z,2022-07-01T00:00:00Z,7513,181,0.0240915746040197,-3.287278279082578,184,0.024490882470384667,-3.2702842202329947,"tvn24.pl,onet.pl,gazeta.pl,rp.pl,wyborcza.pl,pb.pl,spidersweb.pl,rynekzdrowia.pl,wysokienapiecie.pl,prawo.pl"
PL,Poland,2022-07-01T00:00:00Z,2022-08-01T00:00:00Z,7251,194,0.02675493035443387,-3.8329012035414762,198,0.0273065784029789,-3.8180594351707633,"tvn24.pl,onet.pl,gazeta.pl,rp.pl,wyborcza.pl,pb.pl,spidersweb.pl,rynekzdrowia.pl,wysokienapiecie.pl,prawo.pl"
PL,Poland,2022-08-01T00:00:00Z,2022-09-01T00:00:00Z,5880,147,0.025,-4.318215777527123,211,0.0358843537414966,-3.7852598359930516,"tvn24.pl,onet.pl,gazeta.pl,rp.pl,wyborcza.pl,pb.pl,spidersweb.pl,rynekzdrowia.pl,wysokienapiecie.pl,prawo.pl"
PL,Poland,2022-09-01T00:00:00Z,2022-10-01T00:00:00Z,4642,104,0.02240413614821198,-2.5258159925097226,110,0.023696682464454975,-2.505568814246783,"tvn24.pl,onet.pl,gazeta.pl,rp.pl,wyborcza.pl,pb.pl,spidersweb.pl,rynekzdrowia.pl,wysokienapiecie.pl,prawo.pl"
PL,Poland,2022-10-01T00:00:00Z,2022-11-01T00:00:00Z,4915,114,0.023194303153611394,-3.966916943789034,117,0.023804679552390642,-3.9053571615894853,"tvn24.pl,onet.pl,gazeta.pl,rp.pl,wyborcza.pl,pb.pl,spidersweb.pl,rynekzdrowia.pl,wysokienapiecie.pl,prawo.pl"
PL,Poland,2022-11-01T00:00:00Z,2022-12-01T00:00:00Z,4972,139,0.027956556717618663,-3.319689552768426,142,0.028559935639581657,-3.2997277474190936,"tvn24.pl,onet.pl,gazeta.pl,rp.pl,wyborcza.pl,pb.pl,spidersweb.pl,rynekzdrowia.pl,wysokienapiecie.pl,prawo.pl"
PL,Poland,2022-12-01T00:00:00Z,2023-01-01T00:00:00Z,4848,139,0.02867161716171617,-3.7772286201884837,140,0.028877887788778877,-3.777720943231094,"tvn24.pl,onet.pl,gazeta.pl,rp.pl,wyborcza.pl,pb.pl,spidersweb.pl,rynekzdrowia.pl,wysokienapiecie.pl,prawo.pl"
PL,Poland,2023-01-01T00:00:00Z,2023-02-01T00:00:00Z,25508,442,0.017327897130312058,-3.6346399789684507,443,0.01736710051748471,-3.636109672663136,"tvn24.pl,onet.pl,gazeta.pl,rp.pl,wyborcza.pl,pb.pl,spidersweb.pl,rynekzdrowia.pl,wysokienapiecie.pl,prawo.pl"
PL,Poland,2023-02-01T00:00:00Z,2023-03-01T00:00:00Z,5235,153,0.029226361031518624,-3.013808197321227,157,0.02999044890162369,-2.9926084800426374,"tvn24.pl,onet.pl,gazeta.pl,rp.pl,wyborcza.pl,pb.pl,spidersweb.pl,rynekzdrowia.pl,wysokienapiecie.pl,prawo.pl"
PL,Poland,2023-03-01T00:00:00Z,2023-04-01T00:00:00Z,9321,326,0.03497478811286343,-3.9852178899215276,336,0.036047634373994206,-3.9135496475180434,"tvn24.pl,onet.pl,gazeta.pl,rp.pl,wyborcza.pl,pb.pl,spidersweb.pl,rynekzdrowia.pl,wysokienapiecie.pl,prawo.pl"
PL,Poland,2023-04-01T00:00:00Z,2023-05-01T00:00:00Z,14797,730,0.049334324525241606,-3.7356168426685907,750,0.05068594985470028,-3.6950577982980994,"tvn24.pl,onet.pl,gazeta.pl,rp.pl,wyborcza.pl,pb.pl,spidersweb.pl,rynekzdrowia.pl,wysokienapiecie.pl,prawo.pl"
PL,Poland,2023-05-01T00:00:00Z,2023-06-01T00:00:00Z,14503,758,0.05226504861063228,-3.7870976257749587,768,0.052954561125284426,-3.760483894277642,"tvn24.pl,onet.pl,gazeta.pl,rp.pl,wyborcza.pl,pb.pl,spidersweb.pl,rynekzdrowia.pl,wysokienapiecie.pl,prawo.pl"
PL,Poland,2023-06-01T00:00:00Z,2023-07-01T00:00:00Z,13820,626,0.04529667149059334,-4.261962816186393,633,0.04580318379160637,-4.241045521582038,"tvn24.pl,onet.pl,gazeta.pl,rp.pl,wyborcza.pl,pb.pl,spidersweb.pl,rynekzdrowia.pl,wysokienapiecie.pl,prawo.pl"
PL,Poland,2023-07-01T00:00:00Z,2023-08-01T00:00:00Z,13683,719,0.05254695607688373,-4.267064001890235,725,0.05298545640575897,-4.226178914287229,"tvn24.pl,onet.pl,gazeta.pl,rp.pl,wyborcza.pl,pb.pl,spidersweb.pl,rynekzdrowia.pl,wysokienapiecie.pl,prawo.pl"
PL,Poland,2023-08-01T00:00:00Z,2023-09-01T00:00:00Z,14336,790,0.05510602678571429,-3.93682273777112,798,0.0556640625,-3.923745840757723,"tvn24.pl,onet.pl,gazeta.pl,rp.pl,wyborcza.pl,pb.pl,spidersweb.pl,rynekzdrowia.pl,wysokienapiecie.pl,prawo.pl"
PL,Poland,2023-09-01T00:00:00Z,2023-10-01T00:00:00Z,13925,621,0.044596050269299824,-4.412839602118023,646,0.046391382405745064,-4.32297209488061,"tvn24.pl,onet.pl,gazeta.pl,rp.pl,wyborcza.pl,pb.pl,spidersweb.pl,rynekzdrowia.pl,wysokienapiecie.pl,prawo.pl"
PL,Poland,2023-10-01T00:00:00Z,2023-11-01T00:00:00Z,15002,694,0.04626049860018664,-4.321273291600659,700,0.04666044527396347,-4.29917982798648,"tvn24.pl,onet.pl,gazeta.pl,rp.pl,wyborcza.pl,pb.pl,spidersweb.pl,rynekzdrowia.pl,wysokienapiecie.pl,prawo.pl"
PL,Poland,2023-11-01T00:00:00Z,2023-12-01T00:00:00Z,14050,645,0.045907473309608544,-4.388894504440634,653,0.04647686832740214,-4.34398859842349,"tvn24.pl,onet.pl,gazeta.pl,rp.pl,wyborcza.pl,pb.pl,spidersweb.pl,rynekzdrowia.pl,wysokienapiecie.pl,prawo.pl"
PL,Poland,2023-12-01T00:00:00Z,2024-01-01T00:00:00Z,13420,682,0.05081967213114754,-4.28716949645047,691,0.051490312965722804,-4.246663800438818,"tvn24.pl,onet.pl,gazeta.pl,rp.pl,wyborcza.pl,pb.pl,spidersweb.pl,rynekzdrowia.pl,wysokienapiecie.pl,prawo.pl"
PL,Poland,2024-01-01T00:00:00Z,2024-02-01T00:00:00Z,14618,616,0.04213982760979614,-4.281574526012812,636,0.04350800383089342,-4.189194531219449,"tvn24.pl,onet.pl,gazeta.pl,rp.pl,wyborcza.pl,pb.pl,spidersweb.pl,rynekzdrowia.pl,wysokienapiecie.pl,prawo.pl"
PL,Poland,2024-02-01T00:00:00Z,2024-03-01T00:00:00Z,13961,628,0.04498245111381706,-4.299915771230428,638,0.04569873218250842,-4.287964443563417,"tvn24.pl,onet.pl,gazeta.pl,rp.pl,wyborcza.pl,pb.pl,spidersweb.pl,rynekzdrowia.pl,wysokienapiecie.pl,prawo.pl"
PL,Poland,2024-03-01T00:00:00Z,2024-04-01T00:00:00Z,14280,708,0.04957983193277311,-4.143669569339611,718,0.05028011204481793,-4.118034587070998,"tvn24.pl,onet.pl,gazeta.pl,rp.pl,wyborcza.pl,pb.pl,spidersweb.pl,rynekzdrowia.pl,wysokienapiecie.pl,prawo.pl"
PL,Poland,2024-04-01T00:00:00Z,2024-05-01T00:00:00Z,14038,643,0.045804245619034054,-4.3744514828774985,653,0.04651659780595527,-4.36859965510263,"tvn24.pl,onet.pl,gazeta.pl,rp.pl,wyborcza.pl,pb.pl,spidersweb.pl,rynekzdrowia.pl,wysokienapiecie.pl,prawo.pl"
PL,Poland,2024-05-01T00:00:00Z,2024-06-01T00:00:00Z,13461,729,0.05415645197236461,-3.83034137853026,736,0.05467647277319664,-3.8185634992414106,"tvn24.pl,onet.pl,gazeta.pl,rp.pl,wyborcza.pl,pb.pl,spidersweb.pl,rynekzdrowia.pl,wysokienapiecie.pl,prawo.pl"
PL,Poland,2024-06-01T00:00:00Z,2024-07-01T00:00:00Z,12990,708,0.05450346420323326,-4.104149266599722,715,0.0550423402617398,-4.099324660098769,"tvn24.pl,onet.pl,gazeta.pl,rp.pl,wyborcza.pl,pb.pl,spidersweb.pl,rynekzdrowia.pl,wysokienapiecie.pl,prawo.pl"
PL,Poland,2024-07-01T00:00:00Z,2024-08-01T00:00:00Z,13510,794,0.05877128053293856,-4.345068459092762,805,0.05958549222797927,-4.31342034021107,"tvn24.pl,onet.pl,gazeta.pl,rp.pl,wyborcza.pl,pb.pl,spidersweb.pl,rynekzdrowia.pl,wysokienapiecie.pl,prawo.pl"
PL,Poland,2024-08-01T00:00:00Z,2024-09-01T00:00:00Z,12741,776,0.060905737383250926,-4.4196792755908145,782,0.061376658033121416,-4.414584914488777,"tvn24.pl,onet.pl,gazeta.pl,rp.pl,wyborcza.pl,pb.pl,spidersweb.pl,rynekzdrowia.pl,wysokienapiecie.pl,prawo.pl"
PL,Poland,2024-09-01T00:00:00Z,2024-10-01T00:00:00Z,13173,705,0.05351856069232521,-4.633401803916451,713,0.05412586350869202,-4.596054427323687,"tvn24.pl,onet.pl,gazeta.pl,rp.pl,wyborcza.pl,pb.pl,spidersweb.pl,rynekzdrowia.pl,wysokienapiecie.pl,prawo.pl"
PL,Poland,2024-10-01T00:00:00Z,2024-11-01T00:00:00Z,13978,683,0.048862498211475175,-4.706110445363965,694,0.049649449134353985,-4.701132545279856,"tvn24.pl,onet.pl,gazeta.pl,rp.pl,wyborcza.pl,pb.pl,spidersweb.pl,rynekzdrowia.pl,wysokienapiecie.pl,prawo.pl"
PL,Poland,2024-11-01T00:00:00Z,2024-12-01T00:00:00Z,13194,683,0.05176595422161589,-4.174742914755361,688,0.052144914355009855,-4.154651099802555,"tvn24.pl,onet.pl,gazeta.pl,rp.pl,wyborcza.pl,pb.pl,spidersweb.pl,rynekzdrowia.pl,wysokienapiecie.pl,prawo.pl"
PL,Poland,2024-12-01T00:00:00Z,2025-01-01T00:00:00Z,12700,656,0.051653543307086616,-4.932826389219606,667,0.05251968503937008,-4.867644158032965,"tvn24.pl,onet.pl,gazeta.pl,rp.pl,wyborcza.pl,pb.pl,spidersweb.pl,rynekzdrowia.pl,wysokienapiecie.pl,prawo.pl"
PL,Poland,2025-01-01T00:00:00Z,2025-02-01T00:00:00Z,14028,784,0.05588822355289421,-4.386563017374222,789,0.056244653550042774,-4.372727724245126,"tvn24.pl,onet.pl,gazeta.pl,rp.pl,wyborcza.pl,pb.pl,spidersweb.pl,rynekzdrowia.pl,wysokienapiecie.pl,prawo.pl"
PL,Poland,2025-02-01T00:00:00Z,2025-03-01T00:00:00Z,12792,600,0.04690431519699812,-4.6305865485265985,604,0.047217010631644775,-4.626127519150974,"tvn24.pl,onet.pl,gazeta.pl,rp.pl,wyborcza.pl,pb.pl,spidersweb.pl,rynekzdrowia.pl,wysokienapiecie.pl,prawo.pl"
PL,Poland,2025-03-01T00:00:00Z,2025-04-01T00:00:00Z,14356,683,0.04757592644190582,-4.615444243928605,692,0.048202842017275004,-4.592565395432709,"tvn24.pl,onet.pl,gazeta.pl,rp.pl,wyborcza.pl,pb.pl,spidersweb.pl,rynekzdrowia.pl,wysokienapiecie.pl,prawo.pl"
PL,Poland,2025-04-01T00:00:00Z,2025-05-01T00:00:00Z,14266,851,0.05965232020187859,-4.654017206890185,859,0.06021309406981635,-4.633697369094785,"tvn24.pl,onet.pl,gazeta.pl,rp.pl,wyborcza.pl,pb.pl,spidersweb.pl,rynekzdrowia.pl,wysokienapiecie.pl,prawo.pl"
PL,Poland,2025-05-01T00:00:00Z,2025-06-01T00:00:00Z,13806,690,0.04997827031725337,-4.259097925774599,697,0.05048529624800811,-4.237882666261996,"tvn24.pl,onet.pl,gazeta.pl,rp.pl,wyborcza.pl,pb.pl,spidersweb.pl,rynekzdrowia.pl,wysokienapiecie.pl,prawo.pl"
PL,Poland,2025-06-01T00:00:00Z,2025-07-01T00:00:00Z,6202,294,0.04740406320541761,-3.9240805745647847,295,0.04756530151564012,-3.9178591924338972,"tvn24.pl,onet.pl,gazeta.pl,rp.pl,wyborcza.pl,pb.pl,spidersweb.pl,rynekzdrowia.pl,wysokienapiecie.pl,prawo.pl"
PL,Poland,2025-07-01T00:00:00Z,2025-08-01T00:00:00Z,13568,817,0.06021521226415094,-3.900251314608448,819,0.0603626179245283,-3.8953672865291793,"tvn24.pl,onet.pl,gazeta.pl,rp.pl,wyborcza.pl,pb.pl,spidersweb.pl,rynekzdrowia.pl,wysokienapiecie.pl,prawo.pl"
PL,Poland,2025-08-01T00:00:00Z,2025-09-01T00:00:00Z,13280,941,0.07085843373493976,-4.080348890446324,946,0.07123493975903615,-4.066312605037383,"tvn24.pl,onet.pl,gazeta.pl,rp.pl,wyborcza.pl,pb.pl,spidersweb.pl,rynekzdrowia.pl,wysokienapiecie.pl,prawo.pl"
PL,Poland,2025-09-01T00:00:00Z,2025-10-01T00:00:00Z,13750,1077,0.07832727272727273,-3.846922296226603,1083,0.07876363636363637,-3.8303075463983003,"tvn24.pl,onet.pl,gazeta.pl,rp.pl,wyborcza.pl,pb.pl,spidersweb.pl,rynekzdrowia.pl,wysokienapiecie.pl,prawo.pl"
PL,Poland,2025-10-01T00:00:00Z,2025-11-01T00:00:00Z,14696,1005,0.06838595536200327,-4.103954189308918,1017,0.0692025040827436,-4.09263483331508,"tvn24.pl,onet.pl,gazeta.pl,rp.pl,wyborcza.pl,pb.pl,spidersweb.pl,rynekzdrowia.pl,wysokienapiecie.pl,prawo.pl"
PL,Poland,2025-11-01T00:00:00Z,2025-12-01T00:00:00Z,12632,796,0.0630145661811273,-3.9498687992744976,805,0.06372704243191894,-3.9306692720057037,"tvn24.pl,onet.pl,gazeta.pl,rp.pl,wyborcza.pl,pb.pl,spidersweb.pl,rynekzdrowia.pl,wysokienapiecie.pl,prawo.pl"
PL,Poland,2025-12-01T00:00:00Z,2026-01-01T00:00:00Z,14072,815,0.05791642978965321,-3.8653083734703086,830,0.05898237635019898,-3.8572410799369887,"tvn24.pl,onet.pl,gazeta.pl,rp.pl,wyborcza.pl,pb.pl,spidersweb.pl,rynekzdrowia.pl,wysokienapiecie.pl,prawo.pl"
PL,Poland,2026-01-01T00:00:00Z,2026-02-01T00:00:00Z,14170,895,0.06316160903316867,-3.876786982765866,908,0.06407904022582922,-3.857580591325715,"tvn24.pl,onet.pl,gazeta.pl,rp.pl,wyborcza.pl,pb.pl,spidersweb.pl,rynekzdrowia.pl,wysokienapiecie.pl,prawo.pl"
PL,Poland,2026-02-01T00:00:00Z,2026-03-01T00:00:00Z,12592,753,0.05979987293519695,-3.992056787183627,761,0.060435196950444726,-3.9597817838767115,"tvn24.pl,onet.pl,gazeta.pl,rp.pl,wyborcza.pl,pb.pl,spidersweb.pl,rynekzdrowia.pl,wysokienapiecie.pl,prawo.pl"
PL,Poland,2026-03-01T00:00:00Z,2026-04-01T00:00:00Z,4414,257,0.05822383325781604,-4.390912142566693,258,0.05845038513819665,-4.380471118515414,"tvn24.pl,onet.pl,gazeta.pl,rp.pl,wyborcza.pl,pb.pl,spidersweb.pl,rynekzdrowia.pl,wysokienapiecie.pl,prawo.pl"
PT,Portugal,2018-06-01T00:00:00Z,2018-07-01T00:00:00Z,11838,157,0.013262375401250212,-2.4145039369529044,161,0.013600270315931745,-2.3837601022863777,"rtp.pt,publico.pt,observador.pt,sicnoticias.pt,jornaldenegocios.pt,eco.sapo.pt,tek.sapo.pt,newsfarma.pt,ambienteonline.pt,iberianlawyer.com"
PT,Portugal,2018-07-01T00:00:00Z,2018-08-01T00:00:00Z,11182,122,0.010910391700947953,-2.543715758298303,127,0.011357538901806475,-2.5427390362100715,"rtp.pt,publico.pt,observador.pt,sicnoticias.pt,jornaldenegocios.pt,eco.sapo.pt,tek.sapo.pt,newsfarma.pt,ambienteonline.pt,iberianlawyer.com"
PT,Portugal,2018-08-01T00:00:00Z,2018-09-01T00:00:00Z,6674,161,0.02412346418939167,-2.3516262322569275,169,0.025322145639796224,-2.210799986458371,"rtp.pt,publico.pt,observador.pt,sicnoticias.pt,jornaldenegocios.pt,eco.sapo.pt,tek.sapo.pt,newsfarma.pt,ambienteonline.pt,iberianlawyer.com"
PT,Portugal,2018-09-01T00:00:00Z,2018-10-01T00:00:00Z,6765,93,0.013747228381374724,-1.6336663982490027,97,0.014338507021433852,-1.521956846384552,"rtp.pt,publico.pt,observador.pt,sicnoticias.pt,jornaldenegocios.pt,eco.sapo.pt,tek.sapo.pt,newsfarma.pt,ambienteonline.pt,iberianlawyer.com"
PT,Portugal,2018-10-01T00:00:00Z,2018-11-01T00:00:00Z,6771,103,0.01521193324472013,-1.5979329089318455,104,0.015359621916998967,-1.5853154221701378,"rtp.pt,publico.pt,observador.pt,sicnoticias.pt,jornaldenegocios.pt,eco.sapo.pt,tek.sapo.pt,newsfarma.pt,ambienteonline.pt,iberianlawyer.com"
PT,Portugal,2018-11-01T00:00:00Z,2018-12-01T00:00:00Z,6578,121,0.01839464882943144,-1.4814057201377273,128,0.01945880206749772,-1.4347874505520193,"rtp.pt,publico.pt,observador.pt,sicnoticias.pt,jornaldenegocios.pt,eco.sapo.pt,tek.sapo.pt,newsfarma.pt,ambienteonline.pt,iberianlawyer.com"
PT,Portugal,2018-12-01T00:00:00Z,2019-01-01T00:00:00Z,5557,148,0.026633075400395896,-2.5831589330996394,152,0.027352888249055244,-2.4806719999977678,"rtp.pt,publico.pt,observador.pt,sicnoticias.pt,jornaldenegocios.pt,eco.sapo.pt,tek.sapo.pt,newsfarma.pt,ambienteonline.pt,iberianlawyer.com"
PT,Portugal,2019-01-01T00:00:00Z,2019-02-01T00:00:00Z,6567,148,0.022536927059540125,-2.7114353589540214,160,0.02436424546977311,-2.5574320526635335,"rtp.pt,publico.pt,observador.pt,sicnoticias.pt,jornaldenegocios.pt,eco.sapo.pt,tek.sapo.pt,newsfarma.pt,ambienteonline.pt,iberianlawyer.com"
PT,Portugal,2019-02-01T00:00:00Z,2019-03-01T00:00:00Z,5900,120,0.020338983050847456,-2.694954475213239,123,0.020847457627118645,-2.714525393996531,"rtp.pt,publico.pt,observador.pt,sicnoticias.pt,jornaldenegocios.pt,eco.sapo.pt,tek.sapo.pt,newsfarma.pt,ambienteonline.pt,iberianlawyer.com"
PT,Portugal,2019-03-01T00:00:00Z,2019-04-01T00:00:00Z,6094,96,0.015753199868723335,-1.371708939089008,108,0.017722349852313753,-1.15183764972991,"rtp.pt,publico.pt,observador.pt,sicnoticias.pt,jornaldenegocios.pt,eco.sapo.pt,tek.sapo.pt,newsfarma.pt,ambienteonline.pt,iberianlawyer.com"
PT,Portugal,2019-04-01T00:00:00Z,2019-05-01T00:00:00Z,5639,90,0.015960276644795178,-1.78310135223378,92,0.01631494945912396,-1.7520364518598779,"rtp.pt,publico.pt,observador.pt,sicnoticias.pt,jornaldenegocios.pt,eco.sapo.pt,tek.sapo.pt,newsfarma.pt,ambienteonline.pt,iberianlawyer.com"
PT,Portugal,2019-05-01T00:00:00Z,2019-06-01T00:00:00Z,5973,110,0.01841620626151013,-2.1022129800847678,115,0.019253306546124227,-2.0022803820602397,"rtp.pt,publico.pt,observador.pt,sicnoticias.pt,jornaldenegocios.pt,eco.sapo.pt,tek.sapo.pt,newsfarma.pt,ambienteonline.pt,iberianlawyer.com"
PT,Portugal,2019-06-01T00:00:00Z,2019-07-01T00:00:00Z,5476,89,0.016252739225712198,-2.938728112199534,92,0.016800584368151936,-2.836631074735201,"rtp.pt,publico.pt,observador.pt,sicnoticias.pt,jornaldenegocios.pt,eco.sapo.pt,tek.sapo.pt,newsfarma.pt,ambienteonline.pt,iberianlawyer.com"
PT,Portugal,2019-07-01T00:00:00Z,2019-08-01T00:00:00Z,6206,134,0.02159200773445053,-2.60598705960819,143,0.023042217209152432,-2.4607067247556573,"rtp.pt,publico.pt,observador.pt,sicnoticias.pt,jornaldenegocios.pt,eco.sapo.pt,tek.sapo.pt,newsfarma.pt,ambienteonline.pt,iberianlawyer.com"
PT,Portugal,2019-08-01T00:00:00Z,2019-09-01T00:00:00Z,4699,124,0.026388593317727176,-2.8151684060783473,128,0.02723983826346031,-2.8252689152001316,"rtp.pt,publico.pt,observador.pt,sicnoticias.pt,jornaldenegocios.pt,eco.sapo.pt,tek.sapo.pt,newsfarma.pt,ambienteonline.pt,iberianlawyer.com"
PT,Portugal,2019-09-01T00:00:00Z,2019-10-01T00:00:00Z,6028,115,0.01907763769077638,-2.8260641226174816,122,0.02023888520238885,-2.704970931282835,"rtp.pt,publico.pt,observador.pt,sicnoticias.pt,jornaldenegocios.pt,eco.sapo.pt,tek.sapo.pt,newsfarma.pt,ambienteonline.pt,iberianlawyer.com"
PT,Portugal,2019-10-01T00:00:00Z,2019-11-01T00:00:00Z,5922,89,0.01502870651806822,-1.7547848483668507,92,0.015535292131036813,-1.7545420157959433,"rtp.pt,publico.pt,observador.pt,sicnoticias.pt,jornaldenegocios.pt,eco.sapo.pt,tek.sapo.pt,newsfarma.pt,ambienteonline.pt,iberianlawyer.com"
PT,Portugal,2019-11-01T00:00:00Z,2019-12-01T00:00:00Z,5098,99,0.01941938014907807,-2.6877904644792703,105,0.020596312279325225,-2.4640391603487686,"rtp.pt,publico.pt,observador.pt,sicnoticias.pt,jornaldenegocios.pt,eco.sapo.pt,tek.sapo.pt,newsfarma.pt,ambienteonline.pt,iberianlawyer.com"
PT,Portugal,2019-12-01T00:00:00Z,2020-01-01T00:00:00Z,4557,77,0.016897081413210446,-2.764212182709958,80,0.017555409260478386,-2.6521256444365555,"rtp.pt,publico.pt,observador.pt,sicnoticias.pt,jornaldenegocios.pt,eco.sapo.pt,tek.sapo.pt,newsfarma.pt,ambienteonline.pt,iberianlawyer.com"
PT,Portugal,2020-01-01T00:00:00Z,2020-02-01T00:00:00Z,4169,76,0.018229791316862556,-2.14272202452625,86,0.020628448069081314,-1.9318227419301768,"rtp.pt,publico.pt,observador.pt,sicnoticias.pt,jornaldenegocios.pt,eco.sapo.pt,tek.sapo.pt,newsfarma.pt,ambienteonline.pt,iberianlawyer.com"
PT,Portugal,2020-02-01T00:00:00Z,2020-03-01T00:00:00Z,3139,35,0.011150047785919083,-1.6974517586176907,47,0.014972921312519911,-1.3817854563342542,"rtp.pt,publico.pt,observador.pt,sicnoticias.pt,jornaldenegocios.pt,eco.sapo.pt,tek.sapo.pt,newsfarma.pt,ambienteonline.pt,iberianlawyer.com"
PT,Portugal,2020-03-01T00:00:00Z,2020-04-01T00:00:00Z,3366,31,0.00920974450386215,-2.306264461740226,33,0.00980392156862745,-2.0843237106138557,"rtp.pt,publico.pt,observador.pt,sicnoticias.pt,jornaldenegocios.pt,eco.sapo.pt,tek.sapo.pt,newsfarma.pt,ambienteonline.pt,iberianlawyer.com"
PT,Portugal,2020-04-01T00:00:00Z,2020-05-01T00:00:00Z,3199,34,0.010628321350422007,-2.8484380169656207,36,0.011253516723976243,-2.8280584244214513,"rtp.pt,publico.pt,observador.pt,sicnoticias.pt,jornaldenegocios.pt,eco.sapo.pt,tek.sapo.pt,newsfarma.pt,ambienteonline.pt,iberianlawyer.com"
PT,Portugal,2020-05-01T00:00:00Z,2020-06-01T00:00:00Z,3052,31,0.010157273918741808,-3.1980500483696437,34,0.011140235910878113,-3.2526891665613387,"rtp.pt,publico.pt,observador.pt,sicnoticias.pt,jornaldenegocios.pt,eco.sapo.pt,tek.sapo.pt,newsfarma.pt,ambienteonline.pt,iberianlawyer.com"
PT,Portugal,2020-06-01T00:00:00Z,2020-07-01T00:00:00Z,2996,41,0.013684913217623497,-2.835440615307766,45,0.015020026702269693,-2.847586508972242,"rtp.pt,publico.pt,observador.pt,sicnoticias.pt,jornaldenegocios.pt,eco.sapo.pt,tek.sapo.pt,newsfarma.pt,ambienteonline.pt,iberianlawyer.com"
PT,Portugal,2020-07-01T00:00:00Z,2020-08-01T00:00:00Z,3099,55,0.017747660535656663,-2.4356664965596995,56,0.0180703452726686,-2.604757485991882,"rtp.pt,publico.pt,observador.pt,sicnoticias.pt,jornaldenegocios.pt,eco.sapo.pt,tek.sapo.pt,newsfarma.pt,ambienteonline.pt,iberianlawyer.com"
PT,Portugal,2020-08-01T00:00:00Z,2020-09-01T00:00:00Z,2286,54,0.023622047244094488,-2.9274347417695417,59,0.025809273840769902,-2.717391718765066,"rtp.pt,publico.pt,observador.pt,sicnoticias.pt,jornaldenegocios.pt,eco.sapo.pt,tek.sapo.pt,newsfarma.pt,ambienteonline.pt,iberianlawyer.com"
PT,Portugal,2020-09-01T00:00:00Z,2020-10-01T00:00:00Z,2503,31,0.012385137834598482,-2.4538176513569283,34,0.013583699560527367,-2.367872562362318,"rtp.pt,publico.pt,observador.pt,sicnoticias.pt,jornaldenegocios.pt,eco.sapo.pt,tek.sapo.pt,newsfarma.pt,ambienteonline.pt,iberianlawyer.com"
PT,Portugal,2020-10-01T00:00:00Z,2020-11-01T00:00:00Z,1977,22,0.01112797167425392,-1.1336826951381396,25,0.012645422357106728,-1.3272195636931683,"rtp.pt,publico.pt,observador.pt,sicnoticias.pt,jornaldenegocios.pt,eco.sapo.pt,tek.sapo.pt,newsfarma.pt,ambienteonline.pt,iberianlawyer.com"
PT,Portugal,2020-11-01T00:00:00Z,2020-12-01T00:00:00Z,1748,12,0.006864988558352402,-2.277480341107002,15,0.008581235697940504,-1.933628853091961,"rtp.pt,publico.pt,observador.pt,sicnoticias.pt,jornaldenegocios.pt,eco.sapo.pt,tek.sapo.pt,newsfarma.pt,ambienteonline.pt,iberianlawyer.com"
PT,Portugal,2020-12-01T00:00:00Z,2021-01-01T00:00:00Z,2506,22,0.008778930566640064,-3.149147664567981,25,0.009976057462090982,-2.9273768300932814,"rtp.pt,publico.pt,observador.pt,sicnoticias.pt,jornaldenegocios.pt,eco.sapo.pt,tek.sapo.pt,newsfarma.pt,ambienteonline.pt,iberianlawyer.com"
PT,Portugal,2021-01-01T00:00:00Z,2021-02-01T00:00:00Z,1942,15,0.007723995880535531,-2.2277035776052636,15,0.007723995880535531,-2.2277035776052636,"rtp.pt,publico.pt,observador.pt,sicnoticias.pt,jornaldenegocios.pt,eco.sapo.pt,tek.sapo.pt,newsfarma.pt,ambienteonline.pt,iberianlawyer.com"
PT,Portugal,2021-02-01T00:00:00Z,2021-03-01T00:00:00Z,2096,18,0.008587786259541985,-1.4548224123856155,19,0.009064885496183206,-1.575374830263211,"rtp.pt,publico.pt,observador.pt,sicnoticias.pt,jornaldenegocios.pt,eco.sapo.pt,tek.sapo.pt,newsfarma.pt,ambienteonline.pt,iberianlawyer.com"
PT,Portugal,2021-03-01T00:00:00Z,2021-04-01T00:00:00Z,2660,31,0.011654135338345865,-3.156962919865579,32,0.012030075187969926,-3.052552764163058,"rtp.pt,publico.pt,observador.pt,sicnoticias.pt,jornaldenegocios.pt,eco.sapo.pt,tek.sapo.pt,newsfarma.pt,ambienteonline.pt,iberianlawyer.com"
PT,Portugal,2021-04-01T00:00:00Z,2021-05-01T00:00:00Z,2748,34,0.012372634643377001,-2.757518587269824,41,0.014919941775836972,-2.402820915648045,"rtp.pt,publico.pt,observador.pt,sicnoticias.pt,jornaldenegocios.pt,eco.sapo.pt,tek.sapo.pt,newsfarma.pt,ambienteonline.pt,iberianlawyer.com"
PT,Portugal,2021-05-01T00:00:00Z,2021-06-01T00:00:00Z,3126,46,0.01471529110684581,-2.139288024028106,47,0.015035188739603326,-2.117704436124868,"rtp.pt,publico.pt,observador.pt,sicnoticias.pt,jornaldenegocios.pt,eco.sapo.pt,tek.sapo.pt,newsfarma.pt,ambienteonline.pt,iberianlawyer.com"
PT,Portugal,2021-06-01T00:00:00Z,2021-07-01T00:00:00Z,3065,45,0.01468189233278956,-1.913446095147187,47,0.01533442088091354,-1.995527730758784,"rtp.pt,publico.pt,observador.pt,sicnoticias.pt,jornaldenegocios.pt,eco.sapo.pt,tek.sapo.pt,newsfarma.pt,ambienteonline.pt,iberianlawyer.com"
PT,Portugal,2021-07-01T00:00:00Z,2021-08-01T00:00:00Z,2504,57,0.022763578274760384,-2.1092857546141603,58,0.0231629392971246,-2.1027739611139458,"rtp.pt,publico.pt,observador.pt,sicnoticias.pt,jornaldenegocios.pt,eco.sapo.pt,tek.sapo.pt,newsfarma.pt,ambienteonline.pt,iberianlawyer.com"
PT,Portugal,2021-08-01T00:00:00Z,2021-09-01T00:00:00Z,2233,54,0.02418271383788625,-2.9131643249212913,54,0.02418271383788625,-2.9131643249212913,"rtp.pt,publico.pt,observador.pt,sicnoticias.pt,jornaldenegocios.pt,eco.sapo.pt,tek.sapo.pt,newsfarma.pt,ambienteonline.pt,iberianlawyer.com"
PT,Portugal,2021-09-01T00:00:00Z,2021-10-01T00:00:00Z,3131,62,0.019801980198019802,-2.6719975676305556,64,0.020440753752794635,-2.6038795450602463,"rtp.pt,publico.pt,observador.pt,sicnoticias.pt,jornaldenegocios.pt,eco.sapo.pt,tek.sapo.pt,newsfarma.pt,ambienteonline.pt,iberianlawyer.com"
PT,Portugal,2021-10-01T00:00:00Z,2021-11-01T00:00:00Z,3993,50,0.01252191334835963,-2.213276058051732,57,0.014274981217129978,-2.153380695261786,"rtp.pt,publico.pt,observador.pt,sicnoticias.pt,jornaldenegocios.pt,eco.sapo.pt,tek.sapo.pt,newsfarma.pt,ambienteonline.pt,iberianlawyer.com"
PT,Portugal,2021-11-01T00:00:00Z,2021-12-01T00:00:00Z,3384,49,0.014479905437352246,-2.173517589354014,56,0.016548463356973995,-2.2307991813529164,"rtp.pt,publico.pt,observador.pt,sicnoticias.pt,jornaldenegocios.pt,eco.sapo.pt,tek.sapo.pt,newsfarma.pt,ambienteonline.pt,iberianlawyer.com"
PT,Portugal,2021-12-01T00:00:00Z,2022-01-01T00:00:00Z,3123,52,0.01665065642010887,-2.899733286167579,53,0.01697086135126481,-2.7978515260512093,"rtp.pt,publico.pt,observador.pt,sicnoticias.pt,jornaldenegocios.pt,eco.sapo.pt,tek.sapo.pt,newsfarma.pt,ambienteonline.pt,iberianlawyer.com"
PT,Portugal,2022-01-01T00:00:00Z,2022-02-01T00:00:00Z,3400,33,0.009705882352941177,-3.202596615632444,37,0.01088235294117647,-2.921343393146417,"rtp.pt,publico.pt,observador.pt,sicnoticias.pt,jornaldenegocios.pt,eco.sapo.pt,tek.sapo.pt,newsfarma.pt,ambienteonline.pt,iberianlawyer.com"
PT,Portugal,2022-02-01T00:00:00Z,2022-03-01T00:00:00Z,3370,48,0.014243323442136498,-4.51412007449531,51,0.015133531157270029,-4.259102405004742,"rtp.pt,publico.pt,observador.pt,sicnoticias.pt,jornaldenegocios.pt,eco.sapo.pt,tek.sapo.pt,newsfarma.pt,ambienteonline.pt,iberianlawyer.com"
PT,Portugal,2022-03-01T00:00:00Z,2022-04-01T00:00:00Z,3781,41,0.010843692144935203,-3.033813321607067,44,0.011637133033588997,-3.031459044212974,"rtp.pt,publico.pt,observador.pt,sicnoticias.pt,jornaldenegocios.pt,eco.sapo.pt,tek.sapo.pt,newsfarma.pt,ambienteonline.pt,iberianlawyer.com"
PT,Portugal,2022-04-01T00:00:00Z,2022-05-01T00:00:00Z,3322,42,0.012642986152919929,-3.5924634814841765,43,0.012944009632751354,-3.5758663744447277,"rtp.pt,publico.pt,observador.pt,sicnoticias.pt,jornaldenegocios.pt,eco.sapo.pt,tek.sapo.pt,newsfarma.pt,ambienteonline.pt,iberianlawyer.com"
PT,Portugal,2022-05-01T00:00:00Z,2022-06-01T00:00:00Z,3595,52,0.014464534075104311,-3.24401245696584,58,0.016133518776077885,-2.9013581273714646,"rtp.pt,publico.pt,observador.pt,sicnoticias.pt,jornaldenegocios.pt,eco.sapo.pt,tek.sapo.pt,newsfarma.pt,ambienteonline.pt,iberianlawyer.com"
PT,Portugal,2022-06-01T00:00:00Z,2022-07-01T00:00:00Z,3216,38,0.01181592039800995,-2.1028733559128123,45,0.013992537313432836,-2.249214087468608,"rtp.pt,publico.pt,observador.pt,sicnoticias.pt,jornaldenegocios.pt,eco.sapo.pt,tek.sapo.pt,newsfarma.pt,ambienteonline.pt,iberianlawyer.com"
PT,Portugal,2022-07-01T00:00:00Z,2022-08-01T00:00:00Z,3421,101,0.029523531131248174,-3.141170608405541,103,0.03010815551008477,-3.116853767268304,"rtp.pt,publico.pt,observador.pt,sicnoticias.pt,jornaldenegocios.pt,eco.sapo.pt,tek.sapo.pt,newsfarma.pt,ambienteonline.pt,iberianlawyer.com"
PT,Portugal,2022-08-01T00:00:00Z,2022-09-01T00:00:00Z,3017,63,0.02088167053364269,-3.2477277649472263,92,0.030493868080875043,-2.7437254309255215,"rtp.pt,publico.pt,observador.pt,sicnoticias.pt,jornaldenegocios.pt,eco.sapo.pt,tek.sapo.pt,newsfarma.pt,ambienteonline.pt,iberianlawyer.com"
PT,Portugal,2022-09-01T00:00:00Z,2022-10-01T00:00:00Z,3470,51,0.014697406340057636,-2.312046698498614,54,0.015561959654178675,-2.31358347615571,"rtp.pt,publico.pt,observador.pt,sicnoticias.pt,jornaldenegocios.pt,eco.sapo.pt,tek.sapo.pt,newsfarma.pt,ambienteonline.pt,iberianlawyer.com"
PT,Portugal,2022-10-01T00:00:00Z,2022-11-01T00:00:00Z,5328,75,0.014076576576576577,-3.075274041404725,81,0.015202702702702704,-2.9216445055133162,"rtp.pt,publico.pt,observador.pt,sicnoticias.pt,jornaldenegocios.pt,eco.sapo.pt,tek.sapo.pt,newsfarma.pt,ambienteonline.pt,iberianlawyer.com"
PT,Portugal,2022-11-01T00:00:00Z,2022-12-01T00:00:00Z,4675,81,0.01732620320855615,-2.626952003613014,88,0.018823529411764704,-2.5222920323180418,"rtp.pt,publico.pt,observador.pt,sicnoticias.pt,jornaldenegocios.pt,eco.sapo.pt,tek.sapo.pt,newsfarma.pt,ambienteonline.pt,iberianlawyer.com"
PT,Portugal,2022-12-01T00:00:00Z,2023-01-01T00:00:00Z,3656,55,0.015043763676148797,-2.370947550017964,57,0.015590809628008753,-2.34476224706712,"rtp.pt,publico.pt,observador.pt,sicnoticias.pt,jornaldenegocios.pt,eco.sapo.pt,tek.sapo.pt,newsfarma.pt,ambienteonline.pt,iberianlawyer.com"
PT,Portugal,2023-01-01T00:00:00Z,2023-02-01T00:00:00Z,4702,59,0.012547851977881752,-3.1639901131915305,68,0.01446193109315185,-3.0541716195616226,"rtp.pt,publico.pt,observador.pt,sicnoticias.pt,jornaldenegocios.pt,eco.sapo.pt,tek.sapo.pt,newsfarma.pt,ambienteonline.pt,iberianlawyer.com"
PT,Portugal,2023-02-01T00:00:00Z,2023-03-01T00:00:00Z,4567,69,0.015108386249178892,-2.972164685540198,74,0.01620319684694548,-2.851563259224129,"rtp.pt,publico.pt,observador.pt,sicnoticias.pt,jornaldenegocios.pt,eco.sapo.pt,tek.sapo.pt,newsfarma.pt,ambienteonline.pt,iberianlawyer.com"
PT,Portugal,2023-03-01T00:00:00Z,2023-04-01T00:00:00Z,6916,120,0.01735106998264893,-2.924039569811509,134,0.019375361480624638,-2.628432568134675,"rtp.pt,publico.pt,observador.pt,sicnoticias.pt,jornaldenegocios.pt,eco.sapo.pt,tek.sapo.pt,newsfarma.pt,ambienteonline.pt,iberianlawyer.com"
PT,Portugal,2023-04-01T00:00:00Z,2023-05-01T00:00:00Z,8277,145,0.017518424549957713,-1.2173176732929052,164,0.019813942249607346,-1.1812145548207478,"rtp.pt,publico.pt,observador.pt,sicnoticias.pt,jornaldenegocios.pt,eco.sapo.pt,tek.sapo.pt,newsfarma.pt,ambienteonline.pt,iberianlawyer.com"
PT,Portugal,2023-05-01T00:00:00Z,2023-06-01T00:00:00Z,9530,197,0.020671563483735573,-1.0129735521921077,207,0.021720881427072403,-0.9656122409508633,"rtp.pt,publico.pt,observador.pt,sicnoticias.pt,jornaldenegocios.pt,eco.sapo.pt,tek.sapo.pt,newsfarma.pt,ambienteonline.pt,iberianlawyer.com"
PT,Portugal,2023-06-01T00:00:00Z,2023-07-01T00:00:00Z,8602,161,0.01871657754010695,-1.7279759351346302,172,0.019995349918623576,-1.6838753390351962,"rtp.pt,publico.pt,observador.pt,sicnoticias.pt,jornaldenegocios.pt,eco.sapo.pt,tek.sapo.pt,newsfarma.pt,ambienteonline.pt,iberianlawyer.com"
PT,Portugal,2023-07-01T00:00:00Z,2023-08-01T00:00:00Z,8525,177,0.020762463343108505,-2.216029310761728,187,0.02193548387096774,-2.157305597692878,"rtp.pt,publico.pt,observador.pt,sicnoticias.pt,jornaldenegocios.pt,eco.sapo.pt,tek.sapo.pt,newsfarma.pt,ambienteonline.pt,iberianlawyer.com"
PT,Portugal,2023-08-01T00:00:00Z,2023-09-01T00:00:00Z,7718,153,0.019823788546255508,-2.6692734513978538,168,0.021767297227260948,-2.5905298188520463,"rtp.pt,publico.pt,observador.pt,sicnoticias.pt,jornaldenegocios.pt,eco.sapo.pt,tek.sapo.pt,newsfarma.pt,ambienteonline.pt,iberianlawyer.com"
PT,Portugal,2023-09-01T00:00:00Z,2023-10-01T00:00:00Z,8347,146,0.017491314244638793,-1.5236063984480142,156,0.018689349466874325,-1.4968709320884492,"rtp.pt,publico.pt,observador.pt,sicnoticias.pt,jornaldenegocios.pt,eco.sapo.pt,tek.sapo.pt,newsfarma.pt,ambienteonline.pt,iberianlawyer.com"
PT,Portugal,2023-10-01T00:00:00Z,2023-11-01T00:00:00Z,8711,128,0.014694064975318563,-1.8056488507901796,137,0.01572724141889565,-1.753507268925775,"rtp.pt,publico.pt,observador.pt,sicnoticias.pt,jornaldenegocios.pt,eco.sapo.pt,tek.sapo.pt,newsfarma.pt,ambienteonline.pt,iberianlawyer.com"
PT,Portugal,2023-11-01T00:00:00Z,2023-12-01T00:00:00Z,8194,145,0.01769587503051013,-1.023833335315429,151,0.018428118135220894,-1.0436983523647334,"rtp.pt,publico.pt,observador.pt,sicnoticias.pt,jornaldenegocios.pt,eco.sapo.pt,tek.sapo.pt,newsfarma.pt,ambienteonline.pt,iberianlawyer.com"
PT,Portugal,2023-12-01T00:00:00Z,2024-01-01T00:00:00Z,7667,151,0.019694795878440068,-1.312024242721613,163,0.021259945219773053,-1.3152363497803212,"rtp.pt,publico.pt,observador.pt,sicnoticias.pt,jornaldenegocios.pt,eco.sapo.pt,tek.sapo.pt,newsfarma.pt,ambienteonline.pt,iberianlawyer.com"
PT,Portugal,2024-01-01T00:00:00Z,2024-02-01T00:00:00Z,9037,213,0.023569768728560363,-1.4594864693647385,281,0.031094389731105454,-1.2618660430347934,"rtp.pt,publico.pt,observador.pt,sicnoticias.pt,jornaldenegocios.pt,eco.sapo.pt,tek.sapo.pt,newsfarma.pt,ambienteonline.pt,iberianlawyer.com"
PT,Portugal,2024-02-01T00:00:00Z,2024-03-01T00:00:00Z,8404,218,0.025940028557829606,-1.47063506133889,236,0.028081865778200855,-1.454064618406711,"rtp.pt,publico.pt,observador.pt,sicnoticias.pt,jornaldenegocios.pt,eco.sapo.pt,tek.sapo.pt,newsfarma.pt,ambienteonline.pt,iberianlawyer.com"
PT,Portugal,2024-03-01T00:00:00Z,2024-04-01T00:00:00Z,8124,169,0.020802560315115706,-1.4899665184036979,174,0.02141802067946824,-1.4658500267541388,"rtp.pt,publico.pt,observador.pt,sicnoticias.pt,jornaldenegocios.pt,eco.sapo.pt,tek.sapo.pt,newsfarma.pt,ambienteonline.pt,iberianlawyer.com"
PT,Portugal,2024-04-01T00:00:00Z,2024-05-01T00:00:00Z,8434,199,0.023594972729428502,-1.621161621472974,218,0.025847759070429216,-1.585358647238461,"rtp.pt,publico.pt,observador.pt,sicnoticias.pt,jornaldenegocios.pt,eco.sapo.pt,tek.sapo.pt,newsfarma.pt,ambienteonline.pt,iberianlawyer.com"
PT,Portugal,2024-05-01T00:00:00Z,2024-06-01T00:00:00Z,10031,237,0.02362675705313528,-0.8856724215241967,251,0.025022430465556775,-0.8327557266575669,"rtp.pt,publico.pt,observador.pt,sicnoticias.pt,jornaldenegocios.pt,eco.sapo.pt,tek.sapo.pt,newsfarma.pt,ambienteonline.pt,iberianlawyer.com"
PT,Portugal,2024-06-01T00:00:00Z,2024-07-01T00:00:00Z,9109,169,0.01855307937204962,-1.065347021041028,175,0.019211768580524757,-1.090930336140242,"rtp.pt,publico.pt,observador.pt,sicnoticias.pt,jornaldenegocios.pt,eco.sapo.pt,tek.sapo.pt,newsfarma.pt,ambienteonline.pt,iberianlawyer.com"
PT,Portugal,2024-07-01T00:00:00Z,2024-08-01T00:00:00Z,9292,196,0.021093413689195005,-1.0653646092741529,205,0.02206198880757641,-1.075956172040037,"rtp.pt,publico.pt,observador.pt,sicnoticias.pt,jornaldenegocios.pt,eco.sapo.pt,tek.sapo.pt,newsfarma.pt,ambienteonline.pt,iberianlawyer.com"
PT,Portugal,2024-08-01T00:00:00Z,2024-09-01T00:00:00Z,8153,194,0.023794922114559056,-1.8311533480612558,208,0.025512081442413834,-1.7315677138972183,"rtp.pt,publico.pt,observador.pt,sicnoticias.pt,jornaldenegocios.pt,eco.sapo.pt,tek.sapo.pt,newsfarma.pt,ambienteonline.pt,iberianlawyer.com"
PT,Portugal,2024-09-01T00:00:00Z,2024-10-01T00:00:00Z,8427,205,0.024326569360389225,-1.2510771132110472,218,0.02586922985641391,-1.290051068051507,"rtp.pt,publico.pt,observador.pt,sicnoticias.pt,jornaldenegocios.pt,eco.sapo.pt,tek.sapo.pt,newsfarma.pt,ambienteonline.pt,iberianlawyer.com"
PT,Portugal,2024-10-01T00:00:00Z,2024-11-01T00:00:00Z,9219,228,0.024731532704197853,-1.3633313424042466,247,0.026792493762881005,-1.3358007131236194,"rtp.pt,publico.pt,observador.pt,sicnoticias.pt,jornaldenegocios.pt,eco.sapo.pt,tek.sapo.pt,newsfarma.pt,ambienteonline.pt,iberianlawyer.com"
PT,Portugal,2024-11-01T00:00:00Z,2024-12-01T00:00:00Z,9326,256,0.027450139395239118,-0.8288115307266412,266,0.028522410465365643,-0.8116791919174875,"rtp.pt,publico.pt,observador.pt,sicnoticias.pt,jornaldenegocios.pt,eco.sapo.pt,tek.sapo.pt,newsfarma.pt,ambienteonline.pt,iberianlawyer.com"
PT,Portugal,2024-12-01T00:00:00Z,2025-01-01T00:00:00Z,8532,233,0.027308954524144398,-1.7987324983756763,251,0.029418659165494607,-1.7403918005250814,"rtp.pt,publico.pt,observador.pt,sicnoticias.pt,jornaldenegocios.pt,eco.sapo.pt,tek.sapo.pt,newsfarma.pt,ambienteonline.pt,iberianlawyer.com"
PT,Portugal,2025-01-01T00:00:00Z,2025-02-01T00:00:00Z,9477,293,0.03091695684288277,-1.4508747599550438,301,0.03176110583517991,-1.4170733738606123,"rtp.pt,publico.pt,observador.pt,sicnoticias.pt,jornaldenegocios.pt,eco.sapo.pt,tek.sapo.pt,newsfarma.pt,ambienteonline.pt,iberianlawyer.com"
PT,Portugal,2025-02-01T00:00:00Z,2025-03-01T00:00:00Z,9359,295,0.03152046158777647,-1.2997854193279832,298,0.03184100865477081,-1.29328014434725,"rtp.pt,publico.pt,observador.pt,sicnoticias.pt,jornaldenegocios.pt,eco.sapo.pt,tek.sapo.pt,newsfarma.pt,ambienteonline.pt,iberianlawyer.com"
PT,Portugal,2025-03-01T00:00:00Z,2025-04-01T00:00:00Z,9672,249,0.02574441687344913,-0.9224864626655708,262,0.027088502894954507,-0.9793350217575889,"rtp.pt,publico.pt,observador.pt,sicnoticias.pt,jornaldenegocios.pt,eco.sapo.pt,tek.sapo.pt,newsfarma.pt,ambienteonline.pt,iberianlawyer.com"
PT,Portugal,2025-04-01T00:00:00Z,2025-05-01T00:00:00Z,8704,248,0.02849264705882353,-1.3837082965690737,258,0.029641544117647058,-1.4081895930791202,"rtp.pt,publico.pt,observador.pt,sicnoticias.pt,jornaldenegocios.pt,eco.sapo.pt,tek.sapo.pt,newsfarma.pt,ambienteonline.pt,iberianlawyer.com"
PT,Portugal,2025-05-01T00:00:00Z,2025-06-01T00:00:00Z,9107,266,0.029208301306687164,-1.4393527489823341,274,0.03008674645876798,-1.4572716011136901,"rtp.pt,publico.pt,observador.pt,sicnoticias.pt,jornaldenegocios.pt,eco.sapo.pt,tek.sapo.pt,newsfarma.pt,ambienteonline.pt,iberianlawyer.com"
PT,Portugal,2025-06-01T00:00:00Z,2025-07-01T00:00:00Z,3259,89,0.027308990487879718,-2.004265021910653,93,0.028536360846885548,-1.9680522621341947,"rtp.pt,publico.pt,observador.pt,sicnoticias.pt,jornaldenegocios.pt,eco.sapo.pt,tek.sapo.pt,newsfarma.pt,ambienteonline.pt,iberianlawyer.com"
PT,Portugal,2025-07-01T00:00:00Z,2025-08-01T00:00:00Z,8428,282,0.03345989558614143,-1.5092849641918136,302,0.03583293782629331,-1.4589900361480594,"rtp.pt,publico.pt,observador.pt,sicnoticias.pt,jornaldenegocios.pt,eco.sapo.pt,tek.sapo.pt,newsfarma.pt,ambienteonline.pt,iberianlawyer.com"
PT,Portugal,2025-08-01T00:00:00Z,2025-09-01T00:00:00Z,6824,249,0.03648886283704572,-1.7819877582372847,258,0.03780773739742087,-1.727643781549527,"rtp.pt,publico.pt,observador.pt,sicnoticias.pt,jornaldenegocios.pt,eco.sapo.pt,tek.sapo.pt,newsfarma.pt,ambienteonline.pt,iberianlawyer.com"
PT,Portugal,2025-09-01T00:00:00Z,2025-10-01T00:00:00Z,8535,276,0.03233743409490334,-2.0114596994069314,283,0.03315758640890451,-1.9869705060623102,"rtp.pt,publico.pt,observador.pt,sicnoticias.pt,jornaldenegocios.pt,eco.sapo.pt,tek.sapo.pt,newsfarma.pt,ambienteonline.pt,iberianlawyer.com"
PT,Portugal,2025-10-01T00:00:00Z,2025-11-01T00:00:00Z,10063,327,0.03249527973765279,-2.0307171562825928,341,0.033886514955778595,-1.9566753056262207,"rtp.pt,publico.pt,observador.pt,sicnoticias.pt,jornaldenegocios.pt,eco.sapo.pt,tek.sapo.pt,newsfarma.pt,ambienteonline.pt,iberianlawyer.com"
PT,Portugal,2025-11-01T00:00:00Z,2025-12-01T00:00:00Z,9002,371,0.04121306376360809,-1.9368409272382936,393,0.043656965118862474,-1.9545014430620629,"rtp.pt,publico.pt,observador.pt,sicnoticias.pt,jornaldenegocios.pt,eco.sapo.pt,tek.sapo.pt,newsfarma.pt,ambienteonline.pt,iberianlawyer.com"
PT,Portugal,2025-12-01T00:00:00Z,2026-01-01T00:00:00Z,7606,310,0.0407572968708914,-2.016860425632135,325,0.04272942413883776,-2.004400144582671,"rtp.pt,publico.pt,observador.pt,sicnoticias.pt,jornaldenegocios.pt,eco.sapo.pt,tek.sapo.pt,newsfarma.pt,ambienteonline.pt,iberianlawyer.com"
PT,Portugal,2026-01-01T00:00:00Z,2026-02-01T00:00:00Z,8146,270,0.03314510189049841,-1.9410088592312478,298,0.03658237171617972,-1.8088574774116528,"rtp.pt,publico.pt,observador.pt,sicnoticias.pt,jornaldenegocios.pt,eco.sapo.pt,tek.sapo.pt,newsfarma.pt,ambienteonline.pt,iberianlawyer.com"
PT,Portugal,2026-02-01T00:00:00Z,2026-03-01T00:00:00Z,7348,339,0.04613500272182907,-1.9333671558353964,351,0.04776810016330974,-1.8282816631889045,"rtp.pt,publico.pt,observador.pt,sicnoticias.pt,jornaldenegocios.pt,eco.sapo.pt,tek.sapo.pt,newsfarma.pt,ambienteonline.pt,iberianlawyer.com"
PT,Portugal,2026-03-01T00:00:00Z,2026-04-01T00:00:00Z,2904,111,0.038223140495867766,-2.028674989137264,114,0.03925619834710744,-2.001694530552825,"rtp.pt,publico.pt,observador.pt,sicnoticias.pt,jornaldenegocios.pt,eco.sapo.pt,tek.sapo.pt,newsfarma.pt,ambienteonline.pt,iberianlawyer.com"
SI,Slovenia,2018-06-01T00:00:00Z,2018-07-01T00:00:00Z,6519,92,0.01411259395612824,-0.7333352478455605,93,0.014265991716520939,-0.7554045774499812,"24ur.com,rtvslo.si,delo.si,dnevnik.si,vecer.com,finance.si,monitor.si,medicina-danes.si,energetika.net,iusinfo.si"
SI,Slovenia,2018-07-01T00:00:00Z,2018-08-01T00:00:00Z,6260,64,0.010223642172523962,-0.5088951423823119,64,0.010223642172523962,-0.5088951423823119,"24ur.com,rtvslo.si,delo.si,dnevnik.si,vecer.com,finance.si,monitor.si,medicina-danes.si,energetika.net,iusinfo.si"
SI,Slovenia,2018-08-01T00:00:00Z,2018-09-01T00:00:00Z,5818,22,0.0037813681677552422,0.3414235000220832,22,0.0037813681677552422,0.3414235000220832,"24ur.com,rtvslo.si,delo.si,dnevnik.si,vecer.com,finance.si,monitor.si,medicina-danes.si,energetika.net,iusinfo.si"
SI,Slovenia,2018-09-01T00:00:00Z,2018-10-01T00:00:00Z,6938,76,0.010954165465552033,-0.44089204885982525,80,0.01153070049005477,-0.36324133985531337,"24ur.com,rtvslo.si,delo.si,dnevnik.si,vecer.com,finance.si,monitor.si,medicina-danes.si,energetika.net,iusinfo.si"
SI,Slovenia,2018-10-01T00:00:00Z,2018-11-01T00:00:00Z,7938,59,0.007432602670697909,-0.5319460334566682,59,0.007432602670697909,-0.5319460334566682,"24ur.com,rtvslo.si,delo.si,dnevnik.si,vecer.com,finance.si,monitor.si,medicina-danes.si,energetika.net,iusinfo.si"
SI,Slovenia,2018-11-01T00:00:00Z,2018-12-01T00:00:00Z,8195,43,0.005247101891397194,0.3213026727921933,45,0.005491153142159854,0.37038128363271183,"24ur.com,rtvslo.si,delo.si,dnevnik.si,vecer.com,finance.si,monitor.si,medicina-danes.si,energetika.net,iusinfo.si"
SI,Slovenia,2018-12-01T00:00:00Z,2019-01-01T00:00:00Z,7338,22,0.002998092123194331,0.5705047888875606,22,0.002998092123194331,0.5705047888875606,"24ur.com,rtvslo.si,delo.si,dnevnik.si,vecer.com,finance.si,monitor.si,medicina-danes.si,energetika.net,iusinfo.si"
SI,Slovenia,2019-01-01T00:00:00Z,2019-02-01T00:00:00Z,7605,55,0.007232084155161078,-1.6845537655548244,55,0.007232084155161078,-1.6845537655548244,"24ur.com,rtvslo.si,delo.si,dnevnik.si,vecer.com,finance.si,monitor.si,medicina-danes.si,energetika.net,iusinfo.si"
SI,Slovenia,2019-02-01T00:00:00Z,2019-03-01T00:00:00Z,7145,39,0.005458362491252624,-0.5223492059569596,39,0.005458362491252624,-0.5223492059569596,"24ur.com,rtvslo.si,delo.si,dnevnik.si,vecer.com,finance.si,monitor.si,medicina-danes.si,energetika.net,iusinfo.si"
SI,Slovenia,2019-03-01T00:00:00Z,2019-04-01T00:00:00Z,8193,84,0.010252654705236177,-1.321220808794695,85,0.01037471011839375,-1.268747464539289,"24ur.com,rtvslo.si,delo.si,dnevnik.si,vecer.com,finance.si,monitor.si,medicina-danes.si,energetika.net,iusinfo.si"
SI,Slovenia,2019-04-01T00:00:00Z,2019-05-01T00:00:00Z,7867,87,0.011058853438413627,0.09421009997185098,87,0.011058853438413627,0.09421009997185098,"24ur.com,rtvslo.si,delo.si,dnevnik.si,vecer.com,finance.si,monitor.si,medicina-danes.si,energetika.net,iusinfo.si"
SI,Slovenia,2019-05-01T00:00:00Z,2019-06-01T00:00:00Z,8375,84,0.010029850746268656,-0.09148952750782559,85,0.010149253731343283,-0.08384988535140403,"24ur.com,rtvslo.si,delo.si,dnevnik.si,vecer.com,finance.si,monitor.si,medicina-danes.si,energetika.net,iusinfo.si"
SI,Slovenia,2019-06-01T00:00:00Z,2019-07-01T00:00:00Z,8175,80,0.009785932721712538,0.24210372159088314,80,0.009785932721712538,0.24210372159088314,"24ur.com,rtvslo.si,delo.si,dnevnik.si,vecer.com,finance.si,monitor.si,medicina-danes.si,energetika.net,iusinfo.si"
SI,Slovenia,2019-07-01T00:00:00Z,2019-08-01T00:00:00Z,8427,69,0.008187967248131008,0.7038081605394304,69,0.008187967248131008,0.7038081605394304,"24ur.com,rtvslo.si,delo.si,dnevnik.si,vecer.com,finance.si,monitor.si,medicina-danes.si,energetika.net,iusinfo.si"
SI,Slovenia,2019-08-01T00:00:00Z,2019-09-01T00:00:00Z,7237,37,0.005112615724747823,-0.819575023256767,38,0.005250794528119386,-0.7468589806264356,"24ur.com,rtvslo.si,delo.si,dnevnik.si,vecer.com,finance.si,monitor.si,medicina-danes.si,energetika.net,iusinfo.si"
SI,Slovenia,2019-09-01T00:00:00Z,2019-10-01T00:00:00Z,8349,53,0.006348065636603186,0.3293904921534943,53,0.006348065636603186,0.3293904921534943,"24ur.com,rtvslo.si,delo.si,dnevnik.si,vecer.com,finance.si,monitor.si,medicina-danes.si,energetika.net,iusinfo.si"
SI,Slovenia,2019-10-01T00:00:00Z,2019-11-01T00:00:00Z,8449,58,0.0068647177180731446,-0.7582446091474783,58,0.0068647177180731446,-0.7582446091474783,"24ur.com,rtvslo.si,delo.si,dnevnik.si,vecer.com,finance.si,monitor.si,medicina-danes.si,energetika.net,iusinfo.si"
SI,Slovenia,2019-11-01T00:00:00Z,2019-12-01T00:00:00Z,8461,34,0.004018437536934169,-0.47680586740701386,36,0.004254816215577355,-0.41647277153637846,"24ur.com,rtvslo.si,delo.si,dnevnik.si,vecer.com,finance.si,monitor.si,medicina-danes.si,energetika.net,iusinfo.si"
SI,Slovenia,2019-12-01T00:00:00Z,2020-01-01T00:00:00Z,7949,18,0.0022644357780852937,0.7178354647174922,21,0.0026418417410995093,0.6414008501935085,"24ur.com,rtvslo.si,delo.si,dnevnik.si,vecer.com,finance.si,monitor.si,medicina-danes.si,energetika.net,iusinfo.si"
SI,Slovenia,2020-01-01T00:00:00Z,2020-02-01T00:00:00Z,8156,31,0.0038008827856792545,0.06328201553983442,34,0.004168710152035311,0.05106164476004513,"24ur.com,rtvslo.si,delo.si,dnevnik.si,vecer.com,finance.si,monitor.si,medicina-danes.si,energetika.net,iusinfo.si"
SI,Slovenia,2020-02-01T00:00:00Z,2020-03-01T00:00:00Z,7460,28,0.0037533512064343165,-1.7100712226690722,28,0.0037533512064343165,-1.7100712226690722,"24ur.com,rtvslo.si,delo.si,dnevnik.si,vecer.com,finance.si,monitor.si,medicina-danes.si,energetika.net,iusinfo.si"
SI,Slovenia,2020-03-01T00:00:00Z,2020-04-01T00:00:00Z,8624,18,0.0020871985157699443,-0.5246842660975202,18,0.0020871985157699443,-0.5246842660975202,"24ur.com,rtvslo.si,delo.si,dnevnik.si,vecer.com,finance.si,monitor.si,medicina-danes.si,energetika.net,iusinfo.si"
SI,Slovenia,2020-04-01T00:00:00Z,2020-05-01T00:00:00Z,8322,9,0.0010814708002883922,-1.7214823371583123,9,0.0010814708002883922,-1.7214823371583123,"24ur.com,rtvslo.si,delo.si,dnevnik.si,vecer.com,finance.si,monitor.si,medicina-danes.si,energetika.net,iusinfo.si"
SI,Slovenia,2020-05-01T00:00:00Z,2020-06-01T00:00:00Z,8052,9,0.0011177347242921013,-1.2606958230647591,12,0.0014903129657228018,-1.218181694161068,"24ur.com,rtvslo.si,delo.si,dnevnik.si,vecer.com,finance.si,monitor.si,medicina-danes.si,energetika.net,iusinfo.si"
SI,Slovenia,2020-06-01T00:00:00Z,2020-07-01T00:00:00Z,7630,26,0.0034076015727391874,-0.8621000500140157,26,0.0034076015727391874,-0.8621000500140157,"24ur.com,rtvslo.si,delo.si,dnevnik.si,vecer.com,finance.si,monitor.si,medicina-danes.si,energetika.net,iusinfo.si"
SI,Slovenia,2020-07-01T00:00:00Z,2020-08-01T00:00:00Z,7370,15,0.0020352781546811396,0.7183729845456184,15,0.0020352781546811396,0.7183729845456184,"24ur.com,rtvslo.si,delo.si,dnevnik.si,vecer.com,finance.si,monitor.si,medicina-danes.si,energetika.net,iusinfo.si"
SI,Slovenia,2020-08-01T00:00:00Z,2020-09-01T00:00:00Z,6655,13,0.0019534184823441023,-1.1433434328969272,14,0.0021036814425244178,-1.2406006140013324,"24ur.com,rtvslo.si,delo.si,dnevnik.si,vecer.com,finance.si,monitor.si,medicina-danes.si,energetika.net,iusinfo.si"
SI,Slovenia,2020-09-01T00:00:00Z,2020-10-01T00:00:00Z,5944,20,0.0033647375504710633,1.3032333927871795,20,0.0033647375504710633,1.3032333927871795,"24ur.com,rtvslo.si,delo.si,dnevnik.si,vecer.com,finance.si,monitor.si,medicina-danes.si,energetika.net,iusinfo.si"
SI,Slovenia,2020-10-01T00:00:00Z,2020-11-01T00:00:00Z,3870,10,0.002583979328165375,-0.04076176800667808,10,0.002583979328165375,-0.04076176800667808,"24ur.com,rtvslo.si,delo.si,dnevnik.si,vecer.com,finance.si,monitor.si,medicina-danes.si,energetika.net,iusinfo.si"
SI,Slovenia,2020-11-01T00:00:00Z,2020-12-01T00:00:00Z,3919,2,0.0005103342689461597,-1.782086702149272,2,0.0005103342689461597,-1.782086702149272,"24ur.com,rtvslo.si,delo.si,dnevnik.si,vecer.com,finance.si,monitor.si,medicina-danes.si,energetika.net,iusinfo.si"
SI,Slovenia,2020-12-01T00:00:00Z,2021-01-01T00:00:00Z,6032,11,0.001823607427055703,-1.3905327685399023,11,0.001823607427055703,-1.3905327685399023,"24ur.com,rtvslo.si,delo.si,dnevnik.si,vecer.com,finance.si,monitor.si,medicina-danes.si,energetika.net,iusinfo.si"
SI,Slovenia,2021-01-01T00:00:00Z,2021-02-01T00:00:00Z,5785,2,0.00034572169403630077,-5.60304689537006,3,0.0005185825410544512,-4.4310167708264165,"24ur.com,rtvslo.si,delo.si,dnevnik.si,vecer.com,finance.si,monitor.si,medicina-danes.si,energetika.net,iusinfo.si"
SI,Slovenia,2021-02-01T00:00:00Z,2021-03-01T00:00:00Z,5200,13,0.0025,-0.3179424568141891,17,0.003269230769230769,-0.20544260755505578,"24ur.com,rtvslo.si,delo.si,dnevnik.si,vecer.com,finance.si,monitor.si,medicina-danes.si,energetika.net,iusinfo.si"
SI,Slovenia,2021-03-01T00:00:00Z,2021-04-01T00:00:00Z,6228,18,0.002890173410404624,-0.5048917745614084,19,0.0030507385998715477,-0.456569936926815,"24ur.com,rtvslo.si,delo.si,dnevnik.si,vecer.com,finance.si,monitor.si,medicina-danes.si,energetika.net,iusinfo.si"
SI,Slovenia,2021-04-01T00:00:00Z,2021-05-01T00:00:00Z,5618,13,0.002313990744037024,-0.16272985934320594,13,0.002313990744037024,-0.16272985934320594,"24ur.com,rtvslo.si,delo.si,dnevnik.si,vecer.com,finance.si,monitor.si,medicina-danes.si,energetika.net,iusinfo.si"
SI,Slovenia,2021-05-01T00:00:00Z,2021-06-01T00:00:00Z,6430,25,0.0038880248833592537,-1.851821304492435,29,0.004510108864696734,-2.151292344492215,"24ur.com,rtvslo.si,delo.si,dnevnik.si,vecer.com,finance.si,monitor.si,medicina-danes.si,energetika.net,iusinfo.si"
SI,Slovenia,2021-06-01T00:00:00Z,2021-07-01T00:00:00Z,7717,8,0.0010366722819748608,0.8570817864507235,8,0.0010366722819748608,0.8570817864507235,"24ur.com,rtvslo.si,delo.si,dnevnik.si,vecer.com,finance.si,monitor.si,medicina-danes.si,energetika.net,iusinfo.si"
SI,Slovenia,2021-07-01T00:00:00Z,2021-08-01T00:00:00Z,7715,16,0.0020738820479585226,-1.1478216285853053,16,0.0020738820479585226,-1.1478216285853053,"24ur.com,rtvslo.si,delo.si,dnevnik.si,vecer.com,finance.si,monitor.si,medicina-danes.si,energetika.net,iusinfo.si"
SI,Slovenia,2021-08-01T00:00:00Z,2021-09-01T00:00:00Z,6432,11,0.0017101990049751244,-2.667761233216667,13,0.002021144278606965,-2.4763496130638676,"24ur.com,rtvslo.si,delo.si,dnevnik.si,vecer.com,finance.si,monitor.si,medicina-danes.si,energetika.net,iusinfo.si"
SI,Slovenia,2021-09-01T00:00:00Z,2021-10-01T00:00:00Z,7896,21,0.0026595744680851063,-3.6027321726000947,22,0.002786220871327254,-3.3122289070060473,"24ur.com,rtvslo.si,delo.si,dnevnik.si,vecer.com,finance.si,monitor.si,medicina-danes.si,energetika.net,iusinfo.si"
SI,Slovenia,2021-10-01T00:00:00Z,2021-11-01T00:00:00Z,8669,34,0.003922020994347675,-1.7856167242400496,37,0.004268081670319529,-1.7765757453650315,"24ur.com,rtvslo.si,delo.si,dnevnik.si,vecer.com,finance.si,monitor.si,medicina-danes.si,energetika.net,iusinfo.si"
SI,Slovenia,2021-11-01T00:00:00Z,2021-12-01T00:00:00Z,8466,17,0.002008032128514056,-2.0718888211044084,20,0.0023623907394283014,-1.7115383983716481,"24ur.com,rtvslo.si,delo.si,dnevnik.si,vecer.com,finance.si,monitor.si,medicina-danes.si,energetika.net,iusinfo.si"
SI,Slovenia,2021-12-01T00:00:00Z,2022-01-01T00:00:00Z,8563,12,0.0014013780217213593,-2.6428266149558812,12,0.0014013780217213593,-2.6428266149558812,"24ur.com,rtvslo.si,delo.si,dnevnik.si,vecer.com,finance.si,monitor.si,medicina-danes.si,energetika.net,iusinfo.si"
SI,Slovenia,2022-01-01T00:00:00Z,2022-02-01T00:00:00Z,7198,16,0.0022228396776882466,-2.4345038769550515,21,0.002917477076965824,-1.8900221541263105,"24ur.com,rtvslo.si,delo.si,dnevnik.si,vecer.com,finance.si,monitor.si,medicina-danes.si,energetika.net,iusinfo.si"
SI,Slovenia,2022-02-01T00:00:00Z,2022-03-01T00:00:00Z,5941,9,0.0015148964820737249,0.8892373655343997,11,0.001851540144756775,0.7131417231393528,"24ur.com,rtvslo.si,delo.si,dnevnik.si,vecer.com,finance.si,monitor.si,medicina-danes.si,energetika.net,iusinfo.si"
SI,Slovenia,2022-03-01T00:00:00Z,2022-04-01T00:00:00Z,6497,13,0.0020009235031553025,-0.05166586971617876,13,0.0020009235031553025,-0.05166586971617876,"24ur.com,rtvslo.si,delo.si,dnevnik.si,vecer.com,finance.si,monitor.si,medicina-danes.si,energetika.net,iusinfo.si"
SI,Slovenia,2022-04-01T00:00:00Z,2022-05-01T00:00:00Z,6328,11,0.001738305941845765,-1.4078207658296087,11,0.001738305941845765,-1.4078207658296087,"24ur.com,rtvslo.si,delo.si,dnevnik.si,vecer.com,finance.si,monitor.si,medicina-danes.si,energetika.net,iusinfo.si"
SI,Slovenia,2022-05-01T00:00:00Z,2022-06-01T00:00:00Z,6244,9,0.0014413837283792441,2.1151031878014015,12,0.0019218449711723255,1.4819898657918205,"24ur.com,rtvslo.si,delo.si,dnevnik.si,vecer.com,finance.si,monitor.si,medicina-danes.si,energetika.net,iusinfo.si"
SI,Slovenia,2022-06-01T00:00:00Z,2022-07-01T00:00:00Z,6187,6,0.0009697753353806369,-2.3934425349357884,6,0.0009697753353806369,-2.3934425349357884,"24ur.com,rtvslo.si,delo.si,dnevnik.si,vecer.com,finance.si,monitor.si,medicina-danes.si,energetika.net,iusinfo.si"
SI,Slovenia,2022-07-01T00:00:00Z,2022-08-01T00:00:00Z,6327,11,0.001738580685949107,1.4952892577839123,11,0.001738580685949107,1.4952892577839123,"24ur.com,rtvslo.si,delo.si,dnevnik.si,vecer.com,finance.si,monitor.si,medicina-danes.si,energetika.net,iusinfo.si"
SI,Slovenia,2022-08-01T00:00:00Z,2022-09-01T00:00:00Z,4601,1,0.00021734405564007825,-1.16666666666667,13,0.002825472723321017,-2.3519197106860337,"24ur.com,rtvslo.si,delo.si,dnevnik.si,vecer.com,finance.si,monitor.si,medicina-danes.si,energetika.net,iusinfo.si"
SI,Slovenia,2022-09-01T00:00:00Z,2022-10-01T00:00:00Z,3439,1,0.0002907822041291073,0.719424460431655,1,0.0002907822041291073,0.719424460431655,"24ur.com,rtvslo.si,delo.si,dnevnik.si,vecer.com,finance.si,monitor.si,medicina-danes.si,energetika.net,iusinfo.si"
SI,Slovenia,2022-10-01T00:00:00Z,2022-11-01T00:00:00Z,3744,4,0.0010683760683760685,3.402728546030587,4,0.0010683760683760685,3.402728546030587,"24ur.com,rtvslo.si,delo.si,dnevnik.si,vecer.com,finance.si,monitor.si,medicina-danes.si,energetika.net,iusinfo.si"
SI,Slovenia,2022-11-01T00:00:00Z,2022-12-01T00:00:00Z,3465,5,0.001443001443001443,3.0905002072019343,5,0.001443001443001443,3.0905002072019343,"24ur.com,rtvslo.si,delo.si,dnevnik.si,vecer.com,finance.si,monitor.si,medicina-danes.si,energetika.net,iusinfo.si"
SI,Slovenia,2022-12-01T00:00:00Z,2023-01-01T00:00:00Z,3100,6,0.001935483870967742,2.128034269025953,6,0.001935483870967742,2.128034269025953,"24ur.com,rtvslo.si,delo.si,dnevnik.si,vecer.com,finance.si,monitor.si,medicina-danes.si,energetika.net,iusinfo.si"
SI,Slovenia,2023-01-01T00:00:00Z,2023-02-01T00:00:00Z,3238,7,0.0021618282890673254,-4.037140231203622,7,0.0021618282890673254,-4.037140231203622,"24ur.com,rtvslo.si,delo.si,dnevnik.si,vecer.com,finance.si,monitor.si,medicina-danes.si,energetika.net,iusinfo.si"
SI,Slovenia,2023-02-01T00:00:00Z,2023-03-01T00:00:00Z,2931,9,0.0030706243602865915,2.7436726825976816,9,0.0030706243602865915,2.7436726825976816,"24ur.com,rtvslo.si,delo.si,dnevnik.si,vecer.com,finance.si,monitor.si,medicina-danes.si,energetika.net,iusinfo.si"
SI,Slovenia,2023-03-01T00:00:00Z,2023-04-01T00:00:00Z,4280,7,0.0016355140186915889,1.8082375540920657,9,0.002102803738317757,1.75673519358222,"24ur.com,rtvslo.si,delo.si,dnevnik.si,vecer.com,finance.si,monitor.si,medicina-danes.si,energetika.net,iusinfo.si"
SI,Slovenia,2023-04-01T00:00:00Z,2023-05-01T00:00:00Z,7337,7,0.000954068420335287,0.0381819643097636,17,0.002317023306528554,-1.1344788918535136,"24ur.com,rtvslo.si,delo.si,dnevnik.si,vecer.com,finance.si,monitor.si,medicina-danes.si,energetika.net,iusinfo.si"
SI,Slovenia,2023-05-01T00:00:00Z,2023-06-01T00:00:00Z,7950,17,0.0021383647798742136,1.0283335550914194,18,0.0022641509433962265,0.8275257522223561,"24ur.com,rtvslo.si,delo.si,dnevnik.si,vecer.com,finance.si,monitor.si,medicina-danes.si,energetika.net,iusinfo.si"
SI,Slovenia,2023-06-01T00:00:00Z,2023-07-01T00:00:00Z,7486,13,0.0017365749398877905,0.9500949431186541,15,0.002003740315255143,0.27813345717532545,"24ur.com,rtvslo.si,delo.si,dnevnik.si,vecer.com,finance.si,monitor.si,medicina-danes.si,energetika.net,iusinfo.si"
SI,Slovenia,2023-07-01T00:00:00Z,2023-08-01T00:00:00Z,7243,30,0.004141930139444981,-2.304738443929639,32,0.00441805881540798,-2.051807273762434,"24ur.com,rtvslo.si,delo.si,dnevnik.si,vecer.com,finance.si,monitor.si,medicina-danes.si,energetika.net,iusinfo.si"
SI,Slovenia,2023-08-01T00:00:00Z,2023-09-01T00:00:00Z,7577,48,0.006334961066385113,-2.10979649801484,50,0.006598917777484493,-2.1735527862423942,"24ur.com,rtvslo.si,delo.si,dnevnik.si,vecer.com,finance.si,monitor.si,medicina-danes.si,energetika.net,iusinfo.si"
SI,Slovenia,2023-09-01T00:00:00Z,2023-10-01T00:00:00Z,7448,31,0.00416219119226638,-0.9807533171699291,31,0.00416219119226638,-0.9807533171699291,"24ur.com,rtvslo.si,delo.si,dnevnik.si,vecer.com,finance.si,monitor.si,medicina-danes.si,energetika.net,iusinfo.si"
SI,Slovenia,2023-10-01T00:00:00Z,2023-11-01T00:00:00Z,7591,34,0.004478988275589514,-0.5254596324343642,36,0.004742458174153603,-0.5944716955033865,"24ur.com,rtvslo.si,delo.si,dnevnik.si,vecer.com,finance.si,monitor.si,medicina-danes.si,energetika.net,iusinfo.si"
SI,Slovenia,2023-11-01T00:00:00Z,2023-12-01T00:00:00Z,7770,15,0.0019305019305019305,1.0677824106056197,15,0.0019305019305019305,1.0677824106056197,"24ur.com,rtvslo.si,delo.si,dnevnik.si,vecer.com,finance.si,monitor.si,medicina-danes.si,energetika.net,iusinfo.si"
SI,Slovenia,2023-12-01T00:00:00Z,2024-01-01T00:00:00Z,7683,22,0.0028634647923988024,-0.30173464503130265,23,0.0029936222829623845,-0.35162771969597806,"24ur.com,rtvslo.si,delo.si,dnevnik.si,vecer.com,finance.si,monitor.si,medicina-danes.si,energetika.net,iusinfo.si"
SI,Slovenia,2024-01-01T00:00:00Z,2024-02-01T00:00:00Z,8153,8,0.0009812339016313013,-0.867832778761995,17,0.0020851220409665154,0.33679583591692297,"24ur.com,rtvslo.si,delo.si,dnevnik.si,vecer.com,finance.si,monitor.si,medicina-danes.si,energetika.net,iusinfo.si"
SI,Slovenia,2024-02-01T00:00:00Z,2024-03-01T00:00:00Z,7450,18,0.0024161073825503354,0.039513106096406125,18,0.0024161073825503354,0.039513106096406125,"24ur.com,rtvslo.si,delo.si,dnevnik.si,vecer.com,finance.si,monitor.si,medicina-danes.si,energetika.net,iusinfo.si"
SI,Slovenia,2024-03-01T00:00:00Z,2024-04-01T00:00:00Z,8199,14,0.0017075253079643859,0.9021767085789488,14,0.0017075253079643859,0.9021767085789488,"24ur.com,rtvslo.si,delo.si,dnevnik.si,vecer.com,finance.si,monitor.si,medicina-danes.si,energetika.net,iusinfo.si"
SI,Slovenia,2024-04-01T00:00:00Z,2024-05-01T00:00:00Z,7828,19,0.0024271844660194173,-0.1473278179969496,25,0.0031936637710781807,-1.011070013463637,"24ur.com,rtvslo.si,delo.si,dnevnik.si,vecer.com,finance.si,monitor.si,medicina-danes.si,energetika.net,iusinfo.si"
SI,Slovenia,2024-05-01T00:00:00Z,2024-06-01T00:00:00Z,8110,120,0.014796547472256474,-1.6201540357017297,123,0.015166461159062885,-1.6156725626256128,"24ur.com,rtvslo.si,delo.si,dnevnik.si,vecer.com,finance.si,monitor.si,medicina-danes.si,energetika.net,iusinfo.si"
SI,Slovenia,2024-06-01T00:00:00Z,2024-07-01T00:00:00Z,7856,52,0.006619144602851324,-0.9045256805864846,52,0.006619144602851324,-0.9045256805864846,"24ur.com,rtvslo.si,delo.si,dnevnik.si,vecer.com,finance.si,monitor.si,medicina-danes.si,energetika.net,iusinfo.si"
SI,Slovenia,2024-07-01T00:00:00Z,2024-08-01T00:00:00Z,7442,26,0.0034936844934157483,-0.7040925130015308,28,0.0037624294544477293,-0.5967486160208189,"24ur.com,rtvslo.si,delo.si,dnevnik.si,vecer.com,finance.si,monitor.si,medicina-danes.si,energetika.net,iusinfo.si"
SI,Slovenia,2024-08-01T00:00:00Z,2024-09-01T00:00:00Z,5749,17,0.0029570360062619585,-0.879151800992966,18,0.0031309793007479564,-0.9910079222417495,"24ur.com,rtvslo.si,delo.si,dnevnik.si,vecer.com,finance.si,monitor.si,medicina-danes.si,energetika.net,iusinfo.si"
SI,Slovenia,2024-09-01T00:00:00Z,2024-10-01T00:00:00Z,6412,8,0.0012476606363069245,0.16407452649666504,8,0.0012476606363069245,0.16407452649666504,"24ur.com,rtvslo.si,delo.si,dnevnik.si,vecer.com,finance.si,monitor.si,medicina-danes.si,energetika.net,iusinfo.si"
SI,Slovenia,2024-10-01T00:00:00Z,2024-11-01T00:00:00Z,6619,15,0.002266203353980964,-0.6628625544007916,18,0.0027194440247771566,-0.6185099806799228,"24ur.com,rtvslo.si,delo.si,dnevnik.si,vecer.com,finance.si,monitor.si,medicina-danes.si,energetika.net,iusinfo.si"
SI,Slovenia,2024-11-01T00:00:00Z,2024-12-01T00:00:00Z,6543,13,0.0019868561821794286,1.5961156520935138,15,0.0022925263640531865,0.6006307698996333,"24ur.com,rtvslo.si,delo.si,dnevnik.si,vecer.com,finance.si,monitor.si,medicina-danes.si,energetika.net,iusinfo.si"
SI,Slovenia,2024-12-01T00:00:00Z,2025-01-01T00:00:00Z,6142,9,0.001465320742429176,0.6259939429250764,11,0.0017909475740801042,0.8028385816263922,"24ur.com,rtvslo.si,delo.si,dnevnik.si,vecer.com,finance.si,monitor.si,medicina-danes.si,energetika.net,iusinfo.si"
SI,Slovenia,2025-01-01T00:00:00Z,2025-02-01T00:00:00Z,6526,10,0.0015323322096230463,0.9074241173696458,14,0.0021452650934722646,0.9338387965299676,"24ur.com,rtvslo.si,delo.si,dnevnik.si,vecer.com,finance.si,monitor.si,medicina-danes.si,energetika.net,iusinfo.si"
SI,Slovenia,2025-02-01T00:00:00Z,2025-03-01T00:00:00Z,5721,12,0.002097535395909806,0.903492233628528,12,0.002097535395909806,0.903492233628528,"24ur.com,rtvslo.si,delo.si,dnevnik.si,vecer.com,finance.si,monitor.si,medicina-danes.si,energetika.net,iusinfo.si"
SI,Slovenia,2025-03-01T00:00:00Z,2025-04-01T00:00:00Z,6553,14,0.0021364260643979855,0.11107346852526712,14,0.0021364260643979855,0.11107346852526712,"24ur.com,rtvslo.si,delo.si,dnevnik.si,vecer.com,finance.si,monitor.si,medicina-danes.si,energetika.net,iusinfo.si"
SI,Slovenia,2025-04-01T00:00:00Z,2025-05-01T00:00:00Z,6602,20,0.003029385034837928,0.3098904340832328,25,0.0037867312935474097,-0.8623881819574506,"24ur.com,rtvslo.si,delo.si,dnevnik.si,vecer.com,finance.si,monitor.si,medicina-danes.si,energetika.net,iusinfo.si"
SI,Slovenia,2025-05-01T00:00:00Z,2025-06-01T00:00:00Z,6541,17,0.0025989909799724814,0.12703217622661572,18,0.0027518728023238036,-0.12026540713732513,"24ur.com,rtvslo.si,delo.si,dnevnik.si,vecer.com,finance.si,monitor.si,medicina-danes.si,energetika.net,iusinfo.si"
SI,Slovenia,2025-06-01T00:00:00Z,2025-07-01T00:00:00Z,2990,10,0.0033444816053511705,-3.9542006568351185,10,0.0033444816053511705,-3.9542006568351185,"24ur.com,rtvslo.si,delo.si,dnevnik.si,vecer.com,finance.si,monitor.si,medicina-danes.si,energetika.net,iusinfo.si"
SI,Slovenia,2025-07-01T00:00:00Z,2025-08-01T00:00:00Z,6163,20,0.0032451728054518902,-0.842899792113927,20,0.0032451728054518902,-0.842899792113927,"24ur.com,rtvslo.si,delo.si,dnevnik.si,vecer.com,finance.si,monitor.si,medicina-danes.si,energetika.net,iusinfo.si"
SI,Slovenia,2025-08-01T00:00:00Z,2025-09-01T00:00:00Z,6086,5,0.000821557673348669,-0.29844522283089026,5,0.000821557673348669,-0.29844522283089026,"24ur.com,rtvslo.si,delo.si,dnevnik.si,vecer.com,finance.si,monitor.si,medicina-danes.si,energetika.net,iusinfo.si"
SI,Slovenia,2025-09-01T00:00:00Z,2025-10-01T00:00:00Z,6523,19,0.002912770197761766,0.7343183795272092,23,0.0035259849762379275,0.3446254962392398,"24ur.com,rtvslo.si,delo.si,dnevnik.si,vecer.com,finance.si,monitor.si,medicina-danes.si,energetika.net,iusinfo.si"
SI,Slovenia,2025-10-01T00:00:00Z,2025-11-01T00:00:00Z,8492,10,0.0011775788977861517,-2.79495160024577,11,0.0012953367875647669,-2.4387200451672473,"24ur.com,rtvslo.si,delo.si,dnevnik.si,vecer.com,finance.si,monitor.si,medicina-danes.si,energetika.net,iusinfo.si"
SI,Slovenia,2025-11-01T00:00:00Z,2025-12-01T00:00:00Z,8359,19,0.002272999162579256,3.1998236588254,21,0.002512262232324441,2.411447596080124,"24ur.com,rtvslo.si,delo.si,dnevnik.si,vecer.com,finance.si,monitor.si,medicina-danes.si,energetika.net,iusinfo.si"
SI,Slovenia,2025-12-01T00:00:00Z,2026-01-01T00:00:00Z,8773,15,0.0017097914054485352,0.276938272806873,24,0.0027356662487176566,-1.7266644811972527,"24ur.com,rtvslo.si,delo.si,dnevnik.si,vecer.com,finance.si,monitor.si,medicina-danes.si,energetika.net,iusinfo.si"
SI,Slovenia,2026-01-01T00:00:00Z,2026-02-01T00:00:00Z,9382,17,0.0018119803879769773,0.2149484311384663,19,0.0020251545512683863,0.2701221015527236,"24ur.com,rtvslo.si,delo.si,dnevnik.si,vecer.com,finance.si,monitor.si,medicina-danes.si,energetika.net,iusinfo.si"
SI,Slovenia,2026-02-01T00:00:00Z,2026-03-01T00:00:00Z,9348,15,0.0016046213093709885,-1.4718365132267992,19,0.0020325203252032522,-1.061150428592093,"24ur.com,rtvslo.si,delo.si,dnevnik.si,vecer.com,finance.si,monitor.si,medicina-danes.si,energetika.net,iusinfo.si"
SI,Slovenia,2026-03-01T00:00:00Z,2026-04-01T00:00:00Z,3860,9,0.00233160621761658,0.06195872817701786,11,0.002849740932642487,-0.5334113854528799,"24ur.com,rtvslo.si,delo.si,dnevnik.si,vecer.com,finance.si,monitor.si,medicina-danes.si,energetika.net,iusinfo.si"
UK,United Kingdom,2018-06-01T00:00:00Z,2018-07-01T00:00:00Z,58746,916,0.015592550982194532,-0.08350099343481987,947,0.016120246484867054,-0.08682666302474958,"bbc.co.uk,theguardian.com,telegraph.co.uk,independent.co.uk,dailymail.co.uk,ft.com,theregister.com,hsj.co.uk,businessgreen.com,lawgazette.co.uk"
UK,United Kingdom,2018-07-01T00:00:00Z,2018-08-01T00:00:00Z,57871,883,0.015258073992154965,-0.7435339137069051,915,0.01581102797601562,-0.7451970929690587,"bbc.co.uk,theguardian.com,telegraph.co.uk,independent.co.uk,dailymail.co.uk,ft.com,theregister.com,hsj.co.uk,businessgreen.com,lawgazette.co.uk"
UK,United Kingdom,2018-08-01T00:00:00Z,2018-09-01T00:00:00Z,55863,773,0.013837423697259366,-1.2896797782410936,814,0.0145713620822369,-1.3171766608643873,"bbc.co.uk,theguardian.com,telegraph.co.uk,independent.co.uk,dailymail.co.uk,ft.com,theregister.com,hsj.co.uk,businessgreen.com,lawgazette.co.uk"
UK,United Kingdom,2018-09-01T00:00:00Z,2018-10-01T00:00:00Z,54759,877,0.01601563213353056,-0.9010752806259572,922,0.016837414854179222,-0.9515274688238888,"bbc.co.uk,theguardian.com,telegraph.co.uk,independent.co.uk,dailymail.co.uk,ft.com,theregister.com,hsj.co.uk,businessgreen.com,lawgazette.co.uk"
UK,United Kingdom,2018-10-01T00:00:00Z,2018-11-01T00:00:00Z,55402,1062,0.01916898306920328,-0.8490467677467403,1107,0.0199812281145085,-0.8722954139002124,"bbc.co.uk,theguardian.com,telegraph.co.uk,independent.co.uk,dailymail.co.uk,ft.com,theregister.com,hsj.co.uk,businessgreen.com,lawgazette.co.uk"
UK,United Kingdom,2018-11-01T00:00:00Z,2018-12-01T00:00:00Z,50297,1477,0.029365568522973538,-1.2251128397745652,1505,0.029922261765115216,-1.184404693734383,"bbc.co.uk,theguardian.com,telegraph.co.uk,independent.co.uk,dailymail.co.uk,ft.com,theregister.com,hsj.co.uk,businessgreen.com,lawgazette.co.uk"
UK,United Kingdom,2018-12-01T00:00:00Z,2019-01-01T00:00:00Z,42597,1033,0.024250534075169614,-1.26978460493117,1058,0.024837429865953,-1.288947025575101,"bbc.co.uk,theguardian.com,telegraph.co.uk,independent.co.uk,dailymail.co.uk,ft.com,theregister.com,hsj.co.uk,businessgreen.com,lawgazette.co.uk"
UK,United Kingdom,2019-01-01T00:00:00Z,2019-02-01T00:00:00Z,48769,1051,0.021550575160450287,-0.7063874010244384,1086,0.022268244171502388,-0.7505853215638795,"bbc.co.uk,theguardian.com,telegraph.co.uk,independent.co.uk,dailymail.co.uk,ft.com,theregister.com,hsj.co.uk,businessgreen.com,lawgazette.co.uk"
UK,United Kingdom,2019-02-01T00:00:00Z,2019-03-01T00:00:00Z,45502,1348,0.02962507142543185,-0.9172233954489889,1370,0.030108566656410707,-0.9091016496266664,"bbc.co.uk,theguardian.com,telegraph.co.uk,independent.co.uk,dailymail.co.uk,ft.com,theregister.com,hsj.co.uk,businessgreen.com,lawgazette.co.uk"
UK,United Kingdom,2019-03-01T00:00:00Z,2019-04-01T00:00:00Z,50850,1455,0.028613569321533923,-1.414947576864155,1478,0.029065880039331367,-1.3981437244688841,"bbc.co.uk,theguardian.com,telegraph.co.uk,independent.co.uk,dailymail.co.uk,ft.com,theregister.com,hsj.co.uk,businessgreen.com,lawgazette.co.uk"
UK,United Kingdom,2019-04-01T00:00:00Z,2019-05-01T00:00:00Z,48533,1336,0.027527661591082355,-1.214009523279532,1386,0.028557888447036037,-1.2390981341183582,"bbc.co.uk,theguardian.com,telegraph.co.uk,independent.co.uk,dailymail.co.uk,ft.com,theregister.com,hsj.co.uk,businessgreen.com,lawgazette.co.uk"
UK,United Kingdom,2019-05-01T00:00:00Z,2019-06-01T00:00:00Z,49456,913,0.01846085409252669,-0.8556559272751876,1131,0.02286881268197994,-0.9622048223644246,"bbc.co.uk,theguardian.com,telegraph.co.uk,independent.co.uk,dailymail.co.uk,ft.com,theregister.com,hsj.co.uk,businessgreen.com,lawgazette.co.uk"
UK,United Kingdom,2019-06-01T00:00:00Z,2019-07-01T00:00:00Z,46051,762,0.016546871946320384,-0.8297726650123946,989,0.021476189442140237,-1.0435890931350216,"bbc.co.uk,theguardian.com,telegraph.co.uk,independent.co.uk,dailymail.co.uk,ft.com,theregister.com,hsj.co.uk,businessgreen.com,lawgazette.co.uk"
UK,United Kingdom,2019-07-01T00:00:00Z,2019-08-01T00:00:00Z,47932,1012,0.02111324376199616,-1.3240759487507807,1051,0.02192689643661854,-1.3239674927893,"bbc.co.uk,theguardian.com,telegraph.co.uk,independent.co.uk,dailymail.co.uk,ft.com,theregister.com,hsj.co.uk,businessgreen.com,lawgazette.co.uk"
UK,United Kingdom,2019-08-01T00:00:00Z,2019-09-01T00:00:00Z,38968,812,0.020837610346951346,-1.2956104654624427,831,0.02132518989940464,-1.2382736711212803,"bbc.co.uk,theguardian.com,telegraph.co.uk,independent.co.uk,dailymail.co.uk,ft.com,theregister.com,hsj.co.uk,businessgreen.com,lawgazette.co.uk"
UK,United Kingdom,2019-09-01T00:00:00Z,2019-10-01T00:00:00Z,41270,870,0.021080688151199418,-0.8897390182220141,898,0.021759147080203538,-0.893223129791519,"bbc.co.uk,theguardian.com,telegraph.co.uk,independent.co.uk,dailymail.co.uk,ft.com,theregister.com,hsj.co.uk,businessgreen.com,lawgazette.co.uk"
UK,United Kingdom,2019-10-01T00:00:00Z,2019-11-01T00:00:00Z,43341,973,0.022449874253016772,-0.6937728246179434,997,0.02300362243603055,-0.6665141867279382,"bbc.co.uk,theguardian.com,telegraph.co.uk,independent.co.uk,dailymail.co.uk,ft.com,theregister.com,hsj.co.uk,businessgreen.com,lawgazette.co.uk"
UK,United Kingdom,2019-11-01T00:00:00Z,2019-12-01T00:00:00Z,41270,939,0.022752604797673857,-0.8573033146069811,994,0.02408529197964623,-0.9559611755856908,"bbc.co.uk,theguardian.com,telegraph.co.uk,independent.co.uk,dailymail.co.uk,ft.com,theregister.com,hsj.co.uk,businessgreen.com,lawgazette.co.uk"
UK,United Kingdom,2019-12-01T00:00:00Z,2020-01-01T00:00:00Z,37122,659,0.01775227627821777,-0.36316789231900115,800,0.021550563008458597,-0.8477649559236388,"bbc.co.uk,theguardian.com,telegraph.co.uk,independent.co.uk,dailymail.co.uk,ft.com,theregister.com,hsj.co.uk,businessgreen.com,lawgazette.co.uk"
UK,United Kingdom,2020-01-01T00:00:00Z,2020-02-01T00:00:00Z,40753,667,0.016366893234853876,-0.5708022412598972,703,0.017250263784261283,-0.5977398012039227,"bbc.co.uk,theguardian.com,telegraph.co.uk,independent.co.uk,dailymail.co.uk,ft.com,theregister.com,hsj.co.uk,businessgreen.com,lawgazette.co.uk"
UK,United Kingdom,2020-02-01T00:00:00Z,2020-03-01T00:00:00Z,37463,596,0.015909030243173264,-1.0488309455448845,614,0.01638950431092011,-1.0762639316323273,"bbc.co.uk,theguardian.com,telegraph.co.uk,independent.co.uk,dailymail.co.uk,ft.com,theregister.com,hsj.co.uk,businessgreen.com,lawgazette.co.uk"
UK,United Kingdom,2020-03-01T00:00:00Z,2020-04-01T00:00:00Z,41461,718,0.017317479076722705,-0.6207393512125693,750,0.01808928872916717,-0.7198191325616541,"bbc.co.uk,theguardian.com,telegraph.co.uk,independent.co.uk,dailymail.co.uk,ft.com,theregister.com,hsj.co.uk,businessgreen.com,lawgazette.co.uk"
UK,United Kingdom,2020-04-01T00:00:00Z,2020-05-01T00:00:00Z,40775,544,0.013341508277130595,-0.9115269575862507,568,0.013930104230533416,-1.046054619509671,"bbc.co.uk,theguardian.com,telegraph.co.uk,independent.co.uk,dailymail.co.uk,ft.com,theregister.com,hsj.co.uk,businessgreen.com,lawgazette.co.uk"
UK,United Kingdom,2020-05-01T00:00:00Z,2020-06-01T00:00:00Z,38583,651,0.01687271596298888,-0.6989171796634289,679,0.01759842417645077,-0.7402372271545253,"bbc.co.uk,theguardian.com,telegraph.co.uk,independent.co.uk,dailymail.co.uk,ft.com,theregister.com,hsj.co.uk,businessgreen.com,lawgazette.co.uk"
UK,United Kingdom,2020-06-01T00:00:00Z,2020-07-01T00:00:00Z,36258,494,0.013624579403166198,-1.8210352896862845,504,0.013900380605659441,-1.8493581893803088,"bbc.co.uk,theguardian.com,telegraph.co.uk,independent.co.uk,dailymail.co.uk,ft.com,theregister.com,hsj.co.uk,businessgreen.com,lawgazette.co.uk"
UK,United Kingdom,2020-07-01T00:00:00Z,2020-08-01T00:00:00Z,37812,659,0.017428329630805036,-1.0126785938246912,715,0.018909340949962973,-1.1251887259621887,"bbc.co.uk,theguardian.com,telegraph.co.uk,independent.co.uk,dailymail.co.uk,ft.com,theregister.com,hsj.co.uk,businessgreen.com,lawgazette.co.uk"
UK,United Kingdom,2020-08-01T00:00:00Z,2020-09-01T00:00:00Z,35492,612,0.01724332243885946,-0.7402021672467319,641,0.01806040797926293,-0.8085977209678537,"bbc.co.uk,theguardian.com,telegraph.co.uk,independent.co.uk,dailymail.co.uk,ft.com,theregister.com,hsj.co.uk,businessgreen.com,lawgazette.co.uk"
UK,United Kingdom,2020-09-01T00:00:00Z,2020-10-01T00:00:00Z,39273,596,0.0151758205382833,-0.7219270818532859,624,0.015888778550148957,-0.7542693650372985,"bbc.co.uk,theguardian.com,telegraph.co.uk,independent.co.uk,dailymail.co.uk,ft.com,theregister.com,hsj.co.uk,businessgreen.com,lawgazette.co.uk"
UK,United Kingdom,2020-10-01T00:00:00Z,2020-11-01T00:00:00Z,31073,479,0.015415312329031636,-0.6964410233108734,505,0.01625205162037782,-0.7662759708956696,"bbc.co.uk,theguardian.com,telegraph.co.uk,independent.co.uk,dailymail.co.uk,ft.com,theregister.com,hsj.co.uk,businessgreen.com,lawgazette.co.uk"
UK,United Kingdom,2020-11-01T00:00:00Z,2020-12-01T00:00:00Z,27644,481,0.01739979742439589,-0.771944442830942,493,0.0178338880046303,-0.805636715543029,"bbc.co.uk,theguardian.com,telegraph.co.uk,independent.co.uk,dailymail.co.uk,ft.com,theregister.com,hsj.co.uk,businessgreen.com,lawgazette.co.uk"
UK,United Kingdom,2020-12-01T00:00:00Z,2021-01-01T00:00:00Z,35958,823,0.022887813560264755,-1.0780511780516386,843,0.02344401802102453,-1.1018205390772051,"bbc.co.uk,theguardian.com,telegraph.co.uk,independent.co.uk,dailymail.co.uk,ft.com,theregister.com,hsj.co.uk,businessgreen.com,lawgazette.co.uk"
UK,United Kingdom,2021-01-01T00:00:00Z,2021-02-01T00:00:00Z,36157,633,0.01750698343336007,-0.9294851732202528,657,0.018170755317089362,-0.9676341235918461,"bbc.co.uk,theguardian.com,telegraph.co.uk,independent.co.uk,dailymail.co.uk,ft.com,theregister.com,hsj.co.uk,businessgreen.com,lawgazette.co.uk"
UK,United Kingdom,2021-02-01T00:00:00Z,2021-03-01T00:00:00Z,33044,603,0.018248396077956665,-0.8531124146246658,621,0.018793124319089697,-0.919671297067592,"bbc.co.uk,theguardian.com,telegraph.co.uk,independent.co.uk,dailymail.co.uk,ft.com,theregister.com,hsj.co.uk,businessgreen.com,lawgazette.co.uk"
UK,United Kingdom,2021-03-01T00:00:00Z,2021-04-01T00:00:00Z,37000,755,0.020405405405405405,-0.7776348127901752,773,0.020891891891891893,-0.7895571203566778,"bbc.co.uk,theguardian.com,telegraph.co.uk,independent.co.uk,dailymail.co.uk,ft.com,theregister.com,hsj.co.uk,businessgreen.com,lawgazette.co.uk"
UK,United Kingdom,2021-04-01T00:00:00Z,2021-05-01T00:00:00Z,34710,657,0.018928262748487468,-0.641439336273389,683,0.019677326418899452,-0.7365174661801873,"bbc.co.uk,theguardian.com,telegraph.co.uk,independent.co.uk,dailymail.co.uk,ft.com,theregister.com,hsj.co.uk,businessgreen.com,lawgazette.co.uk"
UK,United Kingdom,2021-05-01T00:00:00Z,2021-06-01T00:00:00Z,35969,585,0.01626400511551614,-0.6993255928566952,626,0.017403875559509577,-0.8472300971132956,"bbc.co.uk,theguardian.com,telegraph.co.uk,independent.co.uk,dailymail.co.uk,ft.com,theregister.com,hsj.co.uk,businessgreen.com,lawgazette.co.uk"
UK,United Kingdom,2021-06-01T00:00:00Z,2021-07-01T00:00:00Z,35735,537,0.015027284175178396,-0.9067408433374682,562,0.015726878410521897,-0.9835092760514527,"bbc.co.uk,theguardian.com,telegraph.co.uk,independent.co.uk,dailymail.co.uk,ft.com,theregister.com,hsj.co.uk,businessgreen.com,lawgazette.co.uk"
UK,United Kingdom,2021-07-01T00:00:00Z,2021-08-01T00:00:00Z,37360,711,0.019031049250535333,-1.1420614103267612,726,0.01943254817987152,-1.1384349291427953,"bbc.co.uk,theguardian.com,telegraph.co.uk,independent.co.uk,dailymail.co.uk,ft.com,theregister.com,hsj.co.uk,businessgreen.com,lawgazette.co.uk"
UK,United Kingdom,2021-08-01T00:00:00Z,2021-09-01T00:00:00Z,33068,486,0.014696988024676423,-1.3706996777814104,503,0.015211080198379098,-1.3722061290470509,"bbc.co.uk,theguardian.com,telegraph.co.uk,independent.co.uk,dailymail.co.uk,ft.com,theregister.com,hsj.co.uk,businessgreen.com,lawgazette.co.uk"
UK,United Kingdom,2021-09-01T00:00:00Z,2021-10-01T00:00:00Z,38331,559,0.014583496386736583,-0.9388577398267155,592,0.015444418355899924,-0.9728007244913817,"bbc.co.uk,theguardian.com,telegraph.co.uk,independent.co.uk,dailymail.co.uk,ft.com,theregister.com,hsj.co.uk,businessgreen.com,lawgazette.co.uk"
UK,United Kingdom,2021-10-01T00:00:00Z,2021-11-01T00:00:00Z,35305,573,0.01622999575131001,-0.783712219812447,634,0.01795779634612661,-0.9026257489355795,"bbc.co.uk,theguardian.com,telegraph.co.uk,independent.co.uk,dailymail.co.uk,ft.com,theregister.com,hsj.co.uk,businessgreen.com,lawgazette.co.uk"
UK,United Kingdom,2021-11-01T00:00:00Z,2021-12-01T00:00:00Z,34480,597,0.017314385150812066,-0.803827598938717,632,0.018329466357308585,-0.864762761509341,"bbc.co.uk,theguardian.com,telegraph.co.uk,independent.co.uk,dailymail.co.uk,ft.com,theregister.com,hsj.co.uk,businessgreen.com,lawgazette.co.uk"
UK,United Kingdom,2021-12-01T00:00:00Z,2022-01-01T00:00:00Z,32280,600,0.01858736059479554,-1.0828111350467566,623,0.0192998760842627,-1.1167462117002418,"bbc.co.uk,theguardian.com,telegraph.co.uk,independent.co.uk,dailymail.co.uk,ft.com,theregister.com,hsj.co.uk,businessgreen.com,lawgazette.co.uk"
UK,United Kingdom,2022-01-01T00:00:00Z,2022-02-01T00:00:00Z,33213,559,0.016830759040134886,-0.9935480816118237,588,0.017703911119140096,-1.0551937760158305,"bbc.co.uk,theguardian.com,telegraph.co.uk,independent.co.uk,dailymail.co.uk,ft.com,theregister.com,hsj.co.uk,businessgreen.com,lawgazette.co.uk"
UK,United Kingdom,2022-02-01T00:00:00Z,2022-03-01T00:00:00Z,31139,487,0.015639551687594334,-1.203228462837541,507,0.016281833071068435,-1.2509855683248639,"bbc.co.uk,theguardian.com,telegraph.co.uk,independent.co.uk,dailymail.co.uk,ft.com,theregister.com,hsj.co.uk,businessgreen.com,lawgazette.co.uk"
UK,United Kingdom,2022-03-01T00:00:00Z,2022-04-01T00:00:00Z,34879,504,0.014449955560652542,-0.9590310315310109,535,0.015338742509819663,-1.0898180224856162,"bbc.co.uk,theguardian.com,telegraph.co.uk,independent.co.uk,dailymail.co.uk,ft.com,theregister.com,hsj.co.uk,businessgreen.com,lawgazette.co.uk"
UK,United Kingdom,2022-04-01T00:00:00Z,2022-05-01T00:00:00Z,31675,643,0.020299921073401738,0.04797795152896737,663,0.020931333859510654,-0.01981923789407836,"bbc.co.uk,theguardian.com,telegraph.co.uk,independent.co.uk,dailymail.co.uk,ft.com,theregister.com,hsj.co.uk,businessgreen.com,lawgazette.co.uk"
UK,United Kingdom,2022-05-01T00:00:00Z,2022-06-01T00:00:00Z,33679,582,0.01728079812345972,-0.3029450457439261,609,0.018082484634341874,-0.3968027517514643,"bbc.co.uk,theguardian.com,telegraph.co.uk,independent.co.uk,dailymail.co.uk,ft.com,theregister.com,hsj.co.uk,businessgreen.com,lawgazette.co.uk"
UK,United Kingdom,2022-06-01T00:00:00Z,2022-07-01T00:00:00Z,31772,737,0.023196525242351756,0.5420587629819189,771,0.024266649880397836,0.3980667058403261,"bbc.co.uk,theguardian.com,telegraph.co.uk,independent.co.uk,dailymail.co.uk,ft.com,theregister.com,hsj.co.uk,businessgreen.com,lawgazette.co.uk"
UK,United Kingdom,2022-07-01T00:00:00Z,2022-08-01T00:00:00Z,31782,665,0.02092379334214335,0.08441673579283553,698,0.02196211692152791,-0.04785409662831174,"bbc.co.uk,theguardian.com,telegraph.co.uk,independent.co.uk,dailymail.co.uk,ft.com,theregister.com,hsj.co.uk,businessgreen.com,lawgazette.co.uk"
UK,United Kingdom,2022-08-01T00:00:00Z,2022-09-01T00:00:00Z,32017,740,0.023112721366773902,-0.9407616107682759,862,0.026923197051566355,-1.1494697340182718,"bbc.co.uk,theguardian.com,telegraph.co.uk,independent.co.uk,dailymail.co.uk,ft.com,theregister.com,hsj.co.uk,businessgreen.com,lawgazette.co.uk"
UK,United Kingdom,2022-09-01T00:00:00Z,2022-10-01T00:00:00Z,31505,601,0.019076337089350897,-0.5378412256448095,633,0.02009204888112998,-0.6029626905257904,"bbc.co.uk,theguardian.com,telegraph.co.uk,independent.co.uk,dailymail.co.uk,ft.com,theregister.com,hsj.co.uk,businessgreen.com,lawgazette.co.uk"
UK,United Kingdom,2022-10-01T00:00:00Z,2022-11-01T00:00:00Z,34043,538,0.01580354257850366,-0.3376601245035854,561,0.016479158711041917,-0.35721449883732187,"bbc.co.uk,theguardian.com,telegraph.co.uk,independent.co.uk,dailymail.co.uk,ft.com,theregister.com,hsj.co.uk,businessgreen.com,lawgazette.co.uk"
UK,United Kingdom,2022-11-01T00:00:00Z,2022-12-01T00:00:00Z,33827,588,0.01738256422384486,-0.801437915281888,613,0.018121618825198804,-0.8038178895865915,"bbc.co.uk,theguardian.com,telegraph.co.uk,independent.co.uk,dailymail.co.uk,ft.com,theregister.com,hsj.co.uk,businessgreen.com,lawgazette.co.uk"
UK,United Kingdom,2022-12-01T00:00:00Z,2023-01-01T00:00:00Z,32475,441,0.013579676674364896,-0.37250337790690513,462,0.014226327944572749,-0.4877054985852805,"bbc.co.uk,theguardian.com,telegraph.co.uk,independent.co.uk,dailymail.co.uk,ft.com,theregister.com,hsj.co.uk,businessgreen.com,lawgazette.co.uk"
UK,United Kingdom,2023-01-01T00:00:00Z,2023-02-01T00:00:00Z,35041,590,0.016837419023429695,-0.7035432602619233,608,0.017351102993636028,-0.7182757541814775,"bbc.co.uk,theguardian.com,telegraph.co.uk,independent.co.uk,dailymail.co.uk,ft.com,theregister.com,hsj.co.uk,businessgreen.com,lawgazette.co.uk"
UK,United Kingdom,2023-02-01T00:00:00Z,2023-03-01T00:00:00Z,30516,517,0.016941932101192818,-0.6142026687692513,535,0.017531786603748854,-0.6684055574560276,"bbc.co.uk,theguardian.com,telegraph.co.uk,independent.co.uk,dailymail.co.uk,ft.com,theregister.com,hsj.co.uk,businessgreen.com,lawgazette.co.uk"
UK,United Kingdom,2023-03-01T00:00:00Z,2023-04-01T00:00:00Z,36375,684,0.018804123711340204,-0.702851966442342,727,0.019986254295532645,-0.7173380568223854,"bbc.co.uk,theguardian.com,telegraph.co.uk,independent.co.uk,dailymail.co.uk,ft.com,theregister.com,hsj.co.uk,businessgreen.com,lawgazette.co.uk"
UK,United Kingdom,2023-04-01T00:00:00Z,2023-05-01T00:00:00Z,39614,750,0.018932700560407936,-0.9513496835507476,801,0.020220124198515675,-1.0053782379242027,"bbc.co.uk,theguardian.com,telegraph.co.uk,independent.co.uk,dailymail.co.uk,ft.com,theregister.com,hsj.co.uk,businessgreen.com,lawgazette.co.uk"
UK,United Kingdom,2023-05-01T00:00:00Z,2023-06-01T00:00:00Z,41807,649,0.015523716124094051,-0.46891526901959724,697,0.016671849211854474,-0.5622123605688486,"bbc.co.uk,theguardian.com,telegraph.co.uk,independent.co.uk,dailymail.co.uk,ft.com,theregister.com,hsj.co.uk,businessgreen.com,lawgazette.co.uk"
UK,United Kingdom,2023-06-01T00:00:00Z,2023-07-01T00:00:00Z,39799,662,0.01663358375838589,-1.266381013038937,692,0.017387371541998542,-1.263277957058572,"bbc.co.uk,theguardian.com,telegraph.co.uk,independent.co.uk,dailymail.co.uk,ft.com,theregister.com,hsj.co.uk,businessgreen.com,lawgazette.co.uk"
UK,United Kingdom,2023-07-01T00:00:00Z,2023-08-01T00:00:00Z,38951,729,0.018715822443582962,-0.8573363872789603,771,0.019794100279838772,-0.8931633354347444,"bbc.co.uk,theguardian.com,telegraph.co.uk,independent.co.uk,dailymail.co.uk,ft.com,theregister.com,hsj.co.uk,businessgreen.com,lawgazette.co.uk"
UK,United Kingdom,2023-08-01T00:00:00Z,2023-09-01T00:00:00Z,38953,644,0.01653274458963366,-1.5361278960375182,678,0.017405591353682644,-1.5137265156597508,"bbc.co.uk,theguardian.com,telegraph.co.uk,independent.co.uk,dailymail.co.uk,ft.com,theregister.com,hsj.co.uk,businessgreen.com,lawgazette.co.uk"
UK,United Kingdom,2023-09-01T00:00:00Z,2023-10-01T00:00:00Z,38667,623,0.016111930069568365,-0.947077983232873,660,0.01706881837225541,-1.0103113434220925,"bbc.co.uk,theguardian.com,telegraph.co.uk,independent.co.uk,dailymail.co.uk,ft.com,theregister.com,hsj.co.uk,businessgreen.com,lawgazette.co.uk"
UK,United Kingdom,2023-10-01T00:00:00Z,2023-11-01T00:00:00Z,40187,700,0.01741856819369448,-1.0009461263473496,735,0.018289496603379203,-1.035963406322024,"bbc.co.uk,theguardian.com,telegraph.co.uk,independent.co.uk,dailymail.co.uk,ft.com,theregister.com,hsj.co.uk,businessgreen.com,lawgazette.co.uk"
UK,United Kingdom,2023-11-01T00:00:00Z,2023-12-01T00:00:00Z,39541,657,0.016615664753041146,-1.1692353103290187,697,0.017627272957183682,-1.1469138336557603,"bbc.co.uk,theguardian.com,telegraph.co.uk,independent.co.uk,dailymail.co.uk,ft.com,theregister.com,hsj.co.uk,businessgreen.com,lawgazette.co.uk"
UK,United Kingdom,2023-12-01T00:00:00Z,2024-01-01T00:00:00Z,34588,617,0.01783855672487568,-0.8337488756529605,644,0.018619174280097142,-0.8944552180730578,"bbc.co.uk,theguardian.com,telegraph.co.uk,independent.co.uk,dailymail.co.uk,ft.com,theregister.com,hsj.co.uk,businessgreen.com,lawgazette.co.uk"
UK,United Kingdom,2024-01-01T00:00:00Z,2024-02-01T00:00:00Z,38422,805,0.020951538181250326,-0.9478604597612209,869,0.02261725053354849,-0.9521128056416537,"bbc.co.uk,theguardian.com,telegraph.co.uk,independent.co.uk,dailymail.co.uk,ft.com,theregister.com,hsj.co.uk,businessgreen.com,lawgazette.co.uk"
UK,United Kingdom,2024-02-01T00:00:00Z,2024-03-01T00:00:00Z,37859,703,0.0185689003935656,-0.9249686075763063,729,0.019255659156343273,-0.9464306617597544,"bbc.co.uk,theguardian.com,telegraph.co.uk,independent.co.uk,dailymail.co.uk,ft.com,theregister.com,hsj.co.uk,businessgreen.com,lawgazette.co.uk"
UK,United Kingdom,2024-03-01T00:00:00Z,2024-04-01T00:00:00Z,38370,822,0.021422986708365913,-0.6458194712410505,841,0.021918165233255148,-0.6711034172789874,"bbc.co.uk,theguardian.com,telegraph.co.uk,independent.co.uk,dailymail.co.uk,ft.com,theregister.com,hsj.co.uk,businessgreen.com,lawgazette.co.uk"
UK,United Kingdom,2024-04-01T00:00:00Z,2024-05-01T00:00:00Z,36468,823,0.022567730613140286,-0.915928766255956,864,0.023692003948667325,-0.9803030520290991,"bbc.co.uk,theguardian.com,telegraph.co.uk,independent.co.uk,dailymail.co.uk,ft.com,theregister.com,hsj.co.uk,businessgreen.com,lawgazette.co.uk"
UK,United Kingdom,2024-05-01T00:00:00Z,2024-06-01T00:00:00Z,36563,904,0.024724448212674013,-0.3989329893889399,945,0.025845800399310778,-0.5059625268252932,"bbc.co.uk,theguardian.com,telegraph.co.uk,independent.co.uk,dailymail.co.uk,ft.com,theregister.com,hsj.co.uk,businessgreen.com,lawgazette.co.uk"
UK,United Kingdom,2024-06-01T00:00:00Z,2024-07-01T00:00:00Z,32755,681,0.020790718974202413,-0.5749388753717938,707,0.02158449091741719,-0.5751007794262917,"bbc.co.uk,theguardian.com,telegraph.co.uk,independent.co.uk,dailymail.co.uk,ft.com,theregister.com,hsj.co.uk,businessgreen.com,lawgazette.co.uk"
UK,United Kingdom,2024-07-01T00:00:00Z,2024-08-01T00:00:00Z,34114,758,0.02221961657970335,-1.1363205226805644,781,0.022893826581462155,-1.1629557606298682,"bbc.co.uk,theguardian.com,telegraph.co.uk,independent.co.uk,dailymail.co.uk,ft.com,theregister.com,hsj.co.uk,businessgreen.com,lawgazette.co.uk"
UK,United Kingdom,2024-08-01T00:00:00Z,2024-09-01T00:00:00Z,31605,733,0.023192532827084323,-0.5942223200915032,755,0.023888625217528874,-0.6200421155526985,"bbc.co.uk,theguardian.com,telegraph.co.uk,independent.co.uk,dailymail.co.uk,ft.com,theregister.com,hsj.co.uk,businessgreen.com,lawgazette.co.uk"
UK,United Kingdom,2024-09-01T00:00:00Z,2024-10-01T00:00:00Z,32741,921,0.028129867749916007,-1.3203460353721304,948,0.02895452185333374,-1.2994944440231133,"bbc.co.uk,theguardian.com,telegraph.co.uk,independent.co.uk,dailymail.co.uk,ft.com,theregister.com,hsj.co.uk,businessgreen.com,lawgazette.co.uk"
UK,United Kingdom,2024-10-01T00:00:00Z,2024-11-01T00:00:00Z,35046,676,0.01928893454317183,-1.2002527689183724,714,0.020373223763054272,-1.2442651494690107,"bbc.co.uk,theguardian.com,telegraph.co.uk,independent.co.uk,dailymail.co.uk,ft.com,theregister.com,hsj.co.uk,businessgreen.com,lawgazette.co.uk"
UK,United Kingdom,2024-11-01T00:00:00Z,2024-12-01T00:00:00Z,33684,933,0.02769861061631635,-0.9947487586940248,959,0.028470490440565252,-1.0013596568396328,"bbc.co.uk,theguardian.com,telegraph.co.uk,independent.co.uk,dailymail.co.uk,ft.com,theregister.com,hsj.co.uk,businessgreen.com,lawgazette.co.uk"
UK,United Kingdom,2024-12-01T00:00:00Z,2025-01-01T00:00:00Z,28087,715,0.025456616940221454,-1.0382161420863456,733,0.026097482821234023,-1.0393587119678476,"bbc.co.uk,theguardian.com,telegraph.co.uk,independent.co.uk,dailymail.co.uk,ft.com,theregister.com,hsj.co.uk,businessgreen.com,lawgazette.co.uk"
UK,United Kingdom,2025-01-01T00:00:00Z,2025-02-01T00:00:00Z,30660,716,0.0233529028049576,-0.873675301973821,741,0.024168297455968688,-0.8748164425711373,"bbc.co.uk,theguardian.com,telegraph.co.uk,independent.co.uk,dailymail.co.uk,ft.com,theregister.com,hsj.co.uk,businessgreen.com,lawgazette.co.uk"
UK,United Kingdom,2025-02-01T00:00:00Z,2025-03-01T00:00:00Z,27888,660,0.023666092943201378,-0.775622315878553,678,0.024311531841652325,-0.7842807656527923,"bbc.co.uk,theguardian.com,telegraph.co.uk,independent.co.uk,dailymail.co.uk,ft.com,theregister.com,hsj.co.uk,businessgreen.com,lawgazette.co.uk"
UK,United Kingdom,2025-03-01T00:00:00Z,2025-04-01T00:00:00Z,29756,631,0.021205807232154858,-1.1705726497005964,653,0.02194515391853744,-1.263749321990904,"bbc.co.uk,theguardian.com,telegraph.co.uk,independent.co.uk,dailymail.co.uk,ft.com,theregister.com,hsj.co.uk,businessgreen.com,lawgazette.co.uk"
UK,United Kingdom,2025-04-01T00:00:00Z,2025-05-01T00:00:00Z,27369,694,0.025357155906317368,-0.9825825346692258,716,0.026160985056085353,-0.9918732905699444,"bbc.co.uk,theguardian.com,telegraph.co.uk,independent.co.uk,dailymail.co.uk,ft.com,theregister.com,hsj.co.uk,businessgreen.com,lawgazette.co.uk"
UK,United Kingdom,2025-05-01T00:00:00Z,2025-06-01T00:00:00Z,27575,721,0.02614687216681777,-1.0286547277580473,747,0.027089755213055303,-1.0196527393256245,"bbc.co.uk,theguardian.com,telegraph.co.uk,independent.co.uk,dailymail.co.uk,ft.com,theregister.com,hsj.co.uk,businessgreen.com,lawgazette.co.uk"
UK,United Kingdom,2025-06-01T00:00:00Z,2025-07-01T00:00:00Z,12012,265,0.02206127206127206,-0.9546524123104638,273,0.022727272727272728,-1.0532528607651532,"bbc.co.uk,theguardian.com,telegraph.co.uk,independent.co.uk,dailymail.co.uk,ft.com,theregister.com,hsj.co.uk,businessgreen.com,lawgazette.co.uk"
UK,United Kingdom,2025-07-01T00:00:00Z,2025-08-01T00:00:00Z,25383,622,0.02450458968601032,-1.2494077983338507,644,0.025371311507702006,-1.233019931682026,"bbc.co.uk,theguardian.com,telegraph.co.uk,independent.co.uk,dailymail.co.uk,ft.com,theregister.com,hsj.co.uk,businessgreen.com,lawgazette.co.uk"
UK,United Kingdom,2025-08-01T00:00:00Z,2025-09-01T00:00:00Z,24823,551,0.022197155863513677,-1.2641688525285426,571,0.023002860250574065,-1.2647357560153691,"bbc.co.uk,theguardian.com,telegraph.co.uk,independent.co.uk,dailymail.co.uk,ft.com,theregister.com,hsj.co.uk,businessgreen.com,lawgazette.co.uk"
UK,United Kingdom,2025-09-01T00:00:00Z,2025-10-01T00:00:00Z,25011,472,0.018871696453560433,-1.344616107534794,491,0.019631362200631722,-1.3373754261911313,"bbc.co.uk,theguardian.com,telegraph.co.uk,independent.co.uk,dailymail.co.uk,ft.com,theregister.com,hsj.co.uk,businessgreen.com,lawgazette.co.uk"
UK,United Kingdom,2025-10-01T00:00:00Z,2025-11-01T00:00:00Z,26746,541,0.02022732371195693,-0.9932004478496528,571,0.021348986764375983,-0.9990019566755272,"bbc.co.uk,theguardian.com,telegraph.co.uk,independent.co.uk,dailymail.co.uk,ft.com,theregister.com,hsj.co.uk,businessgreen.com,lawgazette.co.uk"
UK,United Kingdom,2025-11-01T00:00:00Z,2025-12-01T00:00:00Z,24857,564,0.02268978557348031,-1.0182955601787929,591,0.02377599871263628,-1.0472065121966814,"bbc.co.uk,theguardian.com,telegraph.co.uk,independent.co.uk,dailymail.co.uk,ft.com,theregister.com,hsj.co.uk,businessgreen.com,lawgazette.co.uk"
UK,United Kingdom,2025-12-01T00:00:00Z,2026-01-01T00:00:00Z,18020,416,0.023085460599334074,-1.0067517176625904,454,0.025194228634850168,-1.1166437273396712,"bbc.co.uk,theguardian.com,telegraph.co.uk,independent.co.uk,dailymail.co.uk,ft.com,theregister.com,hsj.co.uk,businessgreen.com,lawgazette.co.uk"
UK,United Kingdom,2026-01-01T00:00:00Z,2026-02-01T00:00:00Z,25180,654,0.02597299444003177,-0.9297837489734871,680,0.027005559968228753,-0.9253748482301227,"bbc.co.uk,theguardian.com,telegraph.co.uk,independent.co.uk,dailymail.co.uk,ft.com,theregister.com,hsj.co.uk,businessgreen.com,lawgazette.co.uk"
UK,United Kingdom,2026-02-01T00:00:00Z,2026-03-01T00:00:00Z,23755,695,0.029256998526625975,-1.7347912544790898,719,0.03026731214481162,-1.7551832058872499,"bbc.co.uk,theguardian.com,telegraph.co.uk,independent.co.uk,dailymail.co.uk,ft.com,theregister.com,hsj.co.uk,businessgreen.com,lawgazette.co.uk"
UK,United Kingdom,2026-03-01T00:00:00Z,2026-04-01T00:00:00Z,10329,423,0.0409526575660761,-1.8868216441774577,429,0.04153354632587859,-1.8751730855457645,"bbc.co.uk,theguardian.com,telegraph.co.uk,independent.co.uk,dailymail.co.uk,ft.com,theregister.com,hsj.co.uk,businessgreen.com,lawgazette.co.uk"
