country,country_name,month_start_utc,month_end_utc,all_articles,ai_articles_strict,ai_proportion_strict,ai_tone_strict,ai_articles_balanced,ai_proportion_balanced,ai_tone_balanced,domains
AT,Austria,2018-06-01T00:00:00Z,2018-07-01T00:00:00Z,15798,101,0.006393214330927966,-1.4587497734682546,103,0.006519812634510697,-1.4988198123698027,"orf.at,derstandard.at,krone.at,kurier.at,diepresse.com"
AT,Austria,2018-07-01T00:00:00Z,2018-08-01T00:00:00Z,14741,162,0.010989756461569772,-1.8132402956545393,164,0.011125432467268164,-1.8749960688221123,"orf.at,derstandard.at,krone.at,kurier.at,diepresse.com"
AT,Austria,2018-08-01T00:00:00Z,2018-09-01T00:00:00Z,13940,74,0.005308464849354376,-0.6118027899401838,76,0.0054519368723099,-0.6144675773908296,"orf.at,derstandard.at,krone.at,kurier.at,diepresse.com"
AT,Austria,2018-09-01T00:00:00Z,2018-10-01T00:00:00Z,12829,101,0.007872788214202198,-0.9572624218545701,106,0.008262530205004287,-1.0983616404614414,"orf.at,derstandard.at,krone.at,kurier.at,diepresse.com"
AT,Austria,2018-10-01T00:00:00Z,2018-11-01T00:00:00Z,12714,99,0.00778669183577159,-0.918754536983531,106,0.008337266005977662,-1.1764286901619343,"orf.at,derstandard.at,krone.at,kurier.at,diepresse.com"
AT,Austria,2018-11-01T00:00:00Z,2018-12-01T00:00:00Z,12986,106,0.008162636685661482,-1.0918655739965295,114,0.008778684737409517,-0.9677490580012598,"orf.at,derstandard.at,krone.at,kurier.at,diepresse.com"
AT,Austria,2018-12-01T00:00:00Z,2019-01-01T00:00:00Z,11151,77,0.006905210295040804,-2.0155871880541203,79,0.007084566406600305,-1.9194138646056786,"orf.at,derstandard.at,krone.at,kurier.at,diepresse.com"
AT,Austria,2019-01-01T00:00:00Z,2019-02-01T00:00:00Z,13073,81,0.00619597643999082,-1.5724719064455321,91,0.006960911802952651,-1.5043866660208243,"orf.at,derstandard.at,krone.at,kurier.at,diepresse.com"
AT,Austria,2019-02-01T00:00:00Z,2019-03-01T00:00:00Z,12161,60,0.004933804785790643,-0.29272249033742703,60,0.004933804785790643,-0.29272249033742703,"orf.at,derstandard.at,krone.at,kurier.at,diepresse.com"
AT,Austria,2019-03-01T00:00:00Z,2019-04-01T00:00:00Z,12529,65,0.005187963923697023,-0.6498222347144426,66,0.0052677787532923615,-0.8042699810668892,"orf.at,derstandard.at,krone.at,kurier.at,diepresse.com"
AT,Austria,2019-04-01T00:00:00Z,2019-05-01T00:00:00Z,11938,74,0.006198693248450327,-1.197198207857653,74,0.006198693248450327,-1.197198207857653,"orf.at,derstandard.at,krone.at,kurier.at,diepresse.com"
AT,Austria,2019-05-01T00:00:00Z,2019-06-01T00:00:00Z,13166,106,0.008051040559015647,-0.03978592118577326,113,0.008582713048761962,-0.022626804099533784,"orf.at,derstandard.at,krone.at,kurier.at,diepresse.com"
AT,Austria,2019-06-01T00:00:00Z,2019-07-01T00:00:00Z,12146,79,0.00650419891322246,-0.8957161160226367,82,0.006751193808661288,-1.1033774882953735,"orf.at,derstandard.at,krone.at,kurier.at,diepresse.com"
AT,Austria,2019-07-01T00:00:00Z,2019-08-01T00:00:00Z,13100,92,0.007022900763358778,-0.7205270762858127,98,0.007480916030534351,-0.9033143835312264,"orf.at,derstandard.at,krone.at,kurier.at,diepresse.com"
AT,Austria,2019-08-01T00:00:00Z,2019-09-01T00:00:00Z,10495,47,0.004478323010957599,-0.8955568427088346,50,0.004764173415912339,-0.9268693765314151,"orf.at,derstandard.at,krone.at,kurier.at,diepresse.com"
AT,Austria,2019-09-01T00:00:00Z,2019-10-01T00:00:00Z,11577,74,0.006391984106417898,-1.0650186432828121,77,0.006651118597218623,-1.06327841732789,"orf.at,derstandard.at,krone.at,kurier.at,diepresse.com"
AT,Austria,2019-10-01T00:00:00Z,2019-11-01T00:00:00Z,13634,89,0.006527798151679624,-0.02845355069655666,95,0.006967874431568139,-0.24573896283741398,"orf.at,derstandard.at,krone.at,kurier.at,diepresse.com"
AT,Austria,2019-11-01T00:00:00Z,2019-12-01T00:00:00Z,12855,46,0.003578374173473357,-0.8192617545659288,47,0.0036561649163749516,-0.723415681372958,"orf.at,derstandard.at,krone.at,kurier.at,diepresse.com"
AT,Austria,2019-12-01T00:00:00Z,2020-01-01T00:00:00Z,11806,39,0.0033034050482805355,-0.15008380681328665,45,0.003811621209554464,-0.13742187030869427,"orf.at,derstandard.at,krone.at,kurier.at,diepresse.com"
AT,Austria,2020-01-01T00:00:00Z,2020-02-01T00:00:00Z,13107,61,0.004654001678492409,-0.08161416812177791,70,0.005340657663843748,-0.3141299902390472,"orf.at,derstandard.at,krone.at,kurier.at,diepresse.com"
AT,Austria,2020-02-01T00:00:00Z,2020-03-01T00:00:00Z,11933,47,0.003938657504399565,-0.6399130842377305,48,0.004022458727897428,-0.6688827460826088,"orf.at,derstandard.at,krone.at,kurier.at,diepresse.com"
AT,Austria,2020-03-01T00:00:00Z,2020-04-01T00:00:00Z,14174,46,0.003245378862706364,-0.810578427661619,46,0.003245378862706364,-0.810578427661619,"orf.at,derstandard.at,krone.at,kurier.at,diepresse.com"
AT,Austria,2020-04-01T00:00:00Z,2020-05-01T00:00:00Z,13621,33,0.0024227296086924604,-0.2793474326614548,41,0.003010057998678511,-1.2849977370873338,"orf.at,derstandard.at,krone.at,kurier.at,diepresse.com"
AT,Austria,2020-05-01T00:00:00Z,2020-06-01T00:00:00Z,13032,50,0.0038367096378146104,-0.5587357991471491,54,0.004143646408839779,-0.7894089135751621,"orf.at,derstandard.at,krone.at,kurier.at,diepresse.com"
AT,Austria,2020-06-01T00:00:00Z,2020-07-01T00:00:00Z,12582,41,0.00325862343029725,-1.1998756878355048,43,0.0034175806707995547,-1.2932306320095575,"orf.at,derstandard.at,krone.at,kurier.at,diepresse.com"
AT,Austria,2020-07-01T00:00:00Z,2020-08-01T00:00:00Z,12447,50,0.0040170322165983775,-0.6623564305044309,54,0.004338394793926247,-0.8145590080791754,"orf.at,derstandard.at,krone.at,kurier.at,diepresse.com"
AT,Austria,2020-08-01T00:00:00Z,2020-09-01T00:00:00Z,10637,34,0.0031963899595750683,-2.8030961676443216,36,0.0033844128983736015,-2.9068773078678567,"orf.at,derstandard.at,krone.at,kurier.at,diepresse.com"
AT,Austria,2020-09-01T00:00:00Z,2020-10-01T00:00:00Z,11309,35,0.003094880183924308,-1.6659780816922192,38,0.0033601556282606775,-1.898001107395096,"orf.at,derstandard.at,krone.at,kurier.at,diepresse.com"
AT,Austria,2020-10-01T00:00:00Z,2020-11-01T00:00:00Z,9558,20,0.002092487968194183,-0.21540479097583848,22,0.002301736765013601,-0.0014435939074445292,"orf.at,derstandard.at,krone.at,kurier.at,diepresse.com"
AT,Austria,2020-11-01T00:00:00Z,2020-12-01T00:00:00Z,9372,26,0.002774221084080239,-0.8653488814860792,28,0.002987622705932565,-0.7680016443934348,"orf.at,derstandard.at,krone.at,kurier.at,diepresse.com"
AT,Austria,2020-12-01T00:00:00Z,2021-01-01T00:00:00Z,12917,58,0.004490206704343113,0.31282207044914667,61,0.004722458775257413,0.10705842306403093,"orf.at,derstandard.at,krone.at,kurier.at,diepresse.com"
AT,Austria,2021-01-01T00:00:00Z,2021-02-01T00:00:00Z,13849,40,0.002888295183767781,-0.645581084200418,47,0.0033937468409271426,-0.7965649702681947,"orf.at,derstandard.at,krone.at,kurier.at,diepresse.com"
AT,Austria,2021-02-01T00:00:00Z,2021-03-01T00:00:00Z,13714,40,0.002916727431821496,-1.2118225900008044,42,0.003062563803412571,-1.2913144886190704,"orf.at,derstandard.at,krone.at,kurier.at,diepresse.com"
AT,Austria,2021-03-01T00:00:00Z,2021-04-01T00:00:00Z,13937,44,0.0031570639305445935,-0.2998322720118459,45,0.0032288153835115163,-0.39704616439043633,"orf.at,derstandard.at,krone.at,kurier.at,diepresse.com"
AT,Austria,2021-04-01T00:00:00Z,2021-05-01T00:00:00Z,12776,47,0.003678772698810269,-0.6972885323959457,50,0.003913587977457733,-0.9072205038004197,"orf.at,derstandard.at,krone.at,kurier.at,diepresse.com"
AT,Austria,2021-05-01T00:00:00Z,2021-06-01T00:00:00Z,14014,29,0.002069359212216355,-0.7228750647799191,32,0.0022834308548594262,-0.6375335098148984,"orf.at,derstandard.at,krone.at,kurier.at,diepresse.com"
AT,Austria,2021-06-01T00:00:00Z,2021-07-01T00:00:00Z,14339,53,0.0036962131250435873,0.12649776529448992,56,0.0039054327358951113,0.12073834654821598,"orf.at,derstandard.at,krone.at,kurier.at,diepresse.com"
AT,Austria,2021-07-01T00:00:00Z,2021-08-01T00:00:00Z,13482,63,0.004672897196261682,-1.4796889920781844,64,0.004747070167630915,-1.4663958956021204,"orf.at,derstandard.at,krone.at,kurier.at,diepresse.com"
AT,Austria,2021-08-01T00:00:00Z,2021-09-01T00:00:00Z,11685,27,0.0023106546854942235,-0.8286219466394739,29,0.0024818142918271286,-0.7194838630039659,"orf.at,derstandard.at,krone.at,kurier.at,diepresse.com"
AT,Austria,2021-09-01T00:00:00Z,2021-10-01T00:00:00Z,13522,51,0.0037716314154710843,-0.27661956460334136,52,0.003845584972637184,-0.33446671783879095,"orf.at,derstandard.at,krone.at,kurier.at,diepresse.com"
AT,Austria,2021-10-01T00:00:00Z,2021-11-01T00:00:00Z,13948,42,0.0030111843991970175,0.20835236225205,51,0.00365643819902495,-0.16668700476187875,"orf.at,derstandard.at,krone.at,kurier.at,diepresse.com"
AT,Austria,2021-11-01T00:00:00Z,2021-12-01T00:00:00Z,14331,30,0.0020933640360058614,0.07644872511540529,35,0.002442258042006838,-0.36570593867970913,"orf.at,derstandard.at,krone.at,kurier.at,diepresse.com"
AT,Austria,2021-12-01T00:00:00Z,2022-01-01T00:00:00Z,13797,26,0.0018844676378922953,-0.9826292223385765,30,0.0021743857360295715,-0.6952440395192808,"orf.at,derstandard.at,krone.at,kurier.at,diepresse.com"
AT,Austria,2022-01-01T00:00:00Z,2022-02-01T00:00:00Z,13975,40,0.0028622540250447226,-1.193581674611737,43,0.003076923076923077,-1.0869032017038744,"orf.at,derstandard.at,krone.at,kurier.at,diepresse.com"
AT,Austria,2022-02-01T00:00:00Z,2022-03-01T00:00:00Z,12440,47,0.0037781350482315114,-1.2468890833355264,51,0.00409967845659164,-1.2247240421388075,"orf.at,derstandard.at,krone.at,kurier.at,diepresse.com"
AT,Austria,2022-03-01T00:00:00Z,2022-04-01T00:00:00Z,14728,34,0.0023085279739272135,-0.2113451591688687,39,0.002648017381857686,-0.4652510792416096,"orf.at,derstandard.at,krone.at,kurier.at,diepresse.com"
AT,Austria,2022-04-01T00:00:00Z,2022-05-01T00:00:00Z,13677,58,0.004240696059077283,-0.34359296884977164,65,0.004752504204138334,-0.4976624402193157,"orf.at,derstandard.at,krone.at,kurier.at,diepresse.com"
AT,Austria,2022-05-01T00:00:00Z,2022-06-01T00:00:00Z,14119,62,0.004391245838940435,-0.5994912058226264,65,0.004603725476308521,-0.6284179578392588,"orf.at,derstandard.at,krone.at,kurier.at,diepresse.com"
AT,Austria,2022-06-01T00:00:00Z,2022-07-01T00:00:00Z,13527,39,0.0028831226436016855,-0.42072770147328165,43,0.0031788275301249352,-0.5550108068336752,"orf.at,derstandard.at,krone.at,kurier.at,diepresse.com"
AT,Austria,2022-07-01T00:00:00Z,2022-08-01T00:00:00Z,13526,42,0.0031051308590862043,-0.7983469737379308,44,0.0032529942333284047,-0.7108052014561654,"orf.at,derstandard.at,krone.at,kurier.at,diepresse.com"
AT,Austria,2022-08-01T00:00:00Z,2022-09-01T00:00:00Z,12857,52,0.004044489383215369,-1.0363768900959924,85,0.00661118456871743,-1.7111975317474237,"orf.at,derstandard.at,krone.at,kurier.at,diepresse.com"
AT,Austria,2022-09-01T00:00:00Z,2022-10-01T00:00:00Z,12847,45,0.00350276329104071,-0.27581425143920585,53,0.004125476765003503,-0.8037555015526071,"orf.at,derstandard.at,krone.at,kurier.at,diepresse.com"
AT,Austria,2022-10-01T00:00:00Z,2022-11-01T00:00:00Z,12996,38,0.0029239766081871343,-0.1887436124051613,43,0.003308710372422284,-0.585670272900511,"orf.at,derstandard.at,krone.at,kurier.at,diepresse.com"
AT,Austria,2022-11-01T00:00:00Z,2022-12-01T00:00:00Z,12670,34,0.0026835043409629044,-0.20408680480714173,38,0.002999210734017364,-0.5582412824194863,"orf.at,derstandard.at,krone.at,kurier.at,diepresse.com"
AT,Austria,2022-12-01T00:00:00Z,2023-01-01T00:00:00Z,12309,33,0.002680965147453083,-1.0540680030257188,37,0.003005930619871639,-1.340583578032396,"orf.at,derstandard.at,krone.at,kurier.at,diepresse.com"
AT,Austria,2023-01-01T00:00:00Z,2023-02-01T00:00:00Z,12945,61,0.0047122441096948625,-0.5385585868278296,67,0.005175743530320587,-0.6246279711919938,"orf.at,derstandard.at,krone.at,kurier.at,diepresse.com"
AT,Austria,2023-02-01T00:00:00Z,2023-03-01T00:00:00Z,11787,99,0.008399083736319674,-0.05329775617284743,103,0.008738440654958853,-0.1603725165754976,"orf.at,derstandard.at,krone.at,kurier.at,diepresse.com"
AT,Austria,2023-03-01T00:00:00Z,2023-04-01T00:00:00Z,13761,111,0.008066274253324613,0.06119148351753053,121,0.008792965627498001,0.019762603478161757,"orf.at,derstandard.at,krone.at,kurier.at,diepresse.com"
AT,Austria,2023-04-01T00:00:00Z,2023-05-01T00:00:00Z,15198,151,0.009935517831293591,-0.8111561881420134,177,0.011646269245953415,-1.0494562129802179,"orf.at,derstandard.at,krone.at,kurier.at,diepresse.com"
AT,Austria,2023-05-01T00:00:00Z,2023-06-01T00:00:00Z,15374,152,0.00988682190711591,-0.0034730518507053443,156,0.01014700143098738,-0.06648352791334311,"orf.at,derstandard.at,krone.at,kurier.at,diepresse.com"
AT,Austria,2023-06-01T00:00:00Z,2023-07-01T00:00:00Z,14418,137,0.009502011374670551,-0.17694656434600692,143,0.009918157858232765,-0.1803243426434568,"orf.at,derstandard.at,krone.at,kurier.at,diepresse.com"
AT,Austria,2023-07-01T00:00:00Z,2023-08-01T00:00:00Z,14039,122,0.008690077640857611,-0.9137908427086259,123,0.008761307785454805,-0.8858311405300798,"orf.at,derstandard.at,krone.at,kurier.at,diepresse.com"
AT,Austria,2023-08-01T00:00:00Z,2023-09-01T00:00:00Z,13805,112,0.008113002535313293,-0.5100915083542913,118,0.008547627671133647,-0.5548585697684771,"orf.at,derstandard.at,krone.at,kurier.at,diepresse.com"
AT,Austria,2023-09-01T00:00:00Z,2023-10-01T00:00:00Z,14144,140,0.009898190045248868,-0.2593698140920063,152,0.010746606334841629,-0.417011868993129,"orf.at,derstandard.at,krone.at,kurier.at,diepresse.com"
AT,Austria,2023-10-01T00:00:00Z,2023-11-01T00:00:00Z,14753,142,0.009625160984206602,-1.5834103782980193,147,0.009964075103368806,-1.6713208711821699,"orf.at,derstandard.at,krone.at,kurier.at,diepresse.com"
AT,Austria,2023-11-01T00:00:00Z,2023-12-01T00:00:00Z,14330,205,0.014305652477320307,-1.591488759809058,208,0.01451500348918353,-1.5735373424267756,"orf.at,derstandard.at,krone.at,kurier.at,diepresse.com"
AT,Austria,2023-12-01T00:00:00Z,2024-01-01T00:00:00Z,13026,147,0.011285122063565177,-1.046686928954417,152,0.011668969752802088,-1.1124082222596285,"orf.at,derstandard.at,krone.at,kurier.at,diepresse.com"
AT,Austria,2024-01-01T00:00:00Z,2024-02-01T00:00:00Z,13556,141,0.01040129831808793,-0.33436040337297146,168,0.012393036293892004,-0.5113427134924964,"orf.at,derstandard.at,krone.at,kurier.at,diepresse.com"
AT,Austria,2024-02-01T00:00:00Z,2024-03-01T00:00:00Z,13681,173,0.012645274468240625,-1.1926066998863942,181,0.013230027044806665,-1.2810681668149884,"orf.at,derstandard.at,krone.at,kurier.at,diepresse.com"
AT,Austria,2024-03-01T00:00:00Z,2024-04-01T00:00:00Z,14752,147,0.00996475054229935,-0.9416083351722347,149,0.010100325379609544,-0.9349904917212413,"orf.at,derstandard.at,krone.at,kurier.at,diepresse.com"
AT,Austria,2024-04-01T00:00:00Z,2024-05-01T00:00:00Z,14431,176,0.012195967015452844,-0.8601178664749508,186,0.012888919686785393,-0.9006883089999167,"orf.at,derstandard.at,krone.at,kurier.at,diepresse.com"
AT,Austria,2024-05-01T00:00:00Z,2024-06-01T00:00:00Z,14234,205,0.014402135731347477,0.11438203511248696,227,0.015947730785443304,-0.17353679246066672,"orf.at,derstandard.at,krone.at,kurier.at,diepresse.com"
AT,Austria,2024-06-01T00:00:00Z,2024-07-01T00:00:00Z,14125,179,0.012672566371681416,-0.2200934512051556,184,0.013026548672566371,-0.3272654957040712,"orf.at,derstandard.at,krone.at,kurier.at,diepresse.com"
AT,Austria,2024-07-01T00:00:00Z,2024-08-01T00:00:00Z,14279,125,0.008754114433783879,-0.6167665522832221,135,0.00945444358848659,-0.8456623450292376,"orf.at,derstandard.at,krone.at,kurier.at,diepresse.com"
AT,Austria,2024-08-01T00:00:00Z,2024-09-01T00:00:00Z,13601,161,0.011837364899639732,-1.305707135016482,164,0.012057936916403205,-1.311278033134602,"orf.at,derstandard.at,krone.at,kurier.at,diepresse.com"
AT,Austria,2024-09-01T00:00:00Z,2024-10-01T00:00:00Z,14206,142,0.009995776432493313,-1.373415466331659,144,0.010136562016049556,-1.3991179636307693,"orf.at,derstandard.at,krone.at,kurier.at,diepresse.com"
AT,Austria,2024-10-01T00:00:00Z,2024-11-01T00:00:00Z,14367,164,0.011415048374747685,-1.0115728286641665,170,0.01183267209577504,-1.1151744451018872,"orf.at,derstandard.at,krone.at,kurier.at,diepresse.com"
AT,Austria,2024-11-01T00:00:00Z,2024-12-01T00:00:00Z,14608,148,0.010131434830230011,-0.9040630455269911,158,0.010815991237677985,-1.0038037529692563,"orf.at,derstandard.at,krone.at,kurier.at,diepresse.com"
AT,Austria,2024-12-01T00:00:00Z,2025-01-01T00:00:00Z,13970,124,0.008876163206871868,-0.5039013198625242,127,0.00909090909090909,-0.5282739088954074,"orf.at,derstandard.at,krone.at,kurier.at,diepresse.com"
AT,Austria,2025-01-01T00:00:00Z,2025-02-01T00:00:00Z,15389,178,0.011566703489505491,-0.6556778383444118,181,0.011761647930339854,-0.7567926653569416,"orf.at,derstandard.at,krone.at,kurier.at,diepresse.com"
AT,Austria,2025-02-01T00:00:00Z,2025-03-01T00:00:00Z,14210,178,0.012526389866291345,-0.577364796985691,182,0.012807881773399015,-0.6640315565707433,"orf.at,derstandard.at,krone.at,kurier.at,diepresse.com"
AT,Austria,2025-03-01T00:00:00Z,2025-04-01T00:00:00Z,15918,171,0.010742555597436865,-0.7547571864447834,173,0.010868199522553084,-0.7679461715217735,"orf.at,derstandard.at,krone.at,kurier.at,diepresse.com"
AT,Austria,2025-04-01T00:00:00Z,2025-05-01T00:00:00Z,14901,210,0.014093013891685121,-0.7532741932117979,212,0.014227233071605932,-0.7629385497685007,"orf.at,derstandard.at,krone.at,kurier.at,diepresse.com"
AT,Austria,2025-05-01T00:00:00Z,2025-06-01T00:00:00Z,15346,210,0.013684347712759025,0.0174992255498859,211,0.013749511273295973,0.026748888377572597,"orf.at,derstandard.at,krone.at,kurier.at,diepresse.com"
AT,Austria,2025-06-01T00:00:00Z,2025-07-01T00:00:00Z,6644,77,0.011589403973509934,-1.046420744919172,80,0.012040939193257074,-1.2625825666210493,"orf.at,derstandard.at,krone.at,kurier.at,diepresse.com"
AT,Austria,2025-07-01T00:00:00Z,2025-08-01T00:00:00Z,15015,150,0.00999000999000999,-0.037762081149314605,152,0.010123210123210123,-0.06673056192938395,"orf.at,derstandard.at,krone.at,kurier.at,diepresse.com"
AT,Austria,2025-08-01T00:00:00Z,2025-09-01T00:00:00Z,14230,179,0.01257905832747716,-0.24119750799630227,179,0.01257905832747716,-0.24119750799630227,"orf.at,derstandard.at,krone.at,kurier.at,diepresse.com"
AT,Austria,2025-09-01T00:00:00Z,2025-10-01T00:00:00Z,15328,183,0.01193893528183716,-0.7763724020679181,197,0.012852296450939457,-0.9454626900244378,"orf.at,derstandard.at,krone.at,kurier.at,diepresse.com"
AT,Austria,2025-10-01T00:00:00Z,2025-11-01T00:00:00Z,15370,178,0.01158100195185426,-0.4764945215087982,181,0.011776187378009109,-0.5004332170431043,"orf.at,derstandard.at,krone.at,kurier.at,diepresse.com"
AT,Austria,2025-11-01T00:00:00Z,2025-12-01T00:00:00Z,14992,186,0.012406616862326574,-0.5850993374976843,195,0.013006937033084311,-0.684378797696244,"orf.at,derstandard.at,krone.at,kurier.at,diepresse.com"
AT,Austria,2025-12-01T00:00:00Z,2026-01-01T00:00:00Z,14397,150,0.010418837257762034,-0.4771589286061533,168,0.011669097728693479,-1.0907963415457558,"orf.at,derstandard.at,krone.at,kurier.at,diepresse.com"
AT,Austria,2026-01-01T00:00:00Z,2026-02-01T00:00:00Z,15305,209,0.013655668082326038,-0.47315916198405894,220,0.014374387455080039,-0.43062246249949004,"orf.at,derstandard.at,krone.at,kurier.at,diepresse.com"
AT,Austria,2026-02-01T00:00:00Z,2026-03-01T00:00:00Z,14385,214,0.014876607577337504,-0.7615931800917813,216,0.015015641293013556,-0.7647167087509037,"orf.at,derstandard.at,krone.at,kurier.at,diepresse.com"
AT,Austria,2026-03-01T00:00:00Z,2026-04-01T00:00:00Z,6152,90,0.014629388816644993,-1.5588005251763308,90,0.014629388816644993,-1.5588005251763308,"orf.at,derstandard.at,krone.at,kurier.at,diepresse.com"
BE,Belgium,2018-06-01T00:00:00Z,2018-07-01T00:00:00Z,15959,108,0.006767341312112288,-1.4460247023423949,113,0.007080644150636005,-1.4597734852235662,"hln.be,lesoir.be,vrt.be,nieuwsblad.be,lalibre.be"
BE,Belgium,2018-07-01T00:00:00Z,2018-08-01T00:00:00Z,11881,123,0.010352663917178689,-1.7433136737482424,125,0.010520999915832,-1.7423314936831447,"hln.be,lesoir.be,vrt.be,nieuwsblad.be,lalibre.be"
BE,Belgium,2018-08-01T00:00:00Z,2018-09-01T00:00:00Z,9777,36,0.00368211107701749,-0.7944714532703991,41,0.004193515393269919,-0.6586366642102982,"hln.be,lesoir.be,vrt.be,nieuwsblad.be,lalibre.be"
BE,Belgium,2018-09-01T00:00:00Z,2018-10-01T00:00:00Z,9093,57,0.006268558231606731,-1.7320553190782009,63,0.006928406466512702,-1.7514107587707546,"hln.be,lesoir.be,vrt.be,nieuwsblad.be,lalibre.be"
BE,Belgium,2018-10-01T00:00:00Z,2018-11-01T00:00:00Z,10129,49,0.0048375950241879755,-1.3517112754420102,55,0.005429953598578339,-1.4303439592070777,"hln.be,lesoir.be,vrt.be,nieuwsblad.be,lalibre.be"
BE,Belgium,2018-11-01T00:00:00Z,2018-12-01T00:00:00Z,10567,83,0.007854641809406643,-2.0974231141667046,86,0.008138544525409293,-2.0997014365103825,"hln.be,lesoir.be,vrt.be,nieuwsblad.be,lalibre.be"
BE,Belgium,2018-12-01T00:00:00Z,2019-01-01T00:00:00Z,7519,30,0.0039898922729086315,-0.6711782943410926,30,0.0039898922729086315,-0.6711782943410926,"hln.be,lesoir.be,vrt.be,nieuwsblad.be,lalibre.be"
BE,Belgium,2019-01-01T00:00:00Z,2019-02-01T00:00:00Z,7000,19,0.0027142857142857142,-0.8895806396396791,19,0.0027142857142857142,-0.8895806396396791,"hln.be,lesoir.be,vrt.be,nieuwsblad.be,lalibre.be"
BE,Belgium,2019-02-01T00:00:00Z,2019-03-01T00:00:00Z,6039,16,0.002649445272396092,-1.003020559404072,17,0.002815035601920848,-1.1437973744446759,"hln.be,lesoir.be,vrt.be,nieuwsblad.be,lalibre.be"
BE,Belgium,2019-03-01T00:00:00Z,2019-04-01T00:00:00Z,7060,25,0.0035410764872521247,-1.6095941416124717,25,0.0035410764872521247,-1.6095941416124717,"hln.be,lesoir.be,vrt.be,nieuwsblad.be,lalibre.be"
BE,Belgium,2019-04-01T00:00:00Z,2019-05-01T00:00:00Z,6680,17,0.0025449101796407186,-2.1065212968689577,17,0.0025449101796407186,-2.1065212968689577,"hln.be,lesoir.be,vrt.be,nieuwsblad.be,lalibre.be"
BE,Belgium,2019-05-01T00:00:00Z,2019-06-01T00:00:00Z,7568,23,0.003039112050739958,-0.5658615707872146,25,0.0033033826638477802,-0.14518527348059554,"hln.be,lesoir.be,vrt.be,nieuwsblad.be,lalibre.be"
BE,Belgium,2019-06-01T00:00:00Z,2019-07-01T00:00:00Z,7225,17,0.002352941176470588,-0.6764496758069505,17,0.002352941176470588,-0.6764496758069505,"hln.be,lesoir.be,vrt.be,nieuwsblad.be,lalibre.be"
BE,Belgium,2019-07-01T00:00:00Z,2019-08-01T00:00:00Z,7398,18,0.0024330900243309003,0.013174411809411396,19,0.0025682616923492834,-0.14604783053693043,"hln.be,lesoir.be,vrt.be,nieuwsblad.be,lalibre.be"
BE,Belgium,2019-08-01T00:00:00Z,2019-09-01T00:00:00Z,6648,14,0.00210589651022864,-2.322575047395742,15,0.002256317689530686,-2.4354743280379,"hln.be,lesoir.be,vrt.be,nieuwsblad.be,lalibre.be"
BE,Belgium,2019-09-01T00:00:00Z,2019-10-01T00:00:00Z,7019,26,0.003704231371990312,-0.890236921731463,26,0.003704231371990312,-0.890236921731463,"hln.be,lesoir.be,vrt.be,nieuwsblad.be,lalibre.be"
BE,Belgium,2019-10-01T00:00:00Z,2019-11-01T00:00:00Z,6527,29,0.0044430825800520915,-1.9616028638470455,29,0.0044430825800520915,-1.9616028638470455,"hln.be,lesoir.be,vrt.be,nieuwsblad.be,lalibre.be"
BE,Belgium,2019-11-01T00:00:00Z,2019-12-01T00:00:00Z,6047,17,0.002811311394079709,-1.69947365070712,17,0.002811311394079709,-1.69947365070712,"hln.be,lesoir.be,vrt.be,nieuwsblad.be,lalibre.be"
BE,Belgium,2019-12-01T00:00:00Z,2020-01-01T00:00:00Z,5808,14,0.0024104683195592287,0.3655921741111532,14,0.0024104683195592287,0.3655921741111532,"hln.be,lesoir.be,vrt.be,nieuwsblad.be,lalibre.be"
BE,Belgium,2020-01-01T00:00:00Z,2020-02-01T00:00:00Z,6436,4,0.0006215040397762585,2.473250323245735,5,0.0007768800497203232,0.59355870735005,"hln.be,lesoir.be,vrt.be,nieuwsblad.be,lalibre.be"
BE,Belgium,2020-02-01T00:00:00Z,2020-03-01T00:00:00Z,5502,5,0.0009087604507451836,-0.8281958319592228,5,0.0009087604507451836,-0.8281958319592228,"hln.be,lesoir.be,vrt.be,nieuwsblad.be,lalibre.be"
BE,Belgium,2020-03-01T00:00:00Z,2020-04-01T00:00:00Z,5615,8,0.0014247551202137133,-3.1633545444562645,8,0.0014247551202137133,-3.1633545444562645,"hln.be,lesoir.be,vrt.be,nieuwsblad.be,lalibre.be"
BE,Belgium,2020-04-01T00:00:00Z,2020-05-01T00:00:00Z,5190,4,0.0007707129094412332,-0.04635105995123168,4,0.0007707129094412332,-0.04635105995123168,"hln.be,lesoir.be,vrt.be,nieuwsblad.be,lalibre.be"
BE,Belgium,2020-05-01T00:00:00Z,2020-06-01T00:00:00Z,5215,7,0.0013422818791946308,0.7537714521255237,7,0.0013422818791946308,0.7537714521255237,"hln.be,lesoir.be,vrt.be,nieuwsblad.be,lalibre.be"
BE,Belgium,2020-06-01T00:00:00Z,2020-07-01T00:00:00Z,5346,8,0.0014964459408903852,-3.7929016316946655,8,0.0014964459408903852,-3.7929016316946655,"hln.be,lesoir.be,vrt.be,nieuwsblad.be,lalibre.be"
BE,Belgium,2020-07-01T00:00:00Z,2020-08-01T00:00:00Z,4666,7,0.0015002143163309043,-2.19780030783018,7,0.0015002143163309043,-2.19780030783018,"hln.be,lesoir.be,vrt.be,nieuwsblad.be,lalibre.be"
BE,Belgium,2020-08-01T00:00:00Z,2020-09-01T00:00:00Z,4504,1,0.00022202486678507994,2.65486725663717,1,0.00022202486678507994,2.65486725663717,"hln.be,lesoir.be,vrt.be,nieuwsblad.be,lalibre.be"
BE,Belgium,2020-09-01T00:00:00Z,2020-10-01T00:00:00Z,4848,10,0.0020627062706270625,-0.3176525533611033,10,0.0020627062706270625,-0.3176525533611033,"hln.be,lesoir.be,vrt.be,nieuwsblad.be,lalibre.be"
BE,Belgium,2020-10-01T00:00:00Z,2020-11-01T00:00:00Z,3659,8,0.002186389723968297,-0.923277297431665,8,0.002186389723968297,-0.923277297431665,"hln.be,lesoir.be,vrt.be,nieuwsblad.be,lalibre.be"
BE,Belgium,2020-11-01T00:00:00Z,2020-12-01T00:00:00Z,3248,2,0.0006157635467980296,-1.322751322751325,2,0.0006157635467980296,-1.322751322751325,"hln.be,lesoir.be,vrt.be,nieuwsblad.be,lalibre.be"
BE,Belgium,2020-12-01T00:00:00Z,2021-01-01T00:00:00Z,4947,7,0.0014149989892864362,-0.0805774358140573,8,0.0016171417020416413,-0.5102037487996114,"hln.be,lesoir.be,vrt.be,nieuwsblad.be,lalibre.be"
BE,Belgium,2021-01-01T00:00:00Z,2021-02-01T00:00:00Z,5102,5,0.0009800078400627205,-1.78688218163418,5,0.0009800078400627205,-1.78688218163418,"hln.be,lesoir.be,vrt.be,nieuwsblad.be,lalibre.be"
BE,Belgium,2021-02-01T00:00:00Z,2021-03-01T00:00:00Z,4897,16,0.0032673065141923625,-0.6281566298418104,16,0.0032673065141923625,-0.6281566298418104,"hln.be,lesoir.be,vrt.be,nieuwsblad.be,lalibre.be"
BE,Belgium,2021-03-01T00:00:00Z,2021-04-01T00:00:00Z,5406,10,0.001849796522382538,-3.1076190458817137,10,0.001849796522382538,-3.1076190458817137,"hln.be,lesoir.be,vrt.be,nieuwsblad.be,lalibre.be"
BE,Belgium,2021-04-01T00:00:00Z,2021-05-01T00:00:00Z,5073,10,0.001971220185294697,-2.460729411972266,10,0.001971220185294697,-2.460729411972266,"hln.be,lesoir.be,vrt.be,nieuwsblad.be,lalibre.be"
BE,Belgium,2021-05-01T00:00:00Z,2021-06-01T00:00:00Z,5623,5,0.0008892050506846879,-0.5409786869588618,5,0.0008892050506846879,-0.5409786869588618,"hln.be,lesoir.be,vrt.be,nieuwsblad.be,lalibre.be"
BE,Belgium,2021-06-01T00:00:00Z,2021-07-01T00:00:00Z,5754,9,0.0015641293013555788,-2.2579874899803767,9,0.0015641293013555788,-2.2579874899803767,"hln.be,lesoir.be,vrt.be,nieuwsblad.be,lalibre.be"
BE,Belgium,2021-07-01T00:00:00Z,2021-08-01T00:00:00Z,5538,13,0.002347417840375587,-0.7898563116607801,13,0.002347417840375587,-0.7898563116607801,"hln.be,lesoir.be,vrt.be,nieuwsblad.be,lalibre.be"
BE,Belgium,2021-08-01T00:00:00Z,2021-09-01T00:00:00Z,4585,7,0.0015267175572519084,-1.1108709064894646,7,0.0015267175572519084,-1.1108709064894646,"hln.be,lesoir.be,vrt.be,nieuwsblad.be,lalibre.be"
BE,Belgium,2021-09-01T00:00:00Z,2021-10-01T00:00:00Z,5656,13,0.0022984441301272984,0.15134180771428007,13,0.0022984441301272984,0.15134180771428007,"hln.be,lesoir.be,vrt.be,nieuwsblad.be,lalibre.be"
BE,Belgium,2021-10-01T00:00:00Z,2021-11-01T00:00:00Z,6634,26,0.003919204100090443,0.5518698453177501,27,0.004069942719324691,0.4753134986337031,"hln.be,lesoir.be,vrt.be,nieuwsblad.be,lalibre.be"
BE,Belgium,2021-11-01T00:00:00Z,2021-12-01T00:00:00Z,6494,35,0.0053895903911302745,1.5222935505249793,35,0.0053895903911302745,1.5222935505249793,"hln.be,lesoir.be,vrt.be,nieuwsblad.be,lalibre.be"
BE,Belgium,2021-12-01T00:00:00Z,2022-01-01T00:00:00Z,6830,37,0.005417276720351391,0.8350086939264371,37,0.005417276720351391,0.8350086939264371,"hln.be,lesoir.be,vrt.be,nieuwsblad.be,lalibre.be"
BE,Belgium,2022-01-01T00:00:00Z,2022-02-01T00:00:00Z,6321,24,0.0037968675842429997,0.20943199889808378,24,0.0037968675842429997,0.20943199889808378,"hln.be,lesoir.be,vrt.be,nieuwsblad.be,lalibre.be"
BE,Belgium,2022-02-01T00:00:00Z,2022-03-01T00:00:00Z,6094,29,0.0047587791270101735,-0.9212026457090637,30,0.004922874958976042,-0.9736905663928603,"hln.be,lesoir.be,vrt.be,nieuwsblad.be,lalibre.be"
BE,Belgium,2022-03-01T00:00:00Z,2022-04-01T00:00:00Z,6524,31,0.004751686082158185,-0.16772522450176075,35,0.00536480686695279,-0.4227159753655516,"hln.be,lesoir.be,vrt.be,nieuwsblad.be,lalibre.be"
BE,Belgium,2022-04-01T00:00:00Z,2022-05-01T00:00:00Z,6438,39,0.0060577819198508855,0.19855307989319487,39,0.0060577819198508855,0.19855307989319487,"hln.be,lesoir.be,vrt.be,nieuwsblad.be,lalibre.be"
BE,Belgium,2022-05-01T00:00:00Z,2022-06-01T00:00:00Z,6944,56,0.008064516129032258,0.8901823965323885,57,0.008208525345622119,0.8614236936035402,"hln.be,lesoir.be,vrt.be,nieuwsblad.be,lalibre.be"
BE,Belgium,2022-06-01T00:00:00Z,2022-07-01T00:00:00Z,6863,40,0.005828354946816261,0.6200042334845461,40,0.005828354946816261,0.6200042334845461,"hln.be,lesoir.be,vrt.be,nieuwsblad.be,lalibre.be"
BE,Belgium,2022-07-01T00:00:00Z,2022-08-01T00:00:00Z,6694,32,0.004780400358530027,1.091160841688514,32,0.004780400358530027,1.091160841688514,"hln.be,lesoir.be,vrt.be,nieuwsblad.be,lalibre.be"
BE,Belgium,2022-08-01T00:00:00Z,2022-09-01T00:00:00Z,6605,46,0.00696442089326268,0.21666374707174527,64,0.009689629068887207,-0.4486473877485991,"hln.be,lesoir.be,vrt.be,nieuwsblad.be,lalibre.be"
BE,Belgium,2022-09-01T00:00:00Z,2022-10-01T00:00:00Z,6867,41,0.005970583952235329,0.6016699562949722,44,0.006407455948740352,0.4143596671473086,"hln.be,lesoir.be,vrt.be,nieuwsblad.be,lalibre.be"
BE,Belgium,2022-10-01T00:00:00Z,2022-11-01T00:00:00Z,7027,28,0.003984630710118116,0.5270368778214294,28,0.003984630710118116,0.5270368778214294,"hln.be,lesoir.be,vrt.be,nieuwsblad.be,lalibre.be"
BE,Belgium,2022-11-01T00:00:00Z,2022-12-01T00:00:00Z,6448,33,0.005117866004962779,-0.14743102113142587,33,0.005117866004962779,-0.14743102113142587,"hln.be,lesoir.be,vrt.be,nieuwsblad.be,lalibre.be"
BE,Belgium,2022-12-01T00:00:00Z,2023-01-01T00:00:00Z,6460,51,0.007894736842105263,-0.5302688388713657,54,0.008359133126934985,-0.5282435752111808,"hln.be,lesoir.be,vrt.be,nieuwsblad.be,lalibre.be"
BE,Belgium,2023-01-01T00:00:00Z,2023-02-01T00:00:00Z,6651,36,0.005412719891745603,0.09431031326157982,37,0.005563073222071869,0.15182144593619173,"hln.be,lesoir.be,vrt.be,nieuwsblad.be,lalibre.be"
BE,Belgium,2023-02-01T00:00:00Z,2023-03-01T00:00:00Z,5799,27,0.0046559751681324365,0.9293792612127678,28,0.004828418692878082,1.0677404822330852,"hln.be,lesoir.be,vrt.be,nieuwsblad.be,lalibre.be"
BE,Belgium,2023-03-01T00:00:00Z,2023-04-01T00:00:00Z,7520,40,0.005319148936170213,1.0166313437434242,44,0.005851063829787234,0.8588397103560284,"hln.be,lesoir.be,vrt.be,nieuwsblad.be,lalibre.be"
BE,Belgium,2023-04-01T00:00:00Z,2023-05-01T00:00:00Z,8674,41,0.004726769656444547,0.05486777646146424,69,0.007954807470601798,-0.5881720312001963,"hln.be,lesoir.be,vrt.be,nieuwsblad.be,lalibre.be"
BE,Belgium,2023-05-01T00:00:00Z,2023-06-01T00:00:00Z,8850,46,0.00519774011299435,0.4038076740989202,49,0.005536723163841808,0.19748005613620817,"hln.be,lesoir.be,vrt.be,nieuwsblad.be,lalibre.be"
BE,Belgium,2023-06-01T00:00:00Z,2023-07-01T00:00:00Z,9046,36,0.003979659518019014,-0.49132206288746416,44,0.004864028299801017,-0.6631238279420548,"hln.be,lesoir.be,vrt.be,nieuwsblad.be,lalibre.be"
BE,Belgium,2023-07-01T00:00:00Z,2023-08-01T00:00:00Z,5665,16,0.002824360105913504,-0.6464709194375521,17,0.003000882612533098,-0.9971449544952546,"hln.be,lesoir.be,vrt.be,nieuwsblad.be,lalibre.be"
BE,Belgium,2023-08-01T00:00:00Z,2023-09-01T00:00:00Z,5680,17,0.002992957746478873,-1.2034624739883282,20,0.0035211267605633804,-1.089448426346332,"hln.be,lesoir.be,vrt.be,nieuwsblad.be,lalibre.be"
BE,Belgium,2023-09-01T00:00:00Z,2023-10-01T00:00:00Z,6292,14,0.0022250476795931343,-1.0819142727549858,18,0.002860775588048315,-1.1290720941626344,"hln.be,lesoir.be,vrt.be,nieuwsblad.be,lalibre.be"
BE,Belgium,2023-10-01T00:00:00Z,2023-11-01T00:00:00Z,6333,26,0.0041054792357492495,-0.3595444276621852,27,0.004263382283278067,-0.2954923002043772,"hln.be,lesoir.be,vrt.be,nieuwsblad.be,lalibre.be"
BE,Belgium,2023-11-01T00:00:00Z,2023-12-01T00:00:00Z,6072,13,0.0021409749670619235,0.25887099283978826,16,0.002635046113306983,-0.35849628643405995,"hln.be,lesoir.be,vrt.be,nieuwsblad.be,lalibre.be"
BE,Belgium,2023-12-01T00:00:00Z,2024-01-01T00:00:00Z,6129,21,0.0034263338228095936,0.5001317463969662,24,0.003915810083210965,0.29519016875474735,"hln.be,lesoir.be,vrt.be,nieuwsblad.be,lalibre.be"
BE,Belgium,2024-01-01T00:00:00Z,2024-02-01T00:00:00Z,6436,28,0.00435052827843381,-0.295215821329017,36,0.005593536357986327,-0.26018827610231554,"hln.be,lesoir.be,vrt.be,nieuwsblad.be,lalibre.be"
BE,Belgium,2024-02-01T00:00:00Z,2024-03-01T00:00:00Z,6137,29,0.00472543588072348,-0.8465763908958923,32,0.005214274075281082,-0.8368517543257993,"hln.be,lesoir.be,vrt.be,nieuwsblad.be,lalibre.be"
BE,Belgium,2024-03-01T00:00:00Z,2024-04-01T00:00:00Z,6325,26,0.004110671936758893,-0.2275693617281277,28,0.004426877470355731,-0.6053947368191966,"hln.be,lesoir.be,vrt.be,nieuwsblad.be,lalibre.be"
BE,Belgium,2024-04-01T00:00:00Z,2024-05-01T00:00:00Z,5460,17,0.0031135531135531138,0.2891641015101224,23,0.004212454212454212,-0.34581650435061395,"hln.be,lesoir.be,vrt.be,nieuwsblad.be,lalibre.be"
BE,Belgium,2024-05-01T00:00:00Z,2024-06-01T00:00:00Z,3072,12,0.00390625,0.1778741156323544,12,0.00390625,0.1778741156323544,"hln.be,lesoir.be,vrt.be,nieuwsblad.be,lalibre.be"
BE,Belgium,2024-06-01T00:00:00Z,2024-07-01T00:00:00Z,3018,7,0.0023194168323392977,-1.2211978666659316,7,0.0023194168323392977,-1.2211978666659316,"hln.be,lesoir.be,vrt.be,nieuwsblad.be,lalibre.be"
BE,Belgium,2024-07-01T00:00:00Z,2024-08-01T00:00:00Z,2968,7,0.0023584905660377358,-1.3442611420603443,7,0.0023584905660377358,-1.3442611420603443,"hln.be,lesoir.be,vrt.be,nieuwsblad.be,lalibre.be"
BE,Belgium,2024-08-01T00:00:00Z,2024-09-01T00:00:00Z,3458,10,0.002891844997108155,0.01904295083764014,10,0.002891844997108155,0.01904295083764014,"hln.be,lesoir.be,vrt.be,nieuwsblad.be,lalibre.be"
BE,Belgium,2024-09-01T00:00:00Z,2024-10-01T00:00:00Z,5334,26,0.004874390701162355,-0.03297718647241321,27,0.005061867266591676,-0.0704704820566716,"hln.be,lesoir.be,vrt.be,nieuwsblad.be,lalibre.be"
BE,Belgium,2024-10-01T00:00:00Z,2024-11-01T00:00:00Z,8951,50,0.005585968048262764,-0.6663349633172909,62,0.006926600379845827,-1.0986360006842681,"hln.be,lesoir.be,vrt.be,nieuwsblad.be,lalibre.be"
BE,Belgium,2024-11-01T00:00:00Z,2024-12-01T00:00:00Z,8746,33,0.0037731534415732905,1.392016141646498,38,0.004344843356963183,0.538123693864778,"hln.be,lesoir.be,vrt.be,nieuwsblad.be,lalibre.be"
BE,Belgium,2024-12-01T00:00:00Z,2025-01-01T00:00:00Z,6731,12,0.0017827960184222255,-0.8645460699732007,16,0.002377061357896301,-1.2307140277480677,"hln.be,lesoir.be,vrt.be,nieuwsblad.be,lalibre.be"
BE,Belgium,2025-01-01T00:00:00Z,2025-02-01T00:00:00Z,6681,28,0.004190989372848376,-0.7255554252261496,31,0.004640023948510702,-0.8454406165405765,"hln.be,lesoir.be,vrt.be,nieuwsblad.be,lalibre.be"
BE,Belgium,2025-02-01T00:00:00Z,2025-03-01T00:00:00Z,5892,33,0.00560081466395112,0.7758084984525352,33,0.00560081466395112,0.7758084984525352,"hln.be,lesoir.be,vrt.be,nieuwsblad.be,lalibre.be"
BE,Belgium,2025-03-01T00:00:00Z,2025-04-01T00:00:00Z,6420,33,0.0051401869158878505,-1.8447451969785276,36,0.005607476635514018,-1.9625460795552225,"hln.be,lesoir.be,vrt.be,nieuwsblad.be,lalibre.be"
BE,Belgium,2025-04-01T00:00:00Z,2025-05-01T00:00:00Z,6172,26,0.004212572909915748,-0.36765628223423746,32,0.005184705119896306,-0.7650983215436842,"hln.be,lesoir.be,vrt.be,nieuwsblad.be,lalibre.be"
BE,Belgium,2025-05-01T00:00:00Z,2025-06-01T00:00:00Z,6979,25,0.0035821750967187276,0.3076115359160574,27,0.0038687491044562257,0.18896718214084537,"hln.be,lesoir.be,vrt.be,nieuwsblad.be,lalibre.be"
BE,Belgium,2025-06-01T00:00:00Z,2025-07-01T00:00:00Z,3075,11,0.0035772357723577236,0.5355155775292793,12,0.003902439024390244,0.06946459207176839,"hln.be,lesoir.be,vrt.be,nieuwsblad.be,lalibre.be"
BE,Belgium,2025-07-01T00:00:00Z,2025-08-01T00:00:00Z,7214,16,0.0022179096201829776,-0.6318588050229232,28,0.0038813418353202105,-0.5139142005340946,"hln.be,lesoir.be,vrt.be,nieuwsblad.be,lalibre.be"
BE,Belgium,2025-08-01T00:00:00Z,2025-09-01T00:00:00Z,7726,11,0.0014237639140564327,-1.486457170788749,16,0.0020709293295366298,-1.473197951101418,"hln.be,lesoir.be,vrt.be,nieuwsblad.be,lalibre.be"
BE,Belgium,2025-09-01T00:00:00Z,2025-10-01T00:00:00Z,9686,15,0.001548626884162709,-2.212462289901087,26,0.0026842865992153624,-1.6044411111751615,"hln.be,lesoir.be,vrt.be,nieuwsblad.be,lalibre.be"
BE,Belgium,2025-10-01T00:00:00Z,2025-11-01T00:00:00Z,10024,25,0.0024940143655227454,-0.04180027505066432,33,0.003292098962490024,-0.03151089708702132,"hln.be,lesoir.be,vrt.be,nieuwsblad.be,lalibre.be"
BE,Belgium,2025-11-01T00:00:00Z,2025-12-01T00:00:00Z,9153,22,0.0024035835245274774,-1.0231551432788772,32,0.003496121490221785,-1.2741808567269295,"hln.be,lesoir.be,vrt.be,nieuwsblad.be,lalibre.be"
BE,Belgium,2025-12-01T00:00:00Z,2026-01-01T00:00:00Z,8986,23,0.002559537057645226,-0.7794482771960538,30,0.0033385265969285557,-0.9693884480305668,"hln.be,lesoir.be,vrt.be,nieuwsblad.be,lalibre.be"
BE,Belgium,2026-01-01T00:00:00Z,2026-02-01T00:00:00Z,9524,19,0.001994960100797984,0.09583019569956727,30,0.003149937001259975,-0.2613928927824017,"hln.be,lesoir.be,vrt.be,nieuwsblad.be,lalibre.be"
BE,Belgium,2026-02-01T00:00:00Z,2026-03-01T00:00:00Z,8732,26,0.002977553825011452,-0.7671027842610979,30,0.003435639028859368,-0.8571534048855786,"hln.be,lesoir.be,vrt.be,nieuwsblad.be,lalibre.be"
BE,Belgium,2026-03-01T00:00:00Z,2026-04-01T00:00:00Z,3129,10,0.0031959092361776927,-2.025932417779324,15,0.004793863854266539,-2.573501918500368,"hln.be,lesoir.be,vrt.be,nieuwsblad.be,lalibre.be"
CZ,Czech Republic,2018-06-01T00:00:00Z,2018-07-01T00:00:00Z,23455,198,0.008441696866339799,0.6392084905137891,200,0.008526966531656363,0.6287882126156445,"blesk.cz,aktualne.cz,ceskatelevize.cz,irozhlas.cz,denik.cz"
CZ,Czech Republic,2018-07-01T00:00:00Z,2018-08-01T00:00:00Z,21122,175,0.008285200265126408,-0.09815956718676072,182,0.008616608275731465,-0.012938242751717018,"blesk.cz,aktualne.cz,ceskatelevize.cz,irozhlas.cz,denik.cz"
CZ,Czech Republic,2018-08-01T00:00:00Z,2018-09-01T00:00:00Z,21166,72,0.003401681942738354,-0.3011657165780268,73,0.0034489275252763867,-0.33154552440103235,"blesk.cz,aktualne.cz,ceskatelevize.cz,irozhlas.cz,denik.cz"
CZ,Czech Republic,2018-09-01T00:00:00Z,2018-10-01T00:00:00Z,18497,110,0.005946910309779964,-0.22869257596071904,113,0.006109098772773963,-0.21053237183084444,"blesk.cz,aktualne.cz,ceskatelevize.cz,irozhlas.cz,denik.cz"
CZ,Czech Republic,2018-10-01T00:00:00Z,2018-11-01T00:00:00Z,19269,159,0.00825159582749494,-0.7537906533886086,161,0.008355389485702424,-0.7523644047226973,"blesk.cz,aktualne.cz,ceskatelevize.cz,irozhlas.cz,denik.cz"
CZ,Czech Republic,2018-11-01T00:00:00Z,2018-12-01T00:00:00Z,17466,148,0.008473605862819191,-0.7045547671088721,154,0.008817130424825376,-0.8129268650557847,"blesk.cz,aktualne.cz,ceskatelevize.cz,irozhlas.cz,denik.cz"
CZ,Czech Republic,2018-12-01T00:00:00Z,2019-01-01T00:00:00Z,14956,53,0.0035437282695907997,-0.3652666556068883,57,0.003811179459748596,-0.5097514096226538,"blesk.cz,aktualne.cz,ceskatelevize.cz,irozhlas.cz,denik.cz"
CZ,Czech Republic,2019-01-01T00:00:00Z,2019-02-01T00:00:00Z,16195,84,0.005186786045075641,0.29165403158589376,85,0.005248533497993208,0.29016738716956963,"blesk.cz,aktualne.cz,ceskatelevize.cz,irozhlas.cz,denik.cz"
CZ,Czech Republic,2019-02-01T00:00:00Z,2019-03-01T00:00:00Z,15235,91,0.005973088283557598,-0.23787587341097421,95,0.0062356416147029865,-0.40288021370377575,"blesk.cz,aktualne.cz,ceskatelevize.cz,irozhlas.cz,denik.cz"
CZ,Czech Republic,2019-03-01T00:00:00Z,2019-04-01T00:00:00Z,16332,141,0.008633357825128581,-0.8106817371438817,151,0.009245652706343374,-0.6924058817845836,"blesk.cz,aktualne.cz,ceskatelevize.cz,irozhlas.cz,denik.cz"
CZ,Czech Republic,2019-04-01T00:00:00Z,2019-05-01T00:00:00Z,16094,82,0.005095066484404126,-0.5967241080703597,85,0.005281471355784765,-0.5924002624104425,"blesk.cz,aktualne.cz,ceskatelevize.cz,irozhlas.cz,denik.cz"
CZ,Czech Republic,2019-05-01T00:00:00Z,2019-06-01T00:00:00Z,13944,102,0.007314974182444062,-0.08841751341259449,102,0.007314974182444062,-0.08841751341259449,"blesk.cz,aktualne.cz,ceskatelevize.cz,irozhlas.cz,denik.cz"
CZ,Czech Republic,2019-06-01T00:00:00Z,2019-07-01T00:00:00Z,12535,74,0.00590347028320702,0.27911093930918346,74,0.00590347028320702,0.27911093930918346,"blesk.cz,aktualne.cz,ceskatelevize.cz,irozhlas.cz,denik.cz"
CZ,Czech Republic,2019-07-01T00:00:00Z,2019-08-01T00:00:00Z,12403,70,0.005643795855841328,0.6706980139772981,70,0.005643795855841328,0.6706980139772981,"blesk.cz,aktualne.cz,ceskatelevize.cz,irozhlas.cz,denik.cz"
CZ,Czech Republic,2019-08-01T00:00:00Z,2019-09-01T00:00:00Z,11559,42,0.003633532312483779,0.6831251845136502,43,0.0037200449865905354,0.5317677914215514,"blesk.cz,aktualne.cz,ceskatelevize.cz,irozhlas.cz,denik.cz"
CZ,Czech Republic,2019-09-01T00:00:00Z,2019-10-01T00:00:00Z,12446,64,0.005142214366061385,-0.048665441355804154,64,0.005142214366061385,-0.048665441355804154,"blesk.cz,aktualne.cz,ceskatelevize.cz,irozhlas.cz,denik.cz"
CZ,Czech Republic,2019-10-01T00:00:00Z,2019-11-01T00:00:00Z,12905,102,0.00790391321193336,0.06868089195876961,103,0.007981402557148392,0.007586258152941859,"blesk.cz,aktualne.cz,ceskatelevize.cz,irozhlas.cz,denik.cz"
CZ,Czech Republic,2019-11-01T00:00:00Z,2019-12-01T00:00:00Z,11983,43,0.003588416923975632,0.20334737333311448,47,0.003922223149461737,0.21765572733507457,"blesk.cz,aktualne.cz,ceskatelevize.cz,irozhlas.cz,denik.cz"
CZ,Czech Republic,2019-12-01T00:00:00Z,2020-01-01T00:00:00Z,10976,50,0.004555393586005831,0.4112664647963304,62,0.00564868804664723,0.05911357619213933,"blesk.cz,aktualne.cz,ceskatelevize.cz,irozhlas.cz,denik.cz"
CZ,Czech Republic,2020-01-01T00:00:00Z,2020-02-01T00:00:00Z,15323,87,0.005677739346081055,-0.39398781295772595,93,0.0060693075768452655,-0.30140684404574575,"blesk.cz,aktualne.cz,ceskatelevize.cz,irozhlas.cz,denik.cz"
CZ,Czech Republic,2020-02-01T00:00:00Z,2020-03-01T00:00:00Z,17331,95,0.005481507125959264,-0.30228426408597314,95,0.005481507125959264,-0.30228426408597314,"blesk.cz,aktualne.cz,ceskatelevize.cz,irozhlas.cz,denik.cz"
CZ,Czech Republic,2020-03-01T00:00:00Z,2020-04-01T00:00:00Z,20024,71,0.0035457451058729527,0.03557795982376693,72,0.003595685177786656,0.0011520551902098977,"blesk.cz,aktualne.cz,ceskatelevize.cz,irozhlas.cz,denik.cz"
CZ,Czech Republic,2020-04-01T00:00:00Z,2020-05-01T00:00:00Z,7415,6,0.0008091706001348617,-1.6767285262763834,7,0.0009440323668240054,-1.5793422904685988,"blesk.cz,aktualne.cz,ceskatelevize.cz,irozhlas.cz,denik.cz"
CZ,Czech Republic,2020-05-01T00:00:00Z,2020-06-01T00:00:00Z,4025,16,0.003975155279503106,-2.1810334572787378,17,0.00422360248447205,-2.0970321979207394,"blesk.cz,aktualne.cz,ceskatelevize.cz,irozhlas.cz,denik.cz"
CZ,Czech Republic,2020-06-01T00:00:00Z,2020-07-01T00:00:00Z,3995,11,0.002753441802252816,-2.2581687493972025,12,0.003003754693366708,-2.1048798555913057,"blesk.cz,aktualne.cz,ceskatelevize.cz,irozhlas.cz,denik.cz"
CZ,Czech Republic,2020-07-01T00:00:00Z,2020-08-01T00:00:00Z,3658,7,0.0019136139967195188,1.1639503440924757,7,0.0019136139967195188,1.1639503440924757,"blesk.cz,aktualne.cz,ceskatelevize.cz,irozhlas.cz,denik.cz"
CZ,Czech Republic,2020-08-01T00:00:00Z,2020-09-01T00:00:00Z,3493,19,0.005439450329229888,0.6955827606206794,22,0.006298310907529345,0.4851722196624657,"blesk.cz,aktualne.cz,ceskatelevize.cz,irozhlas.cz,denik.cz"
CZ,Czech Republic,2020-09-01T00:00:00Z,2020-10-01T00:00:00Z,3624,14,0.003863134657836645,-0.28047474494492525,19,0.0052428256070640175,-0.052814737703618914,"blesk.cz,aktualne.cz,ceskatelevize.cz,irozhlas.cz,denik.cz"
CZ,Czech Republic,2020-10-01T00:00:00Z,2020-11-01T00:00:00Z,2771,9,0.003247924936845904,0.13937878138785365,11,0.003969686033922772,-0.16481353398760704,"blesk.cz,aktualne.cz,ceskatelevize.cz,irozhlas.cz,denik.cz"
CZ,Czech Republic,2020-11-01T00:00:00Z,2020-12-01T00:00:00Z,2509,5,0.0019928258270227183,-0.9846136994312569,5,0.0019928258270227183,-0.9846136994312569,"blesk.cz,aktualne.cz,ceskatelevize.cz,irozhlas.cz,denik.cz"
CZ,Czech Republic,2020-12-01T00:00:00Z,2021-01-01T00:00:00Z,4180,13,0.003110047846889952,-0.25783119982421737,19,0.004545454545454545,-0.1983977883040181,"blesk.cz,aktualne.cz,ceskatelevize.cz,irozhlas.cz,denik.cz"
CZ,Czech Republic,2021-01-01T00:00:00Z,2021-02-01T00:00:00Z,4095,22,0.005372405372405372,0.30413207565821565,22,0.005372405372405372,0.30413207565821565,"blesk.cz,aktualne.cz,ceskatelevize.cz,irozhlas.cz,denik.cz"
CZ,Czech Republic,2021-02-01T00:00:00Z,2021-03-01T00:00:00Z,4018,17,0.004230960676953708,-0.21555965530254037,17,0.004230960676953708,-0.21555965530254037,"blesk.cz,aktualne.cz,ceskatelevize.cz,irozhlas.cz,denik.cz"
CZ,Czech Republic,2021-03-01T00:00:00Z,2021-04-01T00:00:00Z,4422,11,0.0024875621890547263,0.013725974456076706,11,0.0024875621890547263,0.013725974456076706,"blesk.cz,aktualne.cz,ceskatelevize.cz,irozhlas.cz,denik.cz"
CZ,Czech Republic,2021-04-01T00:00:00Z,2021-05-01T00:00:00Z,4221,10,0.002369106846718787,-0.7943863886272141,12,0.0028429282160625444,-1.009531761310241,"blesk.cz,aktualne.cz,ceskatelevize.cz,irozhlas.cz,denik.cz"
CZ,Czech Republic,2021-05-01T00:00:00Z,2021-06-01T00:00:00Z,4347,14,0.00322061191626409,-1.4280520248444764,15,0.003450655624568668,-1.4293969514044467,"blesk.cz,aktualne.cz,ceskatelevize.cz,irozhlas.cz,denik.cz"
CZ,Czech Republic,2021-06-01T00:00:00Z,2021-07-01T00:00:00Z,4245,15,0.0035335689045936395,-0.6342064957760615,17,0.004004711425206125,-0.6995490116044344,"blesk.cz,aktualne.cz,ceskatelevize.cz,irozhlas.cz,denik.cz"
CZ,Czech Republic,2021-07-01T00:00:00Z,2021-08-01T00:00:00Z,3847,27,0.0070184559396932675,-2.1669969040487933,28,0.0072783987522745,-2.1148439353655766,"blesk.cz,aktualne.cz,ceskatelevize.cz,irozhlas.cz,denik.cz"
CZ,Czech Republic,2021-08-01T00:00:00Z,2021-09-01T00:00:00Z,3390,7,0.002064896755162242,0.5603632724509673,8,0.002359882005899705,0.5073015590467704,"blesk.cz,aktualne.cz,ceskatelevize.cz,irozhlas.cz,denik.cz"
CZ,Czech Republic,2021-09-01T00:00:00Z,2021-10-01T00:00:00Z,3959,26,0.006567314978529932,-2.197691867901452,26,0.006567314978529932,-2.197691867901452,"blesk.cz,aktualne.cz,ceskatelevize.cz,irozhlas.cz,denik.cz"
CZ,Czech Republic,2021-10-01T00:00:00Z,2021-11-01T00:00:00Z,4321,14,0.0032399907428835918,-1.163862625889403,18,0.004165702383707475,-1.1312765789797479,"blesk.cz,aktualne.cz,ceskatelevize.cz,irozhlas.cz,denik.cz"
CZ,Czech Republic,2021-11-01T00:00:00Z,2021-12-01T00:00:00Z,4116,22,0.005344995140913508,-0.4940762901749911,23,0.005587949465500486,-0.4607558394019997,"blesk.cz,aktualne.cz,ceskatelevize.cz,irozhlas.cz,denik.cz"
CZ,Czech Republic,2021-12-01T00:00:00Z,2022-01-01T00:00:00Z,4029,17,0.004219409282700422,-0.4086474262625815,18,0.004467609828741623,-0.3859447914702159,"blesk.cz,aktualne.cz,ceskatelevize.cz,irozhlas.cz,denik.cz"
CZ,Czech Republic,2022-01-01T00:00:00Z,2022-02-01T00:00:00Z,4173,23,0.005511622334052241,-0.3098544941722002,25,0.005990893841361131,-0.43997484581254986,"blesk.cz,aktualne.cz,ceskatelevize.cz,irozhlas.cz,denik.cz"
CZ,Czech Republic,2022-02-01T00:00:00Z,2022-03-01T00:00:00Z,3753,18,0.004796163069544364,-0.6207742544172856,21,0.005595523581135092,-0.5776849001067352,"blesk.cz,aktualne.cz,ceskatelevize.cz,irozhlas.cz,denik.cz"
CZ,Czech Republic,2022-03-01T00:00:00Z,2022-04-01T00:00:00Z,4279,15,0.0035054919373685442,-0.8604537922976722,18,0.0042065903248422526,-1.1056087425172543,"blesk.cz,aktualne.cz,ceskatelevize.cz,irozhlas.cz,denik.cz"
CZ,Czech Republic,2022-04-01T00:00:00Z,2022-05-01T00:00:00Z,2285,10,0.00437636761487965,-0.0735852149686442,10,0.00437636761487965,-0.0735852149686442,"blesk.cz,aktualne.cz,ceskatelevize.cz,irozhlas.cz,denik.cz"
CZ,Czech Republic,2022-05-01T00:00:00Z,2022-06-01T00:00:00Z,1237,4,0.0032336297493936943,-0.1040689919658132,4,0.0032336297493936943,-0.1040689919658132,"blesk.cz,aktualne.cz,ceskatelevize.cz,irozhlas.cz,denik.cz"
CZ,Czech Republic,2022-06-01T00:00:00Z,2022-07-01T00:00:00Z,13757,97,0.007050955877008069,1.4544299423029867,100,0.007269026677327906,1.4351856408159005,"blesk.cz,aktualne.cz,ceskatelevize.cz,irozhlas.cz,denik.cz"
CZ,Czech Republic,2022-07-01T00:00:00Z,2022-08-01T00:00:00Z,14964,53,0.003541833734295643,2.6737617066095485,53,0.003541833734295643,2.6737617066095485,"blesk.cz,aktualne.cz,ceskatelevize.cz,irozhlas.cz,denik.cz"
CZ,Czech Republic,2022-08-01T00:00:00Z,2022-09-01T00:00:00Z,16521,49,0.0029659221596755646,0.7662327981423168,51,0.003086980207009261,0.6435218561841076,"blesk.cz,aktualne.cz,ceskatelevize.cz,irozhlas.cz,denik.cz"
CZ,Czech Republic,2022-09-01T00:00:00Z,2022-10-01T00:00:00Z,17643,32,0.0018137504959474012,0.018152479285571788,32,0.0018137504959474012,0.018152479285571788,"blesk.cz,aktualne.cz,ceskatelevize.cz,irozhlas.cz,denik.cz"
CZ,Czech Republic,2022-10-01T00:00:00Z,2022-11-01T00:00:00Z,17926,114,0.0063594778533973,-0.004719396272009058,115,0.006415262746848153,-0.017589497128802634,"blesk.cz,aktualne.cz,ceskatelevize.cz,irozhlas.cz,denik.cz"
CZ,Czech Republic,2022-11-01T00:00:00Z,2022-12-01T00:00:00Z,17613,126,0.007153806847215125,0.09077109543438122,126,0.007153806847215125,0.09077109543438122,"blesk.cz,aktualne.cz,ceskatelevize.cz,irozhlas.cz,denik.cz"
CZ,Czech Republic,2022-12-01T00:00:00Z,2023-01-01T00:00:00Z,17830,44,0.0024677509814918677,-0.27707609934216554,47,0.0026360067302299496,-0.2830597173349522,"blesk.cz,aktualne.cz,ceskatelevize.cz,irozhlas.cz,denik.cz"
CZ,Czech Republic,2023-01-01T00:00:00Z,2023-02-01T00:00:00Z,19435,63,0.003241574479032673,-0.5786657246964362,65,0.0033444816053511705,-0.5846672097714247,"blesk.cz,aktualne.cz,ceskatelevize.cz,irozhlas.cz,denik.cz"
CZ,Czech Republic,2023-02-01T00:00:00Z,2023-03-01T00:00:00Z,16697,96,0.0057495358447625326,-0.10245687368388734,99,0.005929208839911361,-0.11203951126682939,"blesk.cz,aktualne.cz,ceskatelevize.cz,irozhlas.cz,denik.cz"
CZ,Czech Republic,2023-03-01T00:00:00Z,2023-04-01T00:00:00Z,17011,122,0.007171829992357886,-0.2596196850107415,131,0.007700899418023632,-0.2702690421893146,"blesk.cz,aktualne.cz,ceskatelevize.cz,irozhlas.cz,denik.cz"
CZ,Czech Republic,2023-04-01T00:00:00Z,2023-05-01T00:00:00Z,18836,98,0.005202803142917817,-0.7717931270303758,105,0.005574431938840518,-0.8240387796065747,"blesk.cz,aktualne.cz,ceskatelevize.cz,irozhlas.cz,denik.cz"
CZ,Czech Republic,2023-05-01T00:00:00Z,2023-06-01T00:00:00Z,20303,154,0.0075850859478894745,0.7248734378196957,155,0.0076343397527459,0.7170497067495762,"blesk.cz,aktualne.cz,ceskatelevize.cz,irozhlas.cz,denik.cz"
CZ,Czech Republic,2023-06-01T00:00:00Z,2023-07-01T00:00:00Z,19623,66,0.0033634000917290934,1.0918505387127673,67,0.003414360699179534,1.0857075770729279,"blesk.cz,aktualne.cz,ceskatelevize.cz,irozhlas.cz,denik.cz"
CZ,Czech Republic,2023-07-01T00:00:00Z,2023-08-01T00:00:00Z,18444,125,0.006777271741487747,-0.8215766161114613,130,0.007048362611147257,-0.8448910376539247,"blesk.cz,aktualne.cz,ceskatelevize.cz,irozhlas.cz,denik.cz"
CZ,Czech Republic,2023-08-01T00:00:00Z,2023-09-01T00:00:00Z,18973,66,0.0034786275233226163,0.8130892266582835,96,0.005059821852105624,-0.29022476178536294,"blesk.cz,aktualne.cz,ceskatelevize.cz,irozhlas.cz,denik.cz"
CZ,Czech Republic,2023-09-01T00:00:00Z,2023-10-01T00:00:00Z,18571,125,0.006730924559797534,1.1156871921851872,127,0.006838619352754294,1.0868086349968162,"blesk.cz,aktualne.cz,ceskatelevize.cz,irozhlas.cz,denik.cz"
CZ,Czech Republic,2023-10-01T00:00:00Z,2023-11-01T00:00:00Z,19303,227,0.011759830078226183,1.0278777386862417,227,0.011759830078226183,1.0278777386862417,"blesk.cz,aktualne.cz,ceskatelevize.cz,irozhlas.cz,denik.cz"
CZ,Czech Republic,2023-11-01T00:00:00Z,2023-12-01T00:00:00Z,18160,197,0.010848017621145374,0.35778056868808794,199,0.010958149779735683,0.3607253464451242,"blesk.cz,aktualne.cz,ceskatelevize.cz,irozhlas.cz,denik.cz"
CZ,Czech Republic,2023-12-01T00:00:00Z,2024-01-01T00:00:00Z,17510,110,0.006282124500285551,-0.5759780701663813,113,0.006453455168475157,-0.5918388647028692,"blesk.cz,aktualne.cz,ceskatelevize.cz,irozhlas.cz,denik.cz"
CZ,Czech Republic,2024-01-01T00:00:00Z,2024-02-01T00:00:00Z,18148,198,0.010910293145250166,-0.17568519884738643,204,0.011240908089045624,-0.19762621817246812,"blesk.cz,aktualne.cz,ceskatelevize.cz,irozhlas.cz,denik.cz"
CZ,Czech Republic,2024-02-01T00:00:00Z,2024-03-01T00:00:00Z,16652,288,0.017295219793418207,0.023413599846088942,291,0.01747537833293298,-0.0028829303193784565,"blesk.cz,aktualne.cz,ceskatelevize.cz,irozhlas.cz,denik.cz"
CZ,Czech Republic,2024-03-01T00:00:00Z,2024-04-01T00:00:00Z,16444,164,0.00997324252006811,-0.6719130772536214,165,0.01003405497445877,-0.6630536682067398,"blesk.cz,aktualne.cz,ceskatelevize.cz,irozhlas.cz,denik.cz"
CZ,Czech Republic,2024-04-01T00:00:00Z,2024-05-01T00:00:00Z,15997,193,0.012064762142901794,1.2711941069179171,194,0.012127273863849472,1.2412703999864672,"blesk.cz,aktualne.cz,ceskatelevize.cz,irozhlas.cz,denik.cz"
CZ,Czech Republic,2024-05-01T00:00:00Z,2024-06-01T00:00:00Z,16409,118,0.007191175574379914,2.817015886810303,125,0.007617770735571942,2.4559331039564256,"blesk.cz,aktualne.cz,ceskatelevize.cz,irozhlas.cz,denik.cz"
CZ,Czech Republic,2024-06-01T00:00:00Z,2024-07-01T00:00:00Z,15344,98,0.006386861313868613,0.7372303025128102,100,0.006517205422314911,0.7514866215319341,"blesk.cz,aktualne.cz,ceskatelevize.cz,irozhlas.cz,denik.cz"
CZ,Czech Republic,2024-07-01T00:00:00Z,2024-08-01T00:00:00Z,15275,111,0.0072667757774140754,0.6654974167130308,112,0.007332242225859247,0.6710514902072776,"blesk.cz,aktualne.cz,ceskatelevize.cz,irozhlas.cz,denik.cz"
CZ,Czech Republic,2024-08-01T00:00:00Z,2024-09-01T00:00:00Z,16471,67,0.004067755448970919,1.2080756050422048,71,0.004310606520551272,0.9477619594446461,"blesk.cz,aktualne.cz,ceskatelevize.cz,irozhlas.cz,denik.cz"
CZ,Czech Republic,2024-09-01T00:00:00Z,2024-10-01T00:00:00Z,16659,100,0.006002761270184284,1.7521521358411956,100,0.006002761270184284,1.7521521358411956,"blesk.cz,aktualne.cz,ceskatelevize.cz,irozhlas.cz,denik.cz"
CZ,Czech Republic,2024-10-01T00:00:00Z,2024-11-01T00:00:00Z,16225,137,0.008443759630200309,0.08547875756753551,141,0.008690292758089368,-0.03991776166005592,"blesk.cz,aktualne.cz,ceskatelevize.cz,irozhlas.cz,denik.cz"
CZ,Czech Republic,2024-11-01T00:00:00Z,2024-12-01T00:00:00Z,16511,153,0.009266549573011932,1.606798079857679,155,0.009387680939979407,1.5563343750421483,"blesk.cz,aktualne.cz,ceskatelevize.cz,irozhlas.cz,denik.cz"
CZ,Czech Republic,2024-12-01T00:00:00Z,2025-01-01T00:00:00Z,14836,171,0.011526017794553789,0.5399066336900973,172,0.011593421407387436,0.5324017191143312,"blesk.cz,aktualne.cz,ceskatelevize.cz,irozhlas.cz,denik.cz"
CZ,Czech Republic,2025-01-01T00:00:00Z,2025-02-01T00:00:00Z,16729,230,0.013748580309641939,0.5491378394057153,230,0.013748580309641939,0.5491378394057153,"blesk.cz,aktualne.cz,ceskatelevize.cz,irozhlas.cz,denik.cz"
CZ,Czech Republic,2025-02-01T00:00:00Z,2025-03-01T00:00:00Z,14865,145,0.009754456777665657,0.45772416992900833,146,0.009821728893373696,0.4194067987523856,"blesk.cz,aktualne.cz,ceskatelevize.cz,irozhlas.cz,denik.cz"
CZ,Czech Republic,2025-03-01T00:00:00Z,2025-04-01T00:00:00Z,14391,129,0.008963935793204087,0.4571836280807238,129,0.008963935793204087,0.4571836280807238,"blesk.cz,aktualne.cz,ceskatelevize.cz,irozhlas.cz,denik.cz"
CZ,Czech Republic,2025-04-01T00:00:00Z,2025-05-01T00:00:00Z,9649,74,0.007669188516944761,0.2537091436030419,76,0.007876463882267593,0.1867378246816066,"blesk.cz,aktualne.cz,ceskatelevize.cz,irozhlas.cz,denik.cz"
CZ,Czech Republic,2025-05-01T00:00:00Z,2025-06-01T00:00:00Z,9489,52,0.005480029507851196,0.26015550659903003,52,0.005480029507851196,0.26015550659903003,"blesk.cz,aktualne.cz,ceskatelevize.cz,irozhlas.cz,denik.cz"
CZ,Czech Republic,2025-06-01T00:00:00Z,2025-07-01T00:00:00Z,4461,23,0.0051557946648733465,1.1375007177330696,23,0.0051557946648733465,1.1375007177330696,"blesk.cz,aktualne.cz,ceskatelevize.cz,irozhlas.cz,denik.cz"
CZ,Czech Republic,2025-07-01T00:00:00Z,2025-08-01T00:00:00Z,9372,49,0.005228339735381989,1.261580469582606,49,0.005228339735381989,1.261580469582606,"blesk.cz,aktualne.cz,ceskatelevize.cz,irozhlas.cz,denik.cz"
CZ,Czech Republic,2025-08-01T00:00:00Z,2025-09-01T00:00:00Z,9000,42,0.004666666666666667,-0.087371001176218,44,0.004888888888888889,-0.37482513042722904,"blesk.cz,aktualne.cz,ceskatelevize.cz,irozhlas.cz,denik.cz"
CZ,Czech Republic,2025-09-01T00:00:00Z,2025-10-01T00:00:00Z,10377,47,0.004529247374000193,1.0491289617026585,47,0.004529247374000193,1.0491289617026585,"blesk.cz,aktualne.cz,ceskatelevize.cz,irozhlas.cz,denik.cz"
CZ,Czech Republic,2025-10-01T00:00:00Z,2025-11-01T00:00:00Z,9178,69,0.00751797777293528,-0.15304350057867752,70,0.007626933972543038,-0.1960889778979644,"blesk.cz,aktualne.cz,ceskatelevize.cz,irozhlas.cz,denik.cz"
CZ,Czech Republic,2025-11-01T00:00:00Z,2025-12-01T00:00:00Z,8851,43,0.004858208112077731,-0.6060403305239489,43,0.004858208112077731,-0.6060403305239489,"blesk.cz,aktualne.cz,ceskatelevize.cz,irozhlas.cz,denik.cz"
CZ,Czech Republic,2025-12-01T00:00:00Z,2026-01-01T00:00:00Z,7643,43,0.0056260630642417896,0.720576978888298,46,0.006018579091979589,0.31046783395794064,"blesk.cz,aktualne.cz,ceskatelevize.cz,irozhlas.cz,denik.cz"
CZ,Czech Republic,2026-01-01T00:00:00Z,2026-02-01T00:00:00Z,8239,59,0.007161063235829591,0.14974552905705735,59,0.007161063235829591,0.14974552905705735,"blesk.cz,aktualne.cz,ceskatelevize.cz,irozhlas.cz,denik.cz"
CZ,Czech Republic,2026-02-01T00:00:00Z,2026-03-01T00:00:00Z,7684,50,0.006507027589796981,0.2167523361499091,50,0.006507027589796981,0.2167523361499091,"blesk.cz,aktualne.cz,ceskatelevize.cz,irozhlas.cz,denik.cz"
CZ,Czech Republic,2026-03-01T00:00:00Z,2026-04-01T00:00:00Z,3059,13,0.004249754821837201,0.6127527314302225,14,0.004576659038901602,0.538459648660176,"blesk.cz,aktualne.cz,ceskatelevize.cz,irozhlas.cz,denik.cz"
FI,Finland,2018-06-01T00:00:00Z,2018-07-01T00:00:00Z,12047,63,0.005229517722254503,-1.079982235192035,63,0.005229517722254503,-1.079982235192035,"yle.fi,hs.fi,iltasanomat.fi,mtvuutiset.fi,is.fi"
FI,Finland,2018-07-01T00:00:00Z,2018-08-01T00:00:00Z,9709,23,0.0023689360387269542,-0.021276955264299832,23,0.0023689360387269542,-0.021276955264299832,"yle.fi,hs.fi,iltasanomat.fi,mtvuutiset.fi,is.fi"
FI,Finland,2018-08-01T00:00:00Z,2018-09-01T00:00:00Z,10098,29,0.0028718558130322834,-0.8484678529945072,29,0.0028718558130322834,-0.8484678529945072,"yle.fi,hs.fi,iltasanomat.fi,mtvuutiset.fi,is.fi"
FI,Finland,2018-09-01T00:00:00Z,2018-10-01T00:00:00Z,11223,45,0.00400962309542903,0.5694275180381887,45,0.00400962309542903,0.5694275180381887,"yle.fi,hs.fi,iltasanomat.fi,mtvuutiset.fi,is.fi"
FI,Finland,2018-10-01T00:00:00Z,2018-11-01T00:00:00Z,12064,47,0.003895888594164456,-0.20338797493770905,47,0.003895888594164456,-0.20338797493770905,"yle.fi,hs.fi,iltasanomat.fi,mtvuutiset.fi,is.fi"
FI,Finland,2018-11-01T00:00:00Z,2018-12-01T00:00:00Z,13175,51,0.003870967741935484,-0.8183902322032395,51,0.003870967741935484,-0.8183902322032395,"yle.fi,hs.fi,iltasanomat.fi,mtvuutiset.fi,is.fi"
FI,Finland,2018-12-01T00:00:00Z,2019-01-01T00:00:00Z,11013,39,0.003541269408880414,0.3549154160138691,39,0.003541269408880414,0.3549154160138691,"yle.fi,hs.fi,iltasanomat.fi,mtvuutiset.fi,is.fi"
FI,Finland,2019-01-01T00:00:00Z,2019-02-01T00:00:00Z,12727,95,0.007464445666692857,-3.0074669726421064,95,0.007464445666692857,-3.0074669726421064,"yle.fi,hs.fi,iltasanomat.fi,mtvuutiset.fi,is.fi"
FI,Finland,2019-02-01T00:00:00Z,2019-03-01T00:00:00Z,12168,37,0.0030407626561472717,-1.2651327964980033,37,0.0030407626561472717,-1.2651327964980033,"yle.fi,hs.fi,iltasanomat.fi,mtvuutiset.fi,is.fi"
FI,Finland,2019-03-01T00:00:00Z,2019-04-01T00:00:00Z,12902,34,0.0026352503487831343,0.045260812286145174,34,0.0026352503487831343,0.045260812286145174,"yle.fi,hs.fi,iltasanomat.fi,mtvuutiset.fi,is.fi"
FI,Finland,2019-04-01T00:00:00Z,2019-05-01T00:00:00Z,12216,28,0.0022920759659463,-0.5822971112327123,29,0.0023739358218729536,-0.4913187706262344,"yle.fi,hs.fi,iltasanomat.fi,mtvuutiset.fi,is.fi"
FI,Finland,2019-05-01T00:00:00Z,2019-06-01T00:00:00Z,13040,52,0.003987730061349694,-3.006496971126691,54,0.004141104294478528,-3.036544512198875,"yle.fi,hs.fi,iltasanomat.fi,mtvuutiset.fi,is.fi"
FI,Finland,2019-06-01T00:00:00Z,2019-07-01T00:00:00Z,11992,50,0.004169446297531688,-0.9412254702633667,50,0.004169446297531688,-0.9412254702633667,"yle.fi,hs.fi,iltasanomat.fi,mtvuutiset.fi,is.fi"
FI,Finland,2019-07-01T00:00:00Z,2019-08-01T00:00:00Z,11561,35,0.0030274197733760055,-1.3166844261821602,35,0.0030274197733760055,-1.3166844261821602,"yle.fi,hs.fi,iltasanomat.fi,mtvuutiset.fi,is.fi"
FI,Finland,2019-08-01T00:00:00Z,2019-09-01T00:00:00Z,11227,21,0.0018704907811525786,-0.3678853472947922,21,0.0018704907811525786,-0.3678853472947922,"yle.fi,hs.fi,iltasanomat.fi,mtvuutiset.fi,is.fi"
FI,Finland,2019-09-01T00:00:00Z,2019-10-01T00:00:00Z,12885,28,0.002173069460613116,-0.9690827609098124,28,0.002173069460613116,-0.9690827609098124,"yle.fi,hs.fi,iltasanomat.fi,mtvuutiset.fi,is.fi"
FI,Finland,2019-10-01T00:00:00Z,2019-11-01T00:00:00Z,12853,29,0.0022562825799424258,-0.5921156235375101,29,0.0022562825799424258,-0.5921156235375101,"yle.fi,hs.fi,iltasanomat.fi,mtvuutiset.fi,is.fi"
FI,Finland,2019-11-01T00:00:00Z,2019-12-01T00:00:00Z,12467,19,0.0015240234218336407,-0.5670490486406684,19,0.0015240234218336407,-0.5670490486406684,"yle.fi,hs.fi,iltasanomat.fi,mtvuutiset.fi,is.fi"
FI,Finland,2019-12-01T00:00:00Z,2020-01-01T00:00:00Z,11140,37,0.0033213644524236986,-1.0694337776814278,37,0.0033213644524236986,-1.0694337776814278,"yle.fi,hs.fi,iltasanomat.fi,mtvuutiset.fi,is.fi"
FI,Finland,2020-01-01T00:00:00Z,2020-02-01T00:00:00Z,11510,45,0.003909643788010426,-0.7092679493069687,45,0.003909643788010426,-0.7092679493069687,"yle.fi,hs.fi,iltasanomat.fi,mtvuutiset.fi,is.fi"
FI,Finland,2020-02-01T00:00:00Z,2020-03-01T00:00:00Z,10928,37,0.0033857979502196194,-0.5573180634733681,37,0.0033857979502196194,-0.5573180634733681,"yle.fi,hs.fi,iltasanomat.fi,mtvuutiset.fi,is.fi"
FI,Finland,2020-03-01T00:00:00Z,2020-04-01T00:00:00Z,10422,14,0.0013433122241412398,-1.7197223532859576,14,0.0013433122241412398,-1.7197223532859576,"yle.fi,hs.fi,iltasanomat.fi,mtvuutiset.fi,is.fi"
FI,Finland,2020-04-01T00:00:00Z,2020-05-01T00:00:00Z,9796,24,0.002449979583503471,-0.9303956224451945,24,0.002449979583503471,-0.9303956224451945,"yle.fi,hs.fi,iltasanomat.fi,mtvuutiset.fi,is.fi"
FI,Finland,2020-05-01T00:00:00Z,2020-06-01T00:00:00Z,9433,8,0.000848086504823492,-1.5102010683973546,9,0.0009540973179264285,-1.70647861958945,"yle.fi,hs.fi,iltasanomat.fi,mtvuutiset.fi,is.fi"
FI,Finland,2020-06-01T00:00:00Z,2020-07-01T00:00:00Z,8390,26,0.003098927294398093,-1.2087597115418411,27,0.0032181168057210966,-1.5096698456822666,"yle.fi,hs.fi,iltasanomat.fi,mtvuutiset.fi,is.fi"
FI,Finland,2020-07-01T00:00:00Z,2020-08-01T00:00:00Z,7672,7,0.0009124087591240876,-3.038228931261527,7,0.0009124087591240876,-3.038228931261527,"yle.fi,hs.fi,iltasanomat.fi,mtvuutiset.fi,is.fi"
FI,Finland,2020-08-01T00:00:00Z,2020-09-01T00:00:00Z,7778,11,0.001414245307276935,-1.3528299143705291,11,0.001414245307276935,-1.3528299143705291,"yle.fi,hs.fi,iltasanomat.fi,mtvuutiset.fi,is.fi"
FI,Finland,2020-09-01T00:00:00Z,2020-10-01T00:00:00Z,7154,3,0.0004193458205199888,0.6683164841455955,3,0.0004193458205199888,0.6683164841455955,"yle.fi,hs.fi,iltasanomat.fi,mtvuutiset.fi,is.fi"
FI,Finland,2020-10-01T00:00:00Z,2020-11-01T00:00:00Z,5233,10,0.0019109497420217848,-2.3395726644889,10,0.0019109497420217848,-2.3395726644889,"yle.fi,hs.fi,iltasanomat.fi,mtvuutiset.fi,is.fi"
FI,Finland,2020-11-01T00:00:00Z,2020-12-01T00:00:00Z,5382,9,0.0016722408026755853,0.12759957069392172,9,0.0016722408026755853,0.12759957069392172,"yle.fi,hs.fi,iltasanomat.fi,mtvuutiset.fi,is.fi"
FI,Finland,2020-12-01T00:00:00Z,2021-01-01T00:00:00Z,8211,15,0.001826817683595177,-0.762971197614858,15,0.001826817683595177,-0.762971197614858,"yle.fi,hs.fi,iltasanomat.fi,mtvuutiset.fi,is.fi"
FI,Finland,2021-01-01T00:00:00Z,2021-02-01T00:00:00Z,8327,11,0.001321003963011889,-0.941783864983744,11,0.001321003963011889,-0.941783864983744,"yle.fi,hs.fi,iltasanomat.fi,mtvuutiset.fi,is.fi"
FI,Finland,2021-02-01T00:00:00Z,2021-03-01T00:00:00Z,7893,13,0.0016470290130495375,0.33082827329339337,13,0.0016470290130495375,0.33082827329339337,"yle.fi,hs.fi,iltasanomat.fi,mtvuutiset.fi,is.fi"
FI,Finland,2021-03-01T00:00:00Z,2021-04-01T00:00:00Z,8495,13,0.0015303119482048264,-1.9475818104091134,13,0.0015303119482048264,-1.9475818104091134,"yle.fi,hs.fi,iltasanomat.fi,mtvuutiset.fi,is.fi"
FI,Finland,2021-04-01T00:00:00Z,2021-05-01T00:00:00Z,7252,17,0.002344180915609487,-0.9591117935780993,17,0.002344180915609487,-0.9591117935780993,"yle.fi,hs.fi,iltasanomat.fi,mtvuutiset.fi,is.fi"
FI,Finland,2021-05-01T00:00:00Z,2021-06-01T00:00:00Z,7839,12,0.0015308075009567547,-0.6907750589053123,12,0.0015308075009567547,-0.6907750589053123,"yle.fi,hs.fi,iltasanomat.fi,mtvuutiset.fi,is.fi"
FI,Finland,2021-06-01T00:00:00Z,2021-07-01T00:00:00Z,7416,22,0.0029665587918015104,-0.01983671209140902,22,0.0029665587918015104,-0.01983671209140902,"yle.fi,hs.fi,iltasanomat.fi,mtvuutiset.fi,is.fi"
FI,Finland,2021-07-01T00:00:00Z,2021-08-01T00:00:00Z,7023,16,0.0022782286772034745,-4.208801248791067,16,0.0022782286772034745,-4.208801248791067,"yle.fi,hs.fi,iltasanomat.fi,mtvuutiset.fi,is.fi"
FI,Finland,2021-08-01T00:00:00Z,2021-09-01T00:00:00Z,4486,10,0.002229157378510923,-1.85038599583914,10,0.002229157378510923,-1.85038599583914,"yle.fi,hs.fi,iltasanomat.fi,mtvuutiset.fi,is.fi"
FI,Finland,2021-09-01T00:00:00Z,2021-10-01T00:00:00Z,4594,14,0.0030474531998258597,-1.8315513565010948,14,0.0030474531998258597,-1.8315513565010948,"yle.fi,hs.fi,iltasanomat.fi,mtvuutiset.fi,is.fi"
FI,Finland,2021-10-01T00:00:00Z,2021-11-01T00:00:00Z,5111,9,0.0017609078458227353,-0.09230169264646046,10,0.0019565642731363725,-0.10112206489805993,"yle.fi,hs.fi,iltasanomat.fi,mtvuutiset.fi,is.fi"
FI,Finland,2021-11-01T00:00:00Z,2021-12-01T00:00:00Z,4792,13,0.002712854757929883,-1.5782267874083327,14,0.002921535893155259,-1.710205297302447,"yle.fi,hs.fi,iltasanomat.fi,mtvuutiset.fi,is.fi"
FI,Finland,2021-12-01T00:00:00Z,2022-01-01T00:00:00Z,4322,14,0.003239241092086997,-0.19421625952257107,14,0.003239241092086997,-0.19421625952257107,"yle.fi,hs.fi,iltasanomat.fi,mtvuutiset.fi,is.fi"
FI,Finland,2022-01-01T00:00:00Z,2022-02-01T00:00:00Z,4207,9,0.0021392916567625386,-2.3718992924883935,9,0.0021392916567625386,-2.3718992924883935,"yle.fi,hs.fi,iltasanomat.fi,mtvuutiset.fi,is.fi"
FI,Finland,2022-02-01T00:00:00Z,2022-03-01T00:00:00Z,4066,2,0.0004918839153959665,0.601374570446735,2,0.0004918839153959665,0.601374570446735,"yle.fi,hs.fi,iltasanomat.fi,mtvuutiset.fi,is.fi"
FI,Finland,2022-03-01T00:00:00Z,2022-04-01T00:00:00Z,4378,4,0.0009136592051164915,-2.304033559933642,4,0.0009136592051164915,-2.304033559933642,"yle.fi,hs.fi,iltasanomat.fi,mtvuutiset.fi,is.fi"
FI,Finland,2022-04-01T00:00:00Z,2022-05-01T00:00:00Z,4092,8,0.0019550342130987292,-0.1965259992921533,8,0.0019550342130987292,-0.1965259992921533,"yle.fi,hs.fi,iltasanomat.fi,mtvuutiset.fi,is.fi"
FI,Finland,2022-05-01T00:00:00Z,2022-06-01T00:00:00Z,4163,19,0.004564016334374249,-0.07998110866922793,19,0.004564016334374249,-0.07998110866922793,"yle.fi,hs.fi,iltasanomat.fi,mtvuutiset.fi,is.fi"
FI,Finland,2022-06-01T00:00:00Z,2022-07-01T00:00:00Z,4041,15,0.003711952487008166,0.01617422288914029,15,0.003711952487008166,0.01617422288914029,"yle.fi,hs.fi,iltasanomat.fi,mtvuutiset.fi,is.fi"
FI,Finland,2022-07-01T00:00:00Z,2022-08-01T00:00:00Z,3706,8,0.0021586616297895305,-0.19106893396311253,8,0.0021586616297895305,-0.19106893396311253,"yle.fi,hs.fi,iltasanomat.fi,mtvuutiset.fi,is.fi"
FI,Finland,2022-08-01T00:00:00Z,2022-09-01T00:00:00Z,4069,11,0.002703366920619317,0.028440521954750553,14,0.0034406488080609486,-0.5412759147711081,"yle.fi,hs.fi,iltasanomat.fi,mtvuutiset.fi,is.fi"
FI,Finland,2022-09-01T00:00:00Z,2022-10-01T00:00:00Z,4491,10,0.00222667557336896,0.20461354868880238,10,0.00222667557336896,0.20461354868880238,"yle.fi,hs.fi,iltasanomat.fi,mtvuutiset.fi,is.fi"
FI,Finland,2022-10-01T00:00:00Z,2022-11-01T00:00:00Z,4379,6,0.0013701758392327015,-0.6943015723188786,6,0.0013701758392327015,-0.6943015723188786,"yle.fi,hs.fi,iltasanomat.fi,mtvuutiset.fi,is.fi"
FI,Finland,2022-11-01T00:00:00Z,2022-12-01T00:00:00Z,4713,10,0.0021217907914279654,-0.6649590415402074,11,0.0023339698705707617,-1.1509563070137003,"yle.fi,hs.fi,iltasanomat.fi,mtvuutiset.fi,is.fi"
FI,Finland,2022-12-01T00:00:00Z,2023-01-01T00:00:00Z,5102,10,0.001960015680125441,0.37001446163470325,10,0.001960015680125441,0.37001446163470325,"yle.fi,hs.fi,iltasanomat.fi,mtvuutiset.fi,is.fi"
FI,Finland,2023-01-01T00:00:00Z,2023-02-01T00:00:00Z,5396,12,0.002223869532987398,-1.5048565490236994,13,0.0024091919940696814,-1.6215433499718195,"yle.fi,hs.fi,iltasanomat.fi,mtvuutiset.fi,is.fi"
FI,Finland,2023-02-01T00:00:00Z,2023-03-01T00:00:00Z,5317,15,0.0028211397404551437,-0.2552443449934031,15,0.0028211397404551437,-0.2552443449934031,"yle.fi,hs.fi,iltasanomat.fi,mtvuutiset.fi,is.fi"
FI,Finland,2023-03-01T00:00:00Z,2023-04-01T00:00:00Z,6173,26,0.004211890490847238,0.49583173940663794,26,0.004211890490847238,0.49583173940663794,"yle.fi,hs.fi,iltasanomat.fi,mtvuutiset.fi,is.fi"
FI,Finland,2023-04-01T00:00:00Z,2023-05-01T00:00:00Z,7978,29,0.0036349962396590623,-1.0654878711306717,29,0.0036349962396590623,-1.0654878711306717,"yle.fi,hs.fi,iltasanomat.fi,mtvuutiset.fi,is.fi"
FI,Finland,2023-05-01T00:00:00Z,2023-06-01T00:00:00Z,7944,40,0.005035246727089627,-0.6438535435684133,40,0.005035246727089627,-0.6438535435684133,"yle.fi,hs.fi,iltasanomat.fi,mtvuutiset.fi,is.fi"
FI,Finland,2023-06-01T00:00:00Z,2023-07-01T00:00:00Z,7862,30,0.003815822945815314,-1.1103384791733284,31,0.003943017044009158,-1.4329440479455147,"yle.fi,hs.fi,iltasanomat.fi,mtvuutiset.fi,is.fi"
FI,Finland,2023-07-01T00:00:00Z,2023-08-01T00:00:00Z,7450,22,0.002953020134228188,-0.051583012495787076,22,0.002953020134228188,-0.051583012495787076,"yle.fi,hs.fi,iltasanomat.fi,mtvuutiset.fi,is.fi"
FI,Finland,2023-08-01T00:00:00Z,2023-09-01T00:00:00Z,8124,22,0.0027080256031511572,-0.11168738893893643,23,0.002831117676021664,-0.23194871297318345,"yle.fi,hs.fi,iltasanomat.fi,mtvuutiset.fi,is.fi"
FI,Finland,2023-09-01T00:00:00Z,2023-10-01T00:00:00Z,8249,35,0.004242938538004607,-1.1361664179178161,36,0.004364165353376167,-1.157582101075894,"yle.fi,hs.fi,iltasanomat.fi,mtvuutiset.fi,is.fi"
FI,Finland,2023-10-01T00:00:00Z,2023-11-01T00:00:00Z,7111,28,0.003937561524398819,-0.49974571206071006,29,0.004078188721698776,-0.46635435780389034,"yle.fi,hs.fi,iltasanomat.fi,mtvuutiset.fi,is.fi"
FI,Finland,2023-11-01T00:00:00Z,2023-12-01T00:00:00Z,6921,26,0.003756682560323653,0.9367224294400923,27,0.0039011703511053317,0.8799455939248338,"yle.fi,hs.fi,iltasanomat.fi,mtvuutiset.fi,is.fi"
FI,Finland,2023-12-01T00:00:00Z,2024-01-01T00:00:00Z,6516,42,0.006445672191528545,0.22034225321303083,43,0.006599140577041129,0.12240893375459713,"yle.fi,hs.fi,iltasanomat.fi,mtvuutiset.fi,is.fi"
FI,Finland,2024-01-01T00:00:00Z,2024-02-01T00:00:00Z,7434,36,0.004842615012106538,0.39097869341293656,37,0.0049771320957761635,0.3230184010625297,"yle.fi,hs.fi,iltasanomat.fi,mtvuutiset.fi,is.fi"
FI,Finland,2024-02-01T00:00:00Z,2024-03-01T00:00:00Z,7080,21,0.0029661016949152543,-1.018271514268341,21,0.0029661016949152543,-1.018271514268341,"yle.fi,hs.fi,iltasanomat.fi,mtvuutiset.fi,is.fi"
FI,Finland,2024-03-01T00:00:00Z,2024-04-01T00:00:00Z,7006,36,0.005138452754781616,-1.4472734763290687,36,0.005138452754781616,-1.4472734763290687,"yle.fi,hs.fi,iltasanomat.fi,mtvuutiset.fi,is.fi"
FI,Finland,2024-04-01T00:00:00Z,2024-05-01T00:00:00Z,6547,27,0.004124026271574767,0.42435867528137555,28,0.0042767679853367956,0.29759586544989786,"yle.fi,hs.fi,iltasanomat.fi,mtvuutiset.fi,is.fi"
FI,Finland,2024-05-01T00:00:00Z,2024-06-01T00:00:00Z,6712,26,0.0038736591179976162,-0.9297227169557343,27,0.004022646007151371,-0.9585396491480407,"yle.fi,hs.fi,iltasanomat.fi,mtvuutiset.fi,is.fi"
FI,Finland,2024-06-01T00:00:00Z,2024-07-01T00:00:00Z,7459,30,0.004021986861509586,-0.005924091608721371,30,0.004021986861509586,-0.005924091608721371,"yle.fi,hs.fi,iltasanomat.fi,mtvuutiset.fi,is.fi"
FI,Finland,2024-07-01T00:00:00Z,2024-08-01T00:00:00Z,7949,16,0.0020128318027424832,-1.0862999152840227,16,0.0020128318027424832,-1.0862999152840227,"yle.fi,hs.fi,iltasanomat.fi,mtvuutiset.fi,is.fi"
FI,Finland,2024-08-01T00:00:00Z,2024-09-01T00:00:00Z,8478,24,0.0028308563340410475,-0.3778787854716281,24,0.0028308563340410475,-0.3778787854716281,"yle.fi,hs.fi,iltasanomat.fi,mtvuutiset.fi,is.fi"
FI,Finland,2024-09-01T00:00:00Z,2024-10-01T00:00:00Z,8796,32,0.0036380172805820826,-0.7516897306733994,32,0.0036380172805820826,-0.7516897306733994,"yle.fi,hs.fi,iltasanomat.fi,mtvuutiset.fi,is.fi"
FI,Finland,2024-10-01T00:00:00Z,2024-11-01T00:00:00Z,8978,21,0.0023390510135887724,-0.36556296091281376,22,0.002450434395188238,-0.5383404020834436,"yle.fi,hs.fi,iltasanomat.fi,mtvuutiset.fi,is.fi"
FI,Finland,2024-11-01T00:00:00Z,2024-12-01T00:00:00Z,8998,24,0.0026672593909757725,-0.2321879638864061,24,0.0026672593909757725,-0.2321879638864061,"yle.fi,hs.fi,iltasanomat.fi,mtvuutiset.fi,is.fi"
FI,Finland,2024-12-01T00:00:00Z,2025-01-01T00:00:00Z,8141,30,0.003685050976538509,-0.8580263649499463,30,0.003685050976538509,-0.8580263649499463,"yle.fi,hs.fi,iltasanomat.fi,mtvuutiset.fi,is.fi"
FI,Finland,2025-01-01T00:00:00Z,2025-02-01T00:00:00Z,8663,23,0.002654969410135057,0.6145260984030041,23,0.002654969410135057,0.6145260984030041,"yle.fi,hs.fi,iltasanomat.fi,mtvuutiset.fi,is.fi"
FI,Finland,2025-02-01T00:00:00Z,2025-03-01T00:00:00Z,8064,33,0.004092261904761905,-1.700788177439157,34,0.004216269841269841,-1.6300524853935145,"yle.fi,hs.fi,iltasanomat.fi,mtvuutiset.fi,is.fi"
FI,Finland,2025-03-01T00:00:00Z,2025-04-01T00:00:00Z,8489,23,0.0027093886205677934,-1.1118474084836871,23,0.0027093886205677934,-1.1118474084836871,"yle.fi,hs.fi,iltasanomat.fi,mtvuutiset.fi,is.fi"
FI,Finland,2025-04-01T00:00:00Z,2025-05-01T00:00:00Z,8323,26,0.0031238736032680524,0.8294338737275966,26,0.0031238736032680524,0.8294338737275966,"yle.fi,hs.fi,iltasanomat.fi,mtvuutiset.fi,is.fi"
FI,Finland,2025-05-01T00:00:00Z,2025-06-01T00:00:00Z,8258,58,0.007023492371034149,-1.9044342570152837,58,0.007023492371034149,-1.9044342570152837,"yle.fi,hs.fi,iltasanomat.fi,mtvuutiset.fi,is.fi"
FI,Finland,2025-06-01T00:00:00Z,2025-07-01T00:00:00Z,3661,7,0.0019120458891013384,-0.9585181066104825,7,0.0019120458891013384,-0.9585181066104825,"yle.fi,hs.fi,iltasanomat.fi,mtvuutiset.fi,is.fi"
FI,Finland,2025-07-01T00:00:00Z,2025-08-01T00:00:00Z,7768,25,0.0032183316168898045,-2.043503164664802,25,0.0032183316168898045,-2.043503164664802,"yle.fi,hs.fi,iltasanomat.fi,mtvuutiset.fi,is.fi"
FI,Finland,2025-08-01T00:00:00Z,2025-09-01T00:00:00Z,7727,27,0.0034942409732108192,-1.7239195527847564,27,0.0034942409732108192,-1.7239195527847564,"yle.fi,hs.fi,iltasanomat.fi,mtvuutiset.fi,is.fi"
FI,Finland,2025-09-01T00:00:00Z,2025-10-01T00:00:00Z,8209,24,0.0029236204166159093,-0.672456425140221,24,0.0029236204166159093,-0.672456425140221,"yle.fi,hs.fi,iltasanomat.fi,mtvuutiset.fi,is.fi"
FI,Finland,2025-10-01T00:00:00Z,2025-11-01T00:00:00Z,8292,42,0.005065123010130246,-0.0159932551891675,42,0.005065123010130246,-0.0159932551891675,"yle.fi,hs.fi,iltasanomat.fi,mtvuutiset.fi,is.fi"
FI,Finland,2025-11-01T00:00:00Z,2025-12-01T00:00:00Z,7752,50,0.006449948400412796,-0.41437974357990676,50,0.006449948400412796,-0.41437974357990676,"yle.fi,hs.fi,iltasanomat.fi,mtvuutiset.fi,is.fi"
FI,Finland,2025-12-01T00:00:00Z,2026-01-01T00:00:00Z,7212,26,0.0036051026067665,-1.7508339845143668,26,0.0036051026067665,-1.7508339845143668,"yle.fi,hs.fi,iltasanomat.fi,mtvuutiset.fi,is.fi"
FI,Finland,2026-01-01T00:00:00Z,2026-02-01T00:00:00Z,8174,37,0.004526547589919256,-1.2435738307461361,37,0.004526547589919256,-1.2435738307461361,"yle.fi,hs.fi,iltasanomat.fi,mtvuutiset.fi,is.fi"
FI,Finland,2026-02-01T00:00:00Z,2026-03-01T00:00:00Z,7801,30,0.0038456608127163186,0.20819494980416953,30,0.0038456608127163186,0.20819494980416953,"yle.fi,hs.fi,iltasanomat.fi,mtvuutiset.fi,is.fi"
FI,Finland,2026-03-01T00:00:00Z,2026-04-01T00:00:00Z,2979,21,0.007049345417925478,-1.4602676454316732,21,0.007049345417925478,-1.4602676454316732,"yle.fi,hs.fi,iltasanomat.fi,mtvuutiset.fi,is.fi"
FR,France,2018-06-01T00:00:00Z,2018-07-01T00:00:00Z,17368,224,0.012897282358360202,-1.1160674195723408,236,0.013588208198986642,-1.1995123077798575,"lemonde.fr,lefigaro.fr,franceinfo.fr,liberation.fr,ouest-france.fr"
FR,France,2018-07-01T00:00:00Z,2018-08-01T00:00:00Z,13620,277,0.020337738619676946,-1.3845911930641115,287,0.021071953010279,-1.4553765392162923,"lemonde.fr,lefigaro.fr,franceinfo.fr,liberation.fr,ouest-france.fr"
FR,France,2018-08-01T00:00:00Z,2018-09-01T00:00:00Z,11724,121,0.01032070965540771,-1.4471267548563318,138,0.011770726714431934,-1.4391636888048966,"lemonde.fr,lefigaro.fr,franceinfo.fr,liberation.fr,ouest-france.fr"
FR,France,2018-09-01T00:00:00Z,2018-10-01T00:00:00Z,12652,181,0.01430603857097692,-1.2168799863676447,191,0.015096427442301613,-1.2558232864051495,"lemonde.fr,lefigaro.fr,franceinfo.fr,liberation.fr,ouest-france.fr"
FR,France,2018-10-01T00:00:00Z,2018-11-01T00:00:00Z,14316,184,0.012852752165409332,-1.0613674738069514,208,0.014529198100027941,-1.1474970157173674,"lemonde.fr,lefigaro.fr,franceinfo.fr,liberation.fr,ouest-france.fr"
FR,France,2018-11-01T00:00:00Z,2018-12-01T00:00:00Z,12022,186,0.015471635335218765,-1.7147713532946134,209,0.017384794543337214,-1.6088870909503445,"lemonde.fr,lefigaro.fr,franceinfo.fr,liberation.fr,ouest-france.fr"
FR,France,2018-12-01T00:00:00Z,2019-01-01T00:00:00Z,9695,137,0.014130995358432182,-1.065791482930685,145,0.014956162970603403,-1.2055678071964113,"lemonde.fr,lefigaro.fr,franceinfo.fr,liberation.fr,ouest-france.fr"
FR,France,2019-01-01T00:00:00Z,2019-02-01T00:00:00Z,10474,113,0.01078861943860989,-1.8537074038273422,121,0.011552415505060148,-1.788882962425664,"lemonde.fr,lefigaro.fr,franceinfo.fr,liberation.fr,ouest-france.fr"
FR,France,2019-02-01T00:00:00Z,2019-03-01T00:00:00Z,9808,118,0.01203099510603589,-1.134054278205556,130,0.013254486133768352,-1.085046425221994,"lemonde.fr,lefigaro.fr,franceinfo.fr,liberation.fr,ouest-france.fr"
FR,France,2019-03-01T00:00:00Z,2019-04-01T00:00:00Z,9999,159,0.0159015901590159,-1.9489348370207118,167,0.0167016701670167,-1.9122418182413323,"lemonde.fr,lefigaro.fr,franceinfo.fr,liberation.fr,ouest-france.fr"
FR,France,2019-04-01T00:00:00Z,2019-05-01T00:00:00Z,9521,134,0.014074151874803067,-1.4388990474578547,144,0.01512446171620628,-1.3845662943540622,"lemonde.fr,lefigaro.fr,franceinfo.fr,liberation.fr,ouest-france.fr"
FR,France,2019-05-01T00:00:00Z,2019-06-01T00:00:00Z,10170,131,0.01288102261553589,-0.9238366548042185,143,0.014060963618485743,-0.8195950612918242,"lemonde.fr,lefigaro.fr,franceinfo.fr,liberation.fr,ouest-france.fr"
FR,France,2019-06-01T00:00:00Z,2019-07-01T00:00:00Z,9389,122,0.012993929065928214,-1.2864217609953912,140,0.014911066141229098,-1.5503882983377528,"lemonde.fr,lefigaro.fr,franceinfo.fr,liberation.fr,ouest-france.fr"
FR,France,2019-07-01T00:00:00Z,2019-08-01T00:00:00Z,11898,153,0.012859304084720122,-1.3006424067043008,170,0.014288115649689024,-1.4578973237788482,"lemonde.fr,lefigaro.fr,franceinfo.fr,liberation.fr,ouest-france.fr"
FR,France,2019-08-01T00:00:00Z,2019-09-01T00:00:00Z,9780,100,0.010224948875255624,-2.005664399683465,110,0.011247443762781187,-2.119647679875638,"lemonde.fr,lefigaro.fr,franceinfo.fr,liberation.fr,ouest-france.fr"
FR,France,2019-09-01T00:00:00Z,2019-10-01T00:00:00Z,14176,205,0.014461060948081264,-1.034084210486728,222,0.015660270880361173,-0.9958408122362881,"lemonde.fr,lefigaro.fr,franceinfo.fr,liberation.fr,ouest-france.fr"
FR,France,2019-10-01T00:00:00Z,2019-11-01T00:00:00Z,16415,222,0.013524215656411818,-1.48915768747734,232,0.014133414559853792,-1.466768709539975,"lemonde.fr,lefigaro.fr,franceinfo.fr,liberation.fr,ouest-france.fr"
FR,France,2019-11-01T00:00:00Z,2019-12-01T00:00:00Z,16866,201,0.01191746709356101,-1.5384923863830944,224,0.01328115735799834,-1.6368942140262859,"lemonde.fr,lefigaro.fr,franceinfo.fr,liberation.fr,ouest-france.fr"
FR,France,2019-12-01T00:00:00Z,2020-01-01T00:00:00Z,16779,173,0.010310507181596042,-1.166404542010891,189,0.011264080100125156,-1.2381552450875548,"lemonde.fr,lefigaro.fr,franceinfo.fr,liberation.fr,ouest-france.fr"
FR,France,2020-01-01T00:00:00Z,2020-02-01T00:00:00Z,18386,158,0.008593495050581965,-1.3232209822387824,196,0.010660284999456107,-1.4055938917339723,"lemonde.fr,lefigaro.fr,franceinfo.fr,liberation.fr,ouest-france.fr"
FR,France,2020-02-01T00:00:00Z,2020-03-01T00:00:00Z,16840,172,0.010213776722090262,-0.6155937556075812,260,0.015439429928741092,-0.868934243026676,"lemonde.fr,lefigaro.fr,franceinfo.fr,liberation.fr,ouest-france.fr"
FR,France,2020-03-01T00:00:00Z,2020-04-01T00:00:00Z,17225,127,0.007373004354136429,-1.3451490559161028,163,0.00946298984034833,-1.4290907458225204,"lemonde.fr,lefigaro.fr,franceinfo.fr,liberation.fr,ouest-france.fr"
FR,France,2020-04-01T00:00:00Z,2020-05-01T00:00:00Z,17767,142,0.00799234535937412,-0.47400258689771024,154,0.008667754826363483,-0.6273435259459348,"lemonde.fr,lefigaro.fr,franceinfo.fr,liberation.fr,ouest-france.fr"
FR,France,2020-05-01T00:00:00Z,2020-06-01T00:00:00Z,16032,133,0.008295908183632735,-0.11758118204058896,146,0.009106786427145708,-0.4577388089219522,"lemonde.fr,lefigaro.fr,franceinfo.fr,liberation.fr,ouest-france.fr"
FR,France,2020-06-01T00:00:00Z,2020-07-01T00:00:00Z,16800,178,0.010595238095238095,-0.7218583634806864,189,0.01125,-0.8535145967449034,"lemonde.fr,lefigaro.fr,franceinfo.fr,liberation.fr,ouest-france.fr"
FR,France,2020-07-01T00:00:00Z,2020-08-01T00:00:00Z,14379,121,0.008415049725293831,-0.8740669387987292,129,0.0089714166492802,-0.9947011910380231,"lemonde.fr,lefigaro.fr,franceinfo.fr,liberation.fr,ouest-france.fr"
FR,France,2020-08-01T00:00:00Z,2020-09-01T00:00:00Z,12800,83,0.006484375,-1.2790938567666115,98,0.00765625,-1.2751496773111233,"lemonde.fr,lefigaro.fr,franceinfo.fr,liberation.fr,ouest-france.fr"
FR,France,2020-09-01T00:00:00Z,2020-10-01T00:00:00Z,14799,109,0.007365362524494898,-0.8341345976936031,121,0.00817622812352186,-0.9182398078267513,"lemonde.fr,lefigaro.fr,franceinfo.fr,liberation.fr,ouest-france.fr"
FR,France,2020-10-01T00:00:00Z,2020-11-01T00:00:00Z,12638,69,0.005459724639974679,-0.2060038038845268,82,0.006488368412723532,-0.5825599245267933,"lemonde.fr,lefigaro.fr,franceinfo.fr,liberation.fr,ouest-france.fr"
FR,France,2020-11-01T00:00:00Z,2020-12-01T00:00:00Z,12344,63,0.005103694102397926,-0.6421281241097978,71,0.005751782242384964,-0.7734958928451465,"lemonde.fr,lefigaro.fr,franceinfo.fr,liberation.fr,ouest-france.fr"
FR,France,2020-12-01T00:00:00Z,2021-01-01T00:00:00Z,18220,146,0.008013172338090012,-0.19776758430477087,149,0.008177826564215148,-0.2470422878339096,"lemonde.fr,lefigaro.fr,franceinfo.fr,liberation.fr,ouest-france.fr"
FR,France,2021-01-01T00:00:00Z,2021-02-01T00:00:00Z,18793,114,0.006066088437184058,-0.2771025974757501,119,0.006332144947586867,-0.31665110960162823,"lemonde.fr,lefigaro.fr,franceinfo.fr,liberation.fr,ouest-france.fr"
FR,France,2021-02-01T00:00:00Z,2021-03-01T00:00:00Z,15725,109,0.006931637519872814,-0.6405982442473132,111,0.007058823529411765,-0.6855593184878207,"lemonde.fr,lefigaro.fr,franceinfo.fr,liberation.fr,ouest-france.fr"
FR,France,2021-03-01T00:00:00Z,2021-04-01T00:00:00Z,18985,130,0.006847511193047142,-0.9104458747325532,131,0.006900184356070582,-0.9346231573904165,"lemonde.fr,lefigaro.fr,franceinfo.fr,liberation.fr,ouest-france.fr"
FR,France,2021-04-01T00:00:00Z,2021-05-01T00:00:00Z,15713,126,0.008018837904919493,-0.5961456381002406,130,0.00827340418761535,-0.6713596114729863,"lemonde.fr,lefigaro.fr,franceinfo.fr,liberation.fr,ouest-france.fr"
FR,France,2021-05-01T00:00:00Z,2021-06-01T00:00:00Z,13093,105,0.008019552432597572,-0.22395677944032072,111,0.008477812571603146,-0.25465305135245264,"lemonde.fr,lefigaro.fr,franceinfo.fr,liberation.fr,ouest-france.fr"
FR,France,2021-06-01T00:00:00Z,2021-07-01T00:00:00Z,16181,136,0.008404919349854769,-0.0027945193727410625,140,0.008652122860144613,-0.03765890413505604,"lemonde.fr,lefigaro.fr,franceinfo.fr,liberation.fr,ouest-france.fr"
FR,France,2021-07-01T00:00:00Z,2021-08-01T00:00:00Z,9721,64,0.006583684806089909,-1.1429377260778968,65,0.006686554881185063,-1.1553728304797,"lemonde.fr,lefigaro.fr,franceinfo.fr,liberation.fr,ouest-france.fr"
FR,France,2021-08-01T00:00:00Z,2021-09-01T00:00:00Z,3128,31,0.009910485933503837,1.357575860788632,33,0.010549872122762148,1.382119819184223,"lemonde.fr,lefigaro.fr,franceinfo.fr,liberation.fr,ouest-france.fr"
FR,France,2021-09-01T00:00:00Z,2021-10-01T00:00:00Z,4216,54,0.012808349146110056,-0.7342830726835471,62,0.014705882352941176,-0.9705387056710683,"lemonde.fr,lefigaro.fr,franceinfo.fr,liberation.fr,ouest-france.fr"
FR,France,2021-10-01T00:00:00Z,2021-11-01T00:00:00Z,4364,55,0.012603116406966087,-0.15172158702876587,65,0.014894592117323557,-0.5209479364230004,"lemonde.fr,lefigaro.fr,franceinfo.fr,liberation.fr,ouest-france.fr"
FR,France,2021-11-01T00:00:00Z,2021-12-01T00:00:00Z,4452,51,0.011455525606469003,-0.7611811334638378,58,0.01302785265049416,-0.9434723403244516,"lemonde.fr,lefigaro.fr,franceinfo.fr,liberation.fr,ouest-france.fr"
FR,France,2021-12-01T00:00:00Z,2022-01-01T00:00:00Z,4319,64,0.014818244964112062,0.0425984229168488,64,0.014818244964112062,0.0425984229168488,"lemonde.fr,lefigaro.fr,franceinfo.fr,liberation.fr,ouest-france.fr"
FR,France,2022-01-01T00:00:00Z,2022-02-01T00:00:00Z,4895,44,0.008988764044943821,-0.6865129004901566,46,0.009397344228804902,-0.789861111389611,"lemonde.fr,lefigaro.fr,franceinfo.fr,liberation.fr,ouest-france.fr"
FR,France,2022-02-01T00:00:00Z,2022-03-01T00:00:00Z,4095,33,0.00805860805860806,0.3242381281391252,34,0.008302808302808303,0.2734702667562539,"lemonde.fr,lefigaro.fr,franceinfo.fr,liberation.fr,ouest-france.fr"
FR,France,2022-03-01T00:00:00Z,2022-04-01T00:00:00Z,4695,59,0.012566560170394037,-1.8064100802184229,61,0.012992545260915868,-1.7969377574209513,"lemonde.fr,lefigaro.fr,franceinfo.fr,liberation.fr,ouest-france.fr"
FR,France,2022-04-01T00:00:00Z,2022-05-01T00:00:00Z,5070,34,0.0067061143984220905,-1.735789145753941,37,0.007297830374753451,-1.9502092195627774,"lemonde.fr,lefigaro.fr,franceinfo.fr,liberation.fr,ouest-france.fr"
FR,France,2022-05-01T00:00:00Z,2022-06-01T00:00:00Z,5292,30,0.005668934240362812,-0.6003843904310878,36,0.006802721088435374,-1.1100038121131912,"lemonde.fr,lefigaro.fr,franceinfo.fr,liberation.fr,ouest-france.fr"
FR,France,2022-06-01T00:00:00Z,2022-07-01T00:00:00Z,5615,51,0.009082813891362422,-0.06531532980142703,57,0.010151380231522707,-0.17550651746341545,"lemonde.fr,lefigaro.fr,franceinfo.fr,liberation.fr,ouest-france.fr"
FR,France,2022-07-01T00:00:00Z,2022-08-01T00:00:00Z,4715,26,0.005514316012725344,-0.9501068307107656,30,0.006362672322375398,-1.1930872136336574,"lemonde.fr,lefigaro.fr,franceinfo.fr,liberation.fr,ouest-france.fr"
FR,France,2022-08-01T00:00:00Z,2022-09-01T00:00:00Z,3167,27,0.008525418377012947,-1.3987489978981684,56,0.01768234922639722,-2.1094354857021687,"lemonde.fr,lefigaro.fr,franceinfo.fr,liberation.fr,ouest-france.fr"
FR,France,2022-09-01T00:00:00Z,2022-10-01T00:00:00Z,4130,33,0.007990314769975786,-1.6588130832828543,39,0.009443099273607748,-1.792618487600251,"lemonde.fr,lefigaro.fr,franceinfo.fr,liberation.fr,ouest-france.fr"
FR,France,2022-10-01T00:00:00Z,2022-11-01T00:00:00Z,4120,50,0.012135922330097087,-1.2055633726606128,57,0.01383495145631068,-1.4240760796873868,"lemonde.fr,lefigaro.fr,franceinfo.fr,liberation.fr,ouest-france.fr"
FR,France,2022-11-01T00:00:00Z,2022-12-01T00:00:00Z,4227,40,0.009462976105985333,-1.8178388072394873,55,0.013011592145729832,-2.0504482299285782,"lemonde.fr,lefigaro.fr,franceinfo.fr,liberation.fr,ouest-france.fr"
FR,France,2022-12-01T00:00:00Z,2023-01-01T00:00:00Z,3747,40,0.010675206832132373,-0.4817494119325762,46,0.012276487856952229,-0.7172086892102656,"lemonde.fr,lefigaro.fr,franceinfo.fr,liberation.fr,ouest-france.fr"
FR,France,2023-01-01T00:00:00Z,2023-02-01T00:00:00Z,3920,35,0.008928571428571428,-0.8688432759128301,37,0.009438775510204082,-1.125070386065658,"lemonde.fr,lefigaro.fr,franceinfo.fr,liberation.fr,ouest-france.fr"
FR,France,2023-02-01T00:00:00Z,2023-03-01T00:00:00Z,3365,35,0.010401188707280832,-0.7329135050238396,39,0.011589895988112928,-0.7912320580357532,"lemonde.fr,lefigaro.fr,franceinfo.fr,liberation.fr,ouest-france.fr"
FR,France,2023-03-01T00:00:00Z,2023-04-01T00:00:00Z,4125,34,0.008242424242424242,-0.31598178737954247,44,0.010666666666666666,-0.5118788870792966,"lemonde.fr,lefigaro.fr,franceinfo.fr,liberation.fr,ouest-france.fr"
FR,France,2023-04-01T00:00:00Z,2023-05-01T00:00:00Z,4963,36,0.007253677211364095,-1.202563327168116,54,0.010880515817046141,-1.3208935053175783,"lemonde.fr,lefigaro.fr,franceinfo.fr,liberation.fr,ouest-france.fr"
FR,France,2023-05-01T00:00:00Z,2023-06-01T00:00:00Z,5078,44,0.00866482867270579,-1.5241789001652855,58,0.011421819614021268,-1.536397516506507,"lemonde.fr,lefigaro.fr,franceinfo.fr,liberation.fr,ouest-france.fr"
FR,France,2023-06-01T00:00:00Z,2023-07-01T00:00:00Z,5111,40,0.00782625709254549,-1.346938718721827,46,0.009000195656427314,-1.3495587535741225,"lemonde.fr,lefigaro.fr,franceinfo.fr,liberation.fr,ouest-france.fr"
FR,France,2023-07-01T00:00:00Z,2023-08-01T00:00:00Z,5152,34,0.006599378881987578,-0.8472582587150762,41,0.00795807453416149,-1.304142748999192,"lemonde.fr,lefigaro.fr,franceinfo.fr,liberation.fr,ouest-france.fr"
FR,France,2023-08-01T00:00:00Z,2023-09-01T00:00:00Z,5817,30,0.005157297576070139,-0.7277750407601995,42,0.007220216606498195,-0.9762269696006367,"lemonde.fr,lefigaro.fr,franceinfo.fr,liberation.fr,ouest-france.fr"
FR,France,2023-09-01T00:00:00Z,2023-10-01T00:00:00Z,6983,37,0.00529858227123013,-0.8144902123053579,50,0.007160246312473149,-1.3963138529059278,"lemonde.fr,lefigaro.fr,franceinfo.fr,liberation.fr,ouest-france.fr"
FR,France,2023-10-01T00:00:00Z,2023-11-01T00:00:00Z,6345,44,0.006934594168636721,-0.45918142743228213,53,0.008353033884948778,-0.7284344177282004,"lemonde.fr,lefigaro.fr,franceinfo.fr,liberation.fr,ouest-france.fr"
FR,France,2023-11-01T00:00:00Z,2023-12-01T00:00:00Z,5727,40,0.006984459577440196,-1.2691113679741934,41,0.0071590710668762,-1.3026818869383021,"lemonde.fr,lefigaro.fr,franceinfo.fr,liberation.fr,ouest-france.fr"
FR,France,2023-12-01T00:00:00Z,2024-01-01T00:00:00Z,3877,47,0.012122775341759092,0.13994691865482503,55,0.014186226463760639,-0.009026557051614759,"lemonde.fr,lefigaro.fr,franceinfo.fr,liberation.fr,ouest-france.fr"
FR,France,2024-01-01T00:00:00Z,2024-02-01T00:00:00Z,4273,39,0.00912707699508542,-0.9533003358261736,72,0.016849988298619237,-1.3496537331776355,"lemonde.fr,lefigaro.fr,franceinfo.fr,liberation.fr,ouest-france.fr"
FR,France,2024-02-01T00:00:00Z,2024-03-01T00:00:00Z,4297,39,0.009076099604375146,-0.7772970686859453,49,0.011403304631138002,-0.842700806178796,"lemonde.fr,lefigaro.fr,franceinfo.fr,liberation.fr,ouest-france.fr"
FR,France,2024-03-01T00:00:00Z,2024-04-01T00:00:00Z,6283,44,0.007003024033105204,-1.2266057417229117,51,0.008117141492917396,-1.2516293214374965,"lemonde.fr,lefigaro.fr,franceinfo.fr,liberation.fr,ouest-france.fr"
FR,France,2024-04-01T00:00:00Z,2024-05-01T00:00:00Z,6937,40,0.005766181346403345,-0.7301110476549367,53,0.007640190283984431,-1.3136091781302075,"lemonde.fr,lefigaro.fr,franceinfo.fr,liberation.fr,ouest-france.fr"
FR,France,2024-05-01T00:00:00Z,2024-06-01T00:00:00Z,8189,71,0.008670167297594334,-0.6586665657693311,88,0.010746122847722554,-0.9407931113004271,"lemonde.fr,lefigaro.fr,franceinfo.fr,liberation.fr,ouest-france.fr"
FR,France,2024-06-01T00:00:00Z,2024-07-01T00:00:00Z,7635,38,0.004977079240340537,-0.7483379581818651,45,0.005893909626719057,-0.9552718314946563,"lemonde.fr,lefigaro.fr,franceinfo.fr,liberation.fr,ouest-france.fr"
FR,France,2024-07-01T00:00:00Z,2024-08-01T00:00:00Z,7429,51,0.006864988558352402,-0.5382712493822988,63,0.008480279983847086,-0.9708468499813476,"lemonde.fr,lefigaro.fr,franceinfo.fr,liberation.fr,ouest-france.fr"
FR,France,2024-08-01T00:00:00Z,2024-09-01T00:00:00Z,5306,25,0.004711647191858273,0.1959360871810829,28,0.005277044854881266,0.18819960077621053,"lemonde.fr,lefigaro.fr,franceinfo.fr,liberation.fr,ouest-france.fr"
FR,France,2024-09-01T00:00:00Z,2024-10-01T00:00:00Z,7292,60,0.008228195282501372,-1.1320152969313972,71,0.009736697750959956,-1.1885869129978366,"lemonde.fr,lefigaro.fr,franceinfo.fr,liberation.fr,ouest-france.fr"
FR,France,2024-10-01T00:00:00Z,2024-11-01T00:00:00Z,7971,57,0.007150922092585623,-1.1079206765896175,78,0.00978547233722243,-1.3951569388068497,"lemonde.fr,lefigaro.fr,franceinfo.fr,liberation.fr,ouest-france.fr"
FR,France,2024-11-01T00:00:00Z,2024-12-01T00:00:00Z,8748,40,0.004572473708276178,-0.38513512113973525,58,0.006630086877000457,-0.8220272601168683,"lemonde.fr,lefigaro.fr,franceinfo.fr,liberation.fr,ouest-france.fr"
FR,France,2024-12-01T00:00:00Z,2025-01-01T00:00:00Z,6272,29,0.004623724489795918,-2.1884059691853213,38,0.006058673469387755,-2.220581067322933,"lemonde.fr,lefigaro.fr,franceinfo.fr,liberation.fr,ouest-france.fr"
FR,France,2025-01-01T00:00:00Z,2025-02-01T00:00:00Z,5467,66,0.012072434607645875,-2.209378063694716,69,0.012621181635266142,-2.1604531327553467,"lemonde.fr,lefigaro.fr,franceinfo.fr,liberation.fr,ouest-france.fr"
FR,France,2025-02-01T00:00:00Z,2025-03-01T00:00:00Z,4793,41,0.008554141456290423,-1.6642719663357428,47,0.009805967035259754,-1.658780621766245,"lemonde.fr,lefigaro.fr,franceinfo.fr,liberation.fr,ouest-france.fr"
FR,France,2025-03-01T00:00:00Z,2025-04-01T00:00:00Z,5331,44,0.008253610954792722,-2.757792077630314,48,0.009003939223410242,-2.7995933564683613,"lemonde.fr,lefigaro.fr,franceinfo.fr,liberation.fr,ouest-france.fr"
FR,France,2025-04-01T00:00:00Z,2025-05-01T00:00:00Z,4915,30,0.006103763987792472,-1.1345726114352253,50,0.01017293997965412,-1.4585113335060713,"lemonde.fr,lefigaro.fr,franceinfo.fr,liberation.fr,ouest-france.fr"
FR,France,2025-05-01T00:00:00Z,2025-06-01T00:00:00Z,8034,48,0.00597460791635549,-0.7696797481419803,51,0.006348020911127707,-0.7836838678705844,"lemonde.fr,lefigaro.fr,franceinfo.fr,liberation.fr,ouest-france.fr"
FR,France,2025-06-01T00:00:00Z,2025-07-01T00:00:00Z,4104,23,0.005604288499025341,-0.08781945719722037,26,0.006335282651072124,-0.36327435359578586,"lemonde.fr,lefigaro.fr,franceinfo.fr,liberation.fr,ouest-france.fr"
FR,France,2025-07-01T00:00:00Z,2025-08-01T00:00:00Z,8904,50,0.005615453728661276,-1.0580042715637692,56,0.006289308176100629,-1.0864096906676033,"lemonde.fr,lefigaro.fr,franceinfo.fr,liberation.fr,ouest-france.fr"
FR,France,2025-08-01T00:00:00Z,2025-09-01T00:00:00Z,7624,34,0.004459601259181532,-0.3064511507144567,41,0.005377754459601259,-0.606774727792496,"lemonde.fr,lefigaro.fr,franceinfo.fr,liberation.fr,ouest-france.fr"
FR,France,2025-09-01T00:00:00Z,2025-10-01T00:00:00Z,10284,106,0.010307273434461299,-1.9784340150633148,111,0.010793465577596266,-1.919250558953872,"lemonde.fr,lefigaro.fr,franceinfo.fr,liberation.fr,ouest-france.fr"
FR,France,2025-10-01T00:00:00Z,2025-11-01T00:00:00Z,11054,79,0.007146734213859237,-1.8849891003929382,84,0.007599059164103492,-1.8570975034498387,"lemonde.fr,lefigaro.fr,franceinfo.fr,liberation.fr,ouest-france.fr"
FR,France,2025-11-01T00:00:00Z,2025-12-01T00:00:00Z,10423,67,0.0064280917202340975,-2.547689458442325,72,0.006907800057565001,-2.465538827944841,"lemonde.fr,lefigaro.fr,franceinfo.fr,liberation.fr,ouest-france.fr"
FR,France,2025-12-01T00:00:00Z,2026-01-01T00:00:00Z,10181,76,0.0074648855711619685,-0.7435986509040128,89,0.008741773892544937,-1.1020762818026406,"lemonde.fr,lefigaro.fr,franceinfo.fr,liberation.fr,ouest-france.fr"
FR,France,2026-01-01T00:00:00Z,2026-02-01T00:00:00Z,9689,96,0.009908143255237898,-1.1543110676821826,110,0.011353080813293425,-1.357705771014465,"lemonde.fr,lefigaro.fr,franceinfo.fr,liberation.fr,ouest-france.fr"
FR,France,2026-02-01T00:00:00Z,2026-03-01T00:00:00Z,9129,78,0.008544199802826159,-1.010940140795413,83,0.009091904918391938,-0.9506637855761397,"lemonde.fr,lefigaro.fr,franceinfo.fr,liberation.fr,ouest-france.fr"
FR,France,2026-03-01T00:00:00Z,2026-04-01T00:00:00Z,3760,33,0.008776595744680852,-2.1372495504184443,38,0.010106382978723405,-2.254417682179331,"lemonde.fr,lefigaro.fr,franceinfo.fr,liberation.fr,ouest-france.fr"
HU,Hungary,2018-06-01T00:00:00Z,2018-07-01T00:00:00Z,9203,50,0.005433010974682169,-1.331985491567616,50,0.005433010974682169,-1.331985491567616,"telex.hu,24.hu,hvg.hu,index.hu,portfolio.hu"
HU,Hungary,2018-07-01T00:00:00Z,2018-08-01T00:00:00Z,8937,80,0.008951549737048226,-1.4087614955792898,80,0.008951549737048226,-1.4087614955792898,"telex.hu,24.hu,hvg.hu,index.hu,portfolio.hu"
HU,Hungary,2018-08-01T00:00:00Z,2018-09-01T00:00:00Z,4181,27,0.006457785218847166,-0.7627408697211514,27,0.006457785218847166,-0.7627408697211514,"telex.hu,24.hu,hvg.hu,index.hu,portfolio.hu"
HU,Hungary,2018-09-01T00:00:00Z,2018-10-01T00:00:00Z,9085,84,0.009246009906439185,-0.3303437745146203,84,0.009246009906439185,-0.3303437745146203,"telex.hu,24.hu,hvg.hu,index.hu,portfolio.hu"
HU,Hungary,2018-10-01T00:00:00Z,2018-11-01T00:00:00Z,9602,74,0.007706727765048948,-0.20760379332989676,74,0.007706727765048948,-0.20760379332989676,"telex.hu,24.hu,hvg.hu,index.hu,portfolio.hu"
HU,Hungary,2018-11-01T00:00:00Z,2018-12-01T00:00:00Z,9451,62,0.006560152364829119,0.1216635855577655,62,0.006560152364829119,0.1216635855577655,"telex.hu,24.hu,hvg.hu,index.hu,portfolio.hu"
HU,Hungary,2018-12-01T00:00:00Z,2019-01-01T00:00:00Z,8408,74,0.008801141769743101,-0.12705281269036575,74,0.008801141769743101,-0.12705281269036575,"telex.hu,24.hu,hvg.hu,index.hu,portfolio.hu"
HU,Hungary,2019-01-01T00:00:00Z,2019-02-01T00:00:00Z,9401,61,0.006488671417934262,-0.45175208069406714,61,0.006488671417934262,-0.45175208069406714,"telex.hu,24.hu,hvg.hu,index.hu,portfolio.hu"
HU,Hungary,2019-02-01T00:00:00Z,2019-03-01T00:00:00Z,8785,119,0.013545816733067729,-0.6296884971559065,119,0.013545816733067729,-0.6296884971559065,"telex.hu,24.hu,hvg.hu,index.hu,portfolio.hu"
HU,Hungary,2019-03-01T00:00:00Z,2019-04-01T00:00:00Z,9481,158,0.016664908764898217,0.19028585950921414,158,0.016664908764898217,0.19028585950921414,"telex.hu,24.hu,hvg.hu,index.hu,portfolio.hu"
HU,Hungary,2019-04-01T00:00:00Z,2019-05-01T00:00:00Z,9172,84,0.009158307893589184,-1.3188214889877619,84,0.009158307893589184,-1.3188214889877619,"telex.hu,24.hu,hvg.hu,index.hu,portfolio.hu"
HU,Hungary,2019-05-01T00:00:00Z,2019-06-01T00:00:00Z,9967,130,0.013043042038727802,-0.021580254545848353,130,0.013043042038727802,-0.021580254545848353,"telex.hu,24.hu,hvg.hu,index.hu,portfolio.hu"
HU,Hungary,2019-06-01T00:00:00Z,2019-07-01T00:00:00Z,9016,80,0.008873114463176575,-0.3623101482976854,80,0.008873114463176575,-0.3623101482976854,"telex.hu,24.hu,hvg.hu,index.hu,portfolio.hu"
HU,Hungary,2019-07-01T00:00:00Z,2019-08-01T00:00:00Z,9403,65,0.006912687440178667,-0.2662067592157083,65,0.006912687440178667,-0.2662067592157083,"telex.hu,24.hu,hvg.hu,index.hu,portfolio.hu"
HU,Hungary,2019-08-01T00:00:00Z,2019-09-01T00:00:00Z,8578,49,0.005712287246444393,-0.7820409981341732,49,0.005712287246444393,-0.7820409981341732,"telex.hu,24.hu,hvg.hu,index.hu,portfolio.hu"
HU,Hungary,2019-09-01T00:00:00Z,2019-10-01T00:00:00Z,9688,75,0.007741535920726672,-0.3483150588959702,75,0.007741535920726672,-0.3483150588959702,"telex.hu,24.hu,hvg.hu,index.hu,portfolio.hu"
HU,Hungary,2019-10-01T00:00:00Z,2019-11-01T00:00:00Z,10098,89,0.008813626460685285,-0.7408866273025215,89,0.008813626460685285,-0.7408866273025215,"telex.hu,24.hu,hvg.hu,index.hu,portfolio.hu"
HU,Hungary,2019-11-01T00:00:00Z,2019-12-01T00:00:00Z,9367,49,0.005231130564748585,-0.629840864892596,49,0.005231130564748585,-0.629840864892596,"telex.hu,24.hu,hvg.hu,index.hu,portfolio.hu"
HU,Hungary,2019-12-01T00:00:00Z,2020-01-01T00:00:00Z,8049,34,0.004224127220772767,-0.5011229214783328,34,0.004224127220772767,-0.5011229214783328,"telex.hu,24.hu,hvg.hu,index.hu,portfolio.hu"
HU,Hungary,2020-01-01T00:00:00Z,2020-02-01T00:00:00Z,9424,33,0.00350169779286927,0.507281522210392,33,0.00350169779286927,0.507281522210392,"telex.hu,24.hu,hvg.hu,index.hu,portfolio.hu"
HU,Hungary,2020-02-01T00:00:00Z,2020-03-01T00:00:00Z,7888,33,0.004183569979716024,-0.5357703995706211,33,0.004183569979716024,-0.5357703995706211,"telex.hu,24.hu,hvg.hu,index.hu,portfolio.hu"
HU,Hungary,2020-03-01T00:00:00Z,2020-04-01T00:00:00Z,5907,20,0.0033858134416793633,-1.2153222932451746,20,0.0033858134416793633,-1.2153222932451746,"telex.hu,24.hu,hvg.hu,index.hu,portfolio.hu"
HU,Hungary,2020-04-01T00:00:00Z,2020-05-01T00:00:00Z,5553,17,0.0030614082477939853,-1.2780024886849886,17,0.0030614082477939853,-1.2780024886849886,"telex.hu,24.hu,hvg.hu,index.hu,portfolio.hu"
HU,Hungary,2020-05-01T00:00:00Z,2020-06-01T00:00:00Z,5383,16,0.002972320267508824,-1.7136007698060558,16,0.002972320267508824,-1.7136007698060558,"telex.hu,24.hu,hvg.hu,index.hu,portfolio.hu"
HU,Hungary,2020-06-01T00:00:00Z,2020-07-01T00:00:00Z,5031,9,0.0017889087656529517,0.679681770010298,9,0.0017889087656529517,0.679681770010298,"telex.hu,24.hu,hvg.hu,index.hu,portfolio.hu"
HU,Hungary,2020-07-01T00:00:00Z,2020-08-01T00:00:00Z,4299,16,0.0037217957664573155,-0.8431240214632991,16,0.0037217957664573155,-0.8431240214632991,"telex.hu,24.hu,hvg.hu,index.hu,portfolio.hu"
HU,Hungary,2020-08-01T00:00:00Z,2020-09-01T00:00:00Z,3986,11,0.0027596588058203713,-1.8393171307996368,11,0.0027596588058203713,-1.8393171307996368,"telex.hu,24.hu,hvg.hu,index.hu,portfolio.hu"
HU,Hungary,2020-09-01T00:00:00Z,2020-10-01T00:00:00Z,4411,14,0.0031738834731353436,-1.7254273360665728,14,0.0031738834731353436,-1.7254273360665728,"telex.hu,24.hu,hvg.hu,index.hu,portfolio.hu"
HU,Hungary,2020-10-01T00:00:00Z,2020-11-01T00:00:00Z,3732,11,0.002947481243301179,-0.8418645887371684,11,0.002947481243301179,-0.8418645887371684,"telex.hu,24.hu,hvg.hu,index.hu,portfolio.hu"
HU,Hungary,2020-11-01T00:00:00Z,2020-12-01T00:00:00Z,3415,6,0.0017569546120058566,-1.67491506870252,6,0.0017569546120058566,-1.67491506870252,"telex.hu,24.hu,hvg.hu,index.hu,portfolio.hu"
HU,Hungary,2020-12-01T00:00:00Z,2021-01-01T00:00:00Z,4640,7,0.0015086206896551724,-1.774798881414784,7,0.0015086206896551724,-1.774798881414784,"telex.hu,24.hu,hvg.hu,index.hu,portfolio.hu"
HU,Hungary,2021-01-01T00:00:00Z,2021-02-01T00:00:00Z,4653,4,0.0008596604341285192,-1.4726095857751162,4,0.0008596604341285192,-1.4726095857751162,"telex.hu,24.hu,hvg.hu,index.hu,portfolio.hu"
HU,Hungary,2021-02-01T00:00:00Z,2021-03-01T00:00:00Z,4808,13,0.0027038269550748754,-1.6006159865831249,13,0.0027038269550748754,-1.6006159865831249,"telex.hu,24.hu,hvg.hu,index.hu,portfolio.hu"
HU,Hungary,2021-03-01T00:00:00Z,2021-04-01T00:00:00Z,5232,17,0.003249235474006116,-1.8070386016103677,17,0.003249235474006116,-1.8070386016103677,"telex.hu,24.hu,hvg.hu,index.hu,portfolio.hu"
HU,Hungary,2021-04-01T00:00:00Z,2021-05-01T00:00:00Z,4758,12,0.0025220680958385876,-1.2827248734552137,12,0.0025220680958385876,-1.2827248734552137,"telex.hu,24.hu,hvg.hu,index.hu,portfolio.hu"
HU,Hungary,2021-05-01T00:00:00Z,2021-06-01T00:00:00Z,5385,11,0.002042711234911792,0.40076454613642354,11,0.002042711234911792,0.40076454613642354,"telex.hu,24.hu,hvg.hu,index.hu,portfolio.hu"
HU,Hungary,2021-06-01T00:00:00Z,2021-07-01T00:00:00Z,5304,20,0.003770739064856712,-1.2640848368128927,20,0.003770739064856712,-1.2640848368128927,"telex.hu,24.hu,hvg.hu,index.hu,portfolio.hu"
HU,Hungary,2021-07-01T00:00:00Z,2021-08-01T00:00:00Z,5139,25,0.004864759680871765,-4.017174805603863,26,0.005059350068106636,-3.930746345511621,"telex.hu,24.hu,hvg.hu,index.hu,portfolio.hu"
HU,Hungary,2021-08-01T00:00:00Z,2021-09-01T00:00:00Z,4531,12,0.0026484219819024497,-0.38561809502972844,12,0.0026484219819024497,-0.38561809502972844,"telex.hu,24.hu,hvg.hu,index.hu,portfolio.hu"
HU,Hungary,2021-09-01T00:00:00Z,2021-10-01T00:00:00Z,5094,16,0.0031409501374165686,-1.7785575402936398,16,0.0031409501374165686,-1.7785575402936398,"telex.hu,24.hu,hvg.hu,index.hu,portfolio.hu"
HU,Hungary,2021-10-01T00:00:00Z,2021-11-01T00:00:00Z,2496,5,0.002003205128205128,-0.25497927408755394,5,0.002003205128205128,-0.25497927408755394,"telex.hu,24.hu,hvg.hu,index.hu,portfolio.hu"
HU,Hungary,2021-11-01T00:00:00Z,2021-12-01T00:00:00Z,2540,4,0.0015748031496062992,-0.323867223544267,4,0.0015748031496062992,-0.323867223544267,"telex.hu,24.hu,hvg.hu,index.hu,portfolio.hu"
HU,Hungary,2021-12-01T00:00:00Z,2022-01-01T00:00:00Z,2462,2,0.0008123476848090983,1.6506784201884,2,0.0008123476848090983,1.6506784201884,"telex.hu,24.hu,hvg.hu,index.hu,portfolio.hu"
HU,Hungary,2022-01-01T00:00:00Z,2022-02-01T00:00:00Z,2416,5,0.0020695364238410598,-1.0828687354696391,5,0.0020695364238410598,-1.0828687354696391,"telex.hu,24.hu,hvg.hu,index.hu,portfolio.hu"
HU,Hungary,2022-02-01T00:00:00Z,2022-03-01T00:00:00Z,2270,8,0.003524229074889868,-0.7672547971142745,8,0.003524229074889868,-0.7672547971142745,"telex.hu,24.hu,hvg.hu,index.hu,portfolio.hu"
HU,Hungary,2022-03-01T00:00:00Z,2022-04-01T00:00:00Z,2739,7,0.002555677254472435,-0.1157576535514673,7,0.002555677254472435,-0.1157576535514673,"telex.hu,24.hu,hvg.hu,index.hu,portfolio.hu"
HU,Hungary,2022-04-01T00:00:00Z,2022-05-01T00:00:00Z,2752,14,0.005087209302325582,-1.830475573869129,14,0.005087209302325582,-1.830475573869129,"telex.hu,24.hu,hvg.hu,index.hu,portfolio.hu"
HU,Hungary,2022-05-01T00:00:00Z,2022-06-01T00:00:00Z,2807,7,0.0024937655860349127,-1.022916821435087,7,0.0024937655860349127,-1.022916821435087,"telex.hu,24.hu,hvg.hu,index.hu,portfolio.hu"
HU,Hungary,2022-06-01T00:00:00Z,2022-07-01T00:00:00Z,2926,9,0.0030758714969241286,-0.3602043832481652,9,0.0030758714969241286,-0.3602043832481652,"telex.hu,24.hu,hvg.hu,index.hu,portfolio.hu"
HU,Hungary,2022-07-01T00:00:00Z,2022-08-01T00:00:00Z,2642,4,0.001514004542013626,-0.7686369292784442,4,0.001514004542013626,-0.7686369292784442,"telex.hu,24.hu,hvg.hu,index.hu,portfolio.hu"
HU,Hungary,2022-08-01T00:00:00Z,2022-09-01T00:00:00Z,2688,9,0.0033482142857142855,-1.862444602902603,9,0.0033482142857142855,-1.862444602902603,"telex.hu,24.hu,hvg.hu,index.hu,portfolio.hu"
HU,Hungary,2022-09-01T00:00:00Z,2022-10-01T00:00:00Z,2818,9,0.00319375443577005,-2.01900264062943,9,0.00319375443577005,-2.01900264062943,"telex.hu,24.hu,hvg.hu,index.hu,portfolio.hu"
HU,Hungary,2022-10-01T00:00:00Z,2022-11-01T00:00:00Z,3010,10,0.0033222591362126247,-1.9518325782587564,10,0.0033222591362126247,-1.9518325782587564,"telex.hu,24.hu,hvg.hu,index.hu,portfolio.hu"
HU,Hungary,2022-11-01T00:00:00Z,2022-12-01T00:00:00Z,3037,9,0.0029634507737899243,1.0133227813749501,9,0.0029634507737899243,1.0133227813749501,"telex.hu,24.hu,hvg.hu,index.hu,portfolio.hu"
HU,Hungary,2022-12-01T00:00:00Z,2023-01-01T00:00:00Z,2974,7,0.0023537323470073975,-0.1608438647314832,7,0.0023537323470073975,-0.1608438647314832,"telex.hu,24.hu,hvg.hu,index.hu,portfolio.hu"
HU,Hungary,2023-01-01T00:00:00Z,2023-02-01T00:00:00Z,2986,6,0.0020093770931011385,-0.5797161539254699,6,0.0020093770931011385,-0.5797161539254699,"telex.hu,24.hu,hvg.hu,index.hu,portfolio.hu"
HU,Hungary,2023-02-01T00:00:00Z,2023-03-01T00:00:00Z,2314,4,0.001728608470181504,0.736113743324885,4,0.001728608470181504,0.736113743324885,"telex.hu,24.hu,hvg.hu,index.hu,portfolio.hu"
HU,Hungary,2023-03-01T00:00:00Z,2023-04-01T00:00:00Z,4951,24,0.004847505554433448,-1.3719448960796035,24,0.004847505554433448,-1.3719448960796035,"telex.hu,24.hu,hvg.hu,index.hu,portfolio.hu"
HU,Hungary,2023-04-01T00:00:00Z,2023-05-01T00:00:00Z,10079,37,0.003670999107054271,-0.12587274604145476,37,0.003670999107054271,-0.12587274604145476,"telex.hu,24.hu,hvg.hu,index.hu,portfolio.hu"
HU,Hungary,2023-05-01T00:00:00Z,2023-06-01T00:00:00Z,8461,40,0.0047275735728637275,0.7344334087251694,40,0.0047275735728637275,0.7344334087251694,"telex.hu,24.hu,hvg.hu,index.hu,portfolio.hu"
HU,Hungary,2023-06-01T00:00:00Z,2023-07-01T00:00:00Z,8283,21,0.0025353132922854038,-0.8203816732053881,21,0.0025353132922854038,-0.8203816732053881,"telex.hu,24.hu,hvg.hu,index.hu,portfolio.hu"
HU,Hungary,2023-07-01T00:00:00Z,2023-08-01T00:00:00Z,7867,22,0.002796491674081607,-1.6085195781707204,22,0.002796491674081607,-1.6085195781707204,"telex.hu,24.hu,hvg.hu,index.hu,portfolio.hu"
HU,Hungary,2023-08-01T00:00:00Z,2023-09-01T00:00:00Z,8045,27,0.003356121814791796,-1.4293505089882448,27,0.003356121814791796,-1.4293505089882448,"telex.hu,24.hu,hvg.hu,index.hu,portfolio.hu"
HU,Hungary,2023-09-01T00:00:00Z,2023-10-01T00:00:00Z,9542,26,0.0027247956403269754,-1.1214337567877146,26,0.0027247956403269754,-1.1214337567877146,"telex.hu,24.hu,hvg.hu,index.hu,portfolio.hu"
HU,Hungary,2023-10-01T00:00:00Z,2023-11-01T00:00:00Z,8997,44,0.0048905190619095255,-0.3734215279319081,44,0.0048905190619095255,-0.3734215279319081,"telex.hu,24.hu,hvg.hu,index.hu,portfolio.hu"
HU,Hungary,2023-11-01T00:00:00Z,2023-12-01T00:00:00Z,8096,20,0.0024703557312252965,-0.29743765353570817,20,0.0024703557312252965,-0.29743765353570817,"telex.hu,24.hu,hvg.hu,index.hu,portfolio.hu"
HU,Hungary,2023-12-01T00:00:00Z,2024-01-01T00:00:00Z,7672,30,0.003910323253388947,-1.208643643746593,30,0.003910323253388947,-1.208643643746593,"telex.hu,24.hu,hvg.hu,index.hu,portfolio.hu"
HU,Hungary,2024-01-01T00:00:00Z,2024-02-01T00:00:00Z,8101,47,0.005801752870016047,-0.11785367388020139,47,0.005801752870016047,-0.11785367388020139,"telex.hu,24.hu,hvg.hu,index.hu,portfolio.hu"
HU,Hungary,2024-02-01T00:00:00Z,2024-03-01T00:00:00Z,7933,49,0.006176730114710702,-1.932295461681427,49,0.006176730114710702,-1.932295461681427,"telex.hu,24.hu,hvg.hu,index.hu,portfolio.hu"
HU,Hungary,2024-03-01T00:00:00Z,2024-04-01T00:00:00Z,8040,43,0.005348258706467662,-0.9088064830708906,43,0.005348258706467662,-0.9088064830708906,"telex.hu,24.hu,hvg.hu,index.hu,portfolio.hu"
HU,Hungary,2024-04-01T00:00:00Z,2024-05-01T00:00:00Z,8146,24,0.0029462312791554137,-0.9753840602069466,24,0.0029462312791554137,-0.9753840602069466,"telex.hu,24.hu,hvg.hu,index.hu,portfolio.hu"
HU,Hungary,2024-05-01T00:00:00Z,2024-06-01T00:00:00Z,8342,36,0.004315511867657636,-0.5210137744168492,36,0.004315511867657636,-0.5210137744168492,"telex.hu,24.hu,hvg.hu,index.hu,portfolio.hu"
HU,Hungary,2024-06-01T00:00:00Z,2024-07-01T00:00:00Z,8002,31,0.003874031492126968,-1.7642809999471265,31,0.003874031492126968,-1.7642809999471265,"telex.hu,24.hu,hvg.hu,index.hu,portfolio.hu"
HU,Hungary,2024-07-01T00:00:00Z,2024-08-01T00:00:00Z,7850,24,0.003057324840764331,-2.205987978870956,24,0.003057324840764331,-2.205987978870956,"telex.hu,24.hu,hvg.hu,index.hu,portfolio.hu"
HU,Hungary,2024-08-01T00:00:00Z,2024-09-01T00:00:00Z,7333,15,0.002045547524887495,-1.9726846408315852,15,0.002045547524887495,-1.9726846408315852,"telex.hu,24.hu,hvg.hu,index.hu,portfolio.hu"
HU,Hungary,2024-09-01T00:00:00Z,2024-10-01T00:00:00Z,8246,23,0.002789231142372059,-2.1183609625363586,24,0.002910502061605627,-2.0796499363058003,"telex.hu,24.hu,hvg.hu,index.hu,portfolio.hu"
HU,Hungary,2024-10-01T00:00:00Z,2024-11-01T00:00:00Z,8741,18,0.002059260954124242,-1.0673966143132683,18,0.002059260954124242,-1.0673966143132683,"telex.hu,24.hu,hvg.hu,index.hu,portfolio.hu"
HU,Hungary,2024-11-01T00:00:00Z,2024-12-01T00:00:00Z,8642,18,0.0020828511918537375,-0.897730686541936,18,0.0020828511918537375,-0.897730686541936,"telex.hu,24.hu,hvg.hu,index.hu,portfolio.hu"
HU,Hungary,2024-12-01T00:00:00Z,2025-01-01T00:00:00Z,7783,17,0.0021842477193884107,-0.6978719246019538,17,0.0021842477193884107,-0.6978719246019538,"telex.hu,24.hu,hvg.hu,index.hu,portfolio.hu"
HU,Hungary,2025-01-01T00:00:00Z,2025-02-01T00:00:00Z,8488,29,0.0034165881244109333,-1.076280951440774,29,0.0034165881244109333,-1.076280951440774,"telex.hu,24.hu,hvg.hu,index.hu,portfolio.hu"
HU,Hungary,2025-02-01T00:00:00Z,2025-03-01T00:00:00Z,8300,22,0.002650602409638554,-0.23480353852763058,22,0.002650602409638554,-0.23480353852763058,"telex.hu,24.hu,hvg.hu,index.hu,portfolio.hu"
HU,Hungary,2025-03-01T00:00:00Z,2025-04-01T00:00:00Z,9305,30,0.0032240730789897904,-0.32363410618704763,30,0.0032240730789897904,-0.32363410618704763,"telex.hu,24.hu,hvg.hu,index.hu,portfolio.hu"
HU,Hungary,2025-04-01T00:00:00Z,2025-05-01T00:00:00Z,9009,49,0.005439005439005439,-1.8660341086871353,49,0.005439005439005439,-1.8660341086871353,"telex.hu,24.hu,hvg.hu,index.hu,portfolio.hu"
HU,Hungary,2025-05-01T00:00:00Z,2025-06-01T00:00:00Z,8951,32,0.003575019550888169,-0.8246188781738357,32,0.003575019550888169,-0.8246188781738357,"telex.hu,24.hu,hvg.hu,index.hu,portfolio.hu"
HU,Hungary,2025-06-01T00:00:00Z,2025-07-01T00:00:00Z,4008,19,0.004740518962075849,-1.754115854984135,19,0.004740518962075849,-1.754115854984135,"telex.hu,24.hu,hvg.hu,index.hu,portfolio.hu"
HU,Hungary,2025-07-01T00:00:00Z,2025-08-01T00:00:00Z,6975,18,0.0025806451612903226,-1.6900334541520743,18,0.0025806451612903226,-1.6900334541520743,"telex.hu,24.hu,hvg.hu,index.hu,portfolio.hu"
HU,Hungary,2025-08-01T00:00:00Z,2025-09-01T00:00:00Z,6389,22,0.003443418375332603,-0.8330963718316969,22,0.003443418375332603,-0.8330963718316969,"telex.hu,24.hu,hvg.hu,index.hu,portfolio.hu"
HU,Hungary,2025-09-01T00:00:00Z,2025-10-01T00:00:00Z,7145,23,0.003219034289713086,0.589585673620418,24,0.0033589923023093072,0.5155974627670128,"telex.hu,24.hu,hvg.hu,index.hu,portfolio.hu"
HU,Hungary,2025-10-01T00:00:00Z,2025-11-01T00:00:00Z,7149,19,0.002657714365645545,-0.6313366048763306,19,0.002657714365645545,-0.6313366048763306,"telex.hu,24.hu,hvg.hu,index.hu,portfolio.hu"
HU,Hungary,2025-11-01T00:00:00Z,2025-12-01T00:00:00Z,6863,23,0.00335130409441935,-1.1599341154468514,23,0.00335130409441935,-1.1599341154468514,"telex.hu,24.hu,hvg.hu,index.hu,portfolio.hu"
HU,Hungary,2025-12-01T00:00:00Z,2026-01-01T00:00:00Z,6169,30,0.004863024801426487,-1.526772319566885,30,0.004863024801426487,-1.526772319566885,"telex.hu,24.hu,hvg.hu,index.hu,portfolio.hu"
HU,Hungary,2026-01-01T00:00:00Z,2026-02-01T00:00:00Z,6264,27,0.004310344827586207,-2.1105211996512385,27,0.004310344827586207,-2.1105211996512385,"telex.hu,24.hu,hvg.hu,index.hu,portfolio.hu"
HU,Hungary,2026-02-01T00:00:00Z,2026-03-01T00:00:00Z,5761,32,0.0055545912168026386,0.2117940397336882,32,0.0055545912168026386,0.2117940397336882,"telex.hu,24.hu,hvg.hu,index.hu,portfolio.hu"
HU,Hungary,2026-03-01T00:00:00Z,2026-04-01T00:00:00Z,2477,18,0.0072668550666128385,-1.5803486804677924,18,0.0072668550666128385,-1.5803486804677924,"telex.hu,24.hu,hvg.hu,index.hu,portfolio.hu"
IS,Iceland,2018-06-01T00:00:00Z,2018-07-01T00:00:00Z,9287,10,0.001076773985140519,0.22258423848211728,10,0.001076773985140519,0.22258423848211728,"ruv.is,mbl.is,visir.is,dv.is,stundin.is"
IS,Iceland,2018-07-01T00:00:00Z,2018-08-01T00:00:00Z,7060,11,0.0015580736543909348,0.2341384485129132,11,0.0015580736543909348,0.2341384485129132,"ruv.is,mbl.is,visir.is,dv.is,stundin.is"
IS,Iceland,2018-08-01T00:00:00Z,2018-09-01T00:00:00Z,5845,6,0.001026518391787853,-0.6927983842992037,6,0.001026518391787853,-0.6927983842992037,"ruv.is,mbl.is,visir.is,dv.is,stundin.is"
IS,Iceland,2018-09-01T00:00:00Z,2018-10-01T00:00:00Z,6301,1,0.00015870496746548166,2.63504611330698,1,0.00015870496746548166,2.63504611330698,"ruv.is,mbl.is,visir.is,dv.is,stundin.is"
IS,Iceland,2018-10-01T00:00:00Z,2018-11-01T00:00:00Z,7236,6,0.0008291873963515755,0.16107187525215405,6,0.0008291873963515755,0.16107187525215405,"ruv.is,mbl.is,visir.is,dv.is,stundin.is"
IS,Iceland,2018-11-01T00:00:00Z,2018-12-01T00:00:00Z,7854,6,0.0007639419404125286,1.158924959884824,6,0.0007639419404125286,1.158924959884824,"ruv.is,mbl.is,visir.is,dv.is,stundin.is"
IS,Iceland,2018-12-01T00:00:00Z,2019-01-01T00:00:00Z,6845,5,0.0007304601899196494,1.7977443371083242,5,0.0007304601899196494,1.7977443371083242,"ruv.is,mbl.is,visir.is,dv.is,stundin.is"
IS,Iceland,2019-01-01T00:00:00Z,2019-02-01T00:00:00Z,6535,9,0.0013771996939556236,0.5882104859277351,9,0.0013771996939556236,0.5882104859277351,"ruv.is,mbl.is,visir.is,dv.is,stundin.is"
IS,Iceland,2019-02-01T00:00:00Z,2019-03-01T00:00:00Z,6441,7,0.001086787765874864,0.6076638276068372,7,0.001086787765874864,0.6076638276068372,"ruv.is,mbl.is,visir.is,dv.is,stundin.is"
IS,Iceland,2019-03-01T00:00:00Z,2019-04-01T00:00:00Z,6123,5,0.0008165931732810714,0.02606911959277214,5,0.0008165931732810714,0.02606911959277214,"ruv.is,mbl.is,visir.is,dv.is,stundin.is"
IS,Iceland,2019-04-01T00:00:00Z,2019-05-01T00:00:00Z,3628,4,0.0011025358324145535,1.0885773853004599,4,0.0011025358324145535,1.0885773853004599,"ruv.is,mbl.is,visir.is,dv.is,stundin.is"
IS,Iceland,2019-05-01T00:00:00Z,2019-06-01T00:00:00Z,4077,6,0.0014716703458425313,-1.1204467383708772,6,0.0014716703458425313,-1.1204467383708772,"ruv.is,mbl.is,visir.is,dv.is,stundin.is"
IS,Iceland,2019-06-01T00:00:00Z,2019-07-01T00:00:00Z,4564,2,0.00043821209465381246,1.5144650288629324,2,0.00043821209465381246,1.5144650288629324,"ruv.is,mbl.is,visir.is,dv.is,stundin.is"
IS,Iceland,2019-07-01T00:00:00Z,2019-08-01T00:00:00Z,4000,1,0.00025,0.492610837438424,1,0.00025,0.492610837438424,"ruv.is,mbl.is,visir.is,dv.is,stundin.is"
IS,Iceland,2019-08-01T00:00:00Z,2019-09-01T00:00:00Z,3818,1,0.00026191723415400735,-0.540540540540541,1,0.00026191723415400735,-0.540540540540541,"ruv.is,mbl.is,visir.is,dv.is,stundin.is"
IS,Iceland,2019-09-01T00:00:00Z,2019-10-01T00:00:00Z,4516,4,0.0008857395925597874,0.7236738012752232,4,0.0008857395925597874,0.7236738012752232,"ruv.is,mbl.is,visir.is,dv.is,stundin.is"
IS,Iceland,2019-10-01T00:00:00Z,2019-11-01T00:00:00Z,4609,12,0.002603601648947711,-1.9319302034759855,12,0.002603601648947711,-1.9319302034759855,"ruv.is,mbl.is,visir.is,dv.is,stundin.is"
IS,Iceland,2019-11-01T00:00:00Z,2019-12-01T00:00:00Z,4565,4,0.0008762322015334064,0.01055945801130953,4,0.0008762322015334064,0.01055945801130953,"ruv.is,mbl.is,visir.is,dv.is,stundin.is"
IS,Iceland,2019-12-01T00:00:00Z,2020-01-01T00:00:00Z,4302,1,0.00023245002324500232,0.578034682080925,1,0.00023245002324500232,0.578034682080925,"ruv.is,mbl.is,visir.is,dv.is,stundin.is"
IS,Iceland,2020-01-01T00:00:00Z,2020-02-01T00:00:00Z,4363,4,0.0009168003667201467,0.7179688938121587,4,0.0009168003667201467,0.7179688938121587,"ruv.is,mbl.is,visir.is,dv.is,stundin.is"
IS,Iceland,2020-02-01T00:00:00Z,2020-03-01T00:00:00Z,4042,1,0.00024740227610094015,1.61943319838057,1,0.00024740227610094015,1.61943319838057,"ruv.is,mbl.is,visir.is,dv.is,stundin.is"
IS,Iceland,2020-03-01T00:00:00Z,2020-04-01T00:00:00Z,4375,3,0.0006857142857142857,1.2043273144385194,3,0.0006857142857142857,1.2043273144385194,"ruv.is,mbl.is,visir.is,dv.is,stundin.is"
IS,Iceland,2020-04-01T00:00:00Z,2020-05-01T00:00:00Z,4074,2,0.0004909180166912126,0.742014994351443,2,0.0004909180166912126,0.742014994351443,"ruv.is,mbl.is,visir.is,dv.is,stundin.is"
IS,Iceland,2020-05-01T00:00:00Z,2020-06-01T00:00:00Z,4277,1,0.00023380874444704232,-4.31372549019608,1,0.00023380874444704232,-4.31372549019608,"ruv.is,mbl.is,visir.is,dv.is,stundin.is"
IS,Iceland,2020-06-01T00:00:00Z,2020-07-01T00:00:00Z,4155,5,0.0012033694344163659,-0.8088407979131534,5,0.0012033694344163659,-0.8088407979131534,"ruv.is,mbl.is,visir.is,dv.is,stundin.is"
IS,Iceland,2020-07-01T00:00:00Z,2020-08-01T00:00:00Z,3516,1,0.0002844141069397042,-2.29885057471264,1,0.0002844141069397042,-2.29885057471264,"ruv.is,mbl.is,visir.is,dv.is,stundin.is"
IS,Iceland,2020-08-01T00:00:00Z,2020-09-01T00:00:00Z,3454,2,0.0005790387955993051,1.4621458537244465,2,0.0005790387955993051,1.4621458537244465,"ruv.is,mbl.is,visir.is,dv.is,stundin.is"
IS,Iceland,2020-09-01T00:00:00Z,2020-10-01T00:00:00Z,3864,4,0.0010351966873706005,1.925730073277025,4,0.0010351966873706005,1.925730073277025,"ruv.is,mbl.is,visir.is,dv.is,stundin.is"
IS,Iceland,2020-10-01T00:00:00Z,2020-11-01T00:00:00Z,2875,5,0.0017391304347826088,2.2817031410336512,5,0.0017391304347826088,2.2817031410336512,"ruv.is,mbl.is,visir.is,dv.is,stundin.is"
IS,Iceland,2020-11-01T00:00:00Z,2020-12-01T00:00:00Z,3229,5,0.001548467017652524,1.725731066574208,5,0.001548467017652524,1.725731066574208,"ruv.is,mbl.is,visir.is,dv.is,stundin.is"
IS,Iceland,2020-12-01T00:00:00Z,2021-01-01T00:00:00Z,5404,2,0.0003700962250185048,-5.310747983043894,2,0.0003700962250185048,-5.310747983043894,"ruv.is,mbl.is,visir.is,dv.is,stundin.is"
IS,Iceland,2021-01-01T00:00:00Z,2021-02-01T00:00:00Z,5396,1,0.00018532246108228317,1.92926045016077,1,0.00018532246108228317,1.92926045016077,"ruv.is,mbl.is,visir.is,dv.is,stundin.is"
IS,Iceland,2021-02-01T00:00:00Z,2021-03-01T00:00:00Z,5256,5,0.0009512937595129375,1.486292007116507,5,0.0009512937595129375,1.486292007116507,"ruv.is,mbl.is,visir.is,dv.is,stundin.is"
IS,Iceland,2021-03-01T00:00:00Z,2021-04-01T00:00:00Z,5765,2,0.0003469210754553339,1.1579059704678198,2,0.0003469210754553339,1.1579059704678198,"ruv.is,mbl.is,visir.is,dv.is,stundin.is"
IS,Iceland,2021-04-01T00:00:00Z,2021-05-01T00:00:00Z,5308,9,0.0016955538809344385,0.4124979089625369,9,0.0016955538809344385,0.4124979089625369,"ruv.is,mbl.is,visir.is,dv.is,stundin.is"
IS,Iceland,2021-05-01T00:00:00Z,2021-06-01T00:00:00Z,5811,1,0.00017208742040956807,2.23880597014925,1,0.00017208742040956807,2.23880597014925,"ruv.is,mbl.is,visir.is,dv.is,stundin.is"
IS,Iceland,2021-06-01T00:00:00Z,2021-07-01T00:00:00Z,5571,3,0.0005385029617662897,0.8114643764609131,3,0.0005385029617662897,0.8114643764609131,"ruv.is,mbl.is,visir.is,dv.is,stundin.is"
IS,Iceland,2021-07-01T00:00:00Z,2021-08-01T00:00:00Z,5156,4,0.0007757951900698216,-1.2849251163627262,4,0.0007757951900698216,-1.2849251163627262,"ruv.is,mbl.is,visir.is,dv.is,stundin.is"
IS,Iceland,2021-08-01T00:00:00Z,2021-09-01T00:00:00Z,4619,1,0.00021649707728945658,-1.03092783505155,1,0.00021649707728945658,-1.03092783505155,"ruv.is,mbl.is,visir.is,dv.is,stundin.is"
IS,Iceland,2021-09-01T00:00:00Z,2021-10-01T00:00:00Z,5522,6,0.0010865628395508873,-1.0230413049571259,6,0.0010865628395508873,-1.0230413049571259,"ruv.is,mbl.is,visir.is,dv.is,stundin.is"
IS,Iceland,2021-10-01T00:00:00Z,2021-11-01T00:00:00Z,5705,5,0.0008764241893076249,1.786574434890056,5,0.0008764241893076249,1.786574434890056,"ruv.is,mbl.is,visir.is,dv.is,stundin.is"
IS,Iceland,2021-11-01T00:00:00Z,2021-12-01T00:00:00Z,5504,4,0.0007267441860465116,0.29844723076604496,4,0.0007267441860465116,0.29844723076604496,"ruv.is,mbl.is,visir.is,dv.is,stundin.is"
IS,Iceland,2021-12-01T00:00:00Z,2022-01-01T00:00:00Z,5602,4,0.0007140307033202428,-1.1213182453758574,4,0.0007140307033202428,-1.1213182453758574,"ruv.is,mbl.is,visir.is,dv.is,stundin.is"
IS,Iceland,2022-01-01T00:00:00Z,2022-02-01T00:00:00Z,5474,2,0.00036536353671903543,-1.0724323946858476,2,0.00036536353671903543,-1.0724323946858476,"ruv.is,mbl.is,visir.is,dv.is,stundin.is"
IS,Iceland,2022-02-01T00:00:00Z,2022-03-01T00:00:00Z,4756,2,0.00042052144659377626,1.92351280732867,2,0.00042052144659377626,1.92351280732867,"ruv.is,mbl.is,visir.is,dv.is,stundin.is"
IS,Iceland,2022-03-01T00:00:00Z,2022-04-01T00:00:00Z,5273,5,0.0009482268158543523,0.7599458281009921,5,0.0009482268158543523,0.7599458281009921,"ruv.is,mbl.is,visir.is,dv.is,stundin.is"
IS,Iceland,2022-04-01T00:00:00Z,2022-05-01T00:00:00Z,4711,5,0.0010613457864572277,0.9728657979704307,5,0.0010613457864572277,0.9728657979704307,"ruv.is,mbl.is,visir.is,dv.is,stundin.is"
IS,Iceland,2022-05-01T00:00:00Z,2022-06-01T00:00:00Z,5446,5,0.000918105031215571,0.09532613144013735,5,0.000918105031215571,0.09532613144013735,"ruv.is,mbl.is,visir.is,dv.is,stundin.is"
IS,Iceland,2022-06-01T00:00:00Z,2022-07-01T00:00:00Z,4787,2,0.0004177982034677251,0.5897938443670145,2,0.0004177982034677251,0.5897938443670145,"ruv.is,mbl.is,visir.is,dv.is,stundin.is"
IS,Iceland,2022-07-01T00:00:00Z,2022-08-01T00:00:00Z,4545,2,0.00044004400440044003,0.5585772252438909,2,0.00044004400440044003,0.5585772252438909,"ruv.is,mbl.is,visir.is,dv.is,stundin.is"
IS,Iceland,2022-08-01T00:00:00Z,2022-09-01T00:00:00Z,4965,1,0.0002014098690835851,-0.458715596330275,1,0.0002014098690835851,-0.458715596330275,"ruv.is,mbl.is,visir.is,dv.is,stundin.is"
IS,Iceland,2022-09-01T00:00:00Z,2022-10-01T00:00:00Z,4964,2,0.00040290088638195,-3.18220219656435,2,0.00040290088638195,-3.18220219656435,"ruv.is,mbl.is,visir.is,dv.is,stundin.is"
IS,Iceland,2022-10-01T00:00:00Z,2022-11-01T00:00:00Z,5035,4,0.0007944389275074479,-1.9248086379381324,4,0.0007944389275074479,-1.9248086379381324,"ruv.is,mbl.is,visir.is,dv.is,stundin.is"
IS,Iceland,2022-11-01T00:00:00Z,2022-12-01T00:00:00Z,4588,2,0.00043591979075850045,-0.11214416381807651,2,0.00043591979075850045,-0.11214416381807651,"ruv.is,mbl.is,visir.is,dv.is,stundin.is"
IS,Iceland,2022-12-01T00:00:00Z,2023-01-01T00:00:00Z,4336,2,0.00046125461254612545,-2.6170070677277497,2,0.00046125461254612545,-2.6170070677277497,"ruv.is,mbl.is,visir.is,dv.is,stundin.is"
IS,Iceland,2023-01-01T00:00:00Z,2023-02-01T00:00:00Z,3940,4,0.0010152284263959391,0.7564105265258616,4,0.0010152284263959391,0.7564105265258616,"ruv.is,mbl.is,visir.is,dv.is,stundin.is"
IS,Iceland,2023-02-01T00:00:00Z,2023-03-01T00:00:00Z,3438,5,0.0014543339150668994,-0.1635190720694918,5,0.0014543339150668994,-0.1635190720694918,"ruv.is,mbl.is,visir.is,dv.is,stundin.is"
IS,Iceland,2023-03-01T00:00:00Z,2023-04-01T00:00:00Z,4475,6,0.001340782122905028,0.410141168586355,6,0.001340782122905028,0.410141168586355,"ruv.is,mbl.is,visir.is,dv.is,stundin.is"
IS,Iceland,2023-04-01T00:00:00Z,2023-05-01T00:00:00Z,5834,4,0.0006856359273225917,-1.8152370462159828,4,0.0006856359273225917,-1.8152370462159828,"ruv.is,mbl.is,visir.is,dv.is,stundin.is"
IS,Iceland,2023-05-01T00:00:00Z,2023-06-01T00:00:00Z,6452,9,0.0013949163050216986,0.40061264517566053,9,0.0013949163050216986,0.40061264517566053,"ruv.is,mbl.is,visir.is,dv.is,stundin.is"
IS,Iceland,2023-06-01T00:00:00Z,2023-07-01T00:00:00Z,6493,5,0.0007700600646850454,0.11131236041992723,5,0.0007700600646850454,0.11131236041992723,"ruv.is,mbl.is,visir.is,dv.is,stundin.is"
IS,Iceland,2023-07-01T00:00:00Z,2023-08-01T00:00:00Z,6569,5,0.0007611508601004719,0.36279057615717647,5,0.0007611508601004719,0.36279057615717647,"ruv.is,mbl.is,visir.is,dv.is,stundin.is"
IS,Iceland,2023-08-01T00:00:00Z,2023-09-01T00:00:00Z,6520,2,0.00030674846625766873,1.1108714408973246,2,0.00030674846625766873,1.1108714408973246,"ruv.is,mbl.is,visir.is,dv.is,stundin.is"
IS,Iceland,2023-09-01T00:00:00Z,2023-10-01T00:00:00Z,6774,0,0.0,,0,0.0,,"ruv.is,mbl.is,visir.is,dv.is,stundin.is"
IS,Iceland,2023-10-01T00:00:00Z,2023-11-01T00:00:00Z,7449,8,0.0010739696603570949,-0.43760457733876124,8,0.0010739696603570949,-0.43760457733876124,"ruv.is,mbl.is,visir.is,dv.is,stundin.is"
IS,Iceland,2023-11-01T00:00:00Z,2023-12-01T00:00:00Z,8034,6,0.0007468259895444362,0.9092618137840249,6,0.0007468259895444362,0.9092618137840249,"ruv.is,mbl.is,visir.is,dv.is,stundin.is"
IS,Iceland,2023-12-01T00:00:00Z,2024-01-01T00:00:00Z,7669,6,0.0007823705828660843,2.3716712659057384,6,0.0007823705828660843,2.3716712659057384,"ruv.is,mbl.is,visir.is,dv.is,stundin.is"
IS,Iceland,2024-01-01T00:00:00Z,2024-02-01T00:00:00Z,8763,8,0.0009129293620906082,2.358888312105803,8,0.0009129293620906082,2.358888312105803,"ruv.is,mbl.is,visir.is,dv.is,stundin.is"
IS,Iceland,2024-02-01T00:00:00Z,2024-03-01T00:00:00Z,8475,7,0.0008259587020648968,1.1953201734946168,7,0.0008259587020648968,1.1953201734946168,"ruv.is,mbl.is,visir.is,dv.is,stundin.is"
IS,Iceland,2024-03-01T00:00:00Z,2024-04-01T00:00:00Z,8673,2,0.00023060071486221607,-0.01906470786139014,2,0.00023060071486221607,-0.01906470786139014,"ruv.is,mbl.is,visir.is,dv.is,stundin.is"
IS,Iceland,2024-04-01T00:00:00Z,2024-05-01T00:00:00Z,8549,4,0.0004678909814013335,0.6661386572900377,4,0.0004678909814013335,0.6661386572900377,"ruv.is,mbl.is,visir.is,dv.is,stundin.is"
IS,Iceland,2024-05-01T00:00:00Z,2024-06-01T00:00:00Z,9310,6,0.0006444683136412459,-0.45953020002746303,6,0.0006444683136412459,-0.45953020002746303,"ruv.is,mbl.is,visir.is,dv.is,stundin.is"
IS,Iceland,2024-06-01T00:00:00Z,2024-07-01T00:00:00Z,8239,11,0.0013351134846461949,2.87579825011134,11,0.0013351134846461949,2.87579825011134,"ruv.is,mbl.is,visir.is,dv.is,stundin.is"
IS,Iceland,2024-07-01T00:00:00Z,2024-08-01T00:00:00Z,7362,10,0.0013583265417006249,-0.6411707258567844,10,0.0013583265417006249,-0.6411707258567844,"ruv.is,mbl.is,visir.is,dv.is,stundin.is"
IS,Iceland,2024-08-01T00:00:00Z,2024-09-01T00:00:00Z,7528,14,0.0018597236981934113,0.15255960251654505,14,0.0018597236981934113,0.15255960251654505,"ruv.is,mbl.is,visir.is,dv.is,stundin.is"
IS,Iceland,2024-09-01T00:00:00Z,2024-10-01T00:00:00Z,8056,8,0.0009930486593843098,-0.2418444053540152,8,0.0009930486593843098,-0.2418444053540152,"ruv.is,mbl.is,visir.is,dv.is,stundin.is"
IS,Iceland,2024-10-01T00:00:00Z,2024-11-01T00:00:00Z,9062,6,0.0006621054954756124,2.5809228300671125,6,0.0006621054954756124,2.5809228300671125,"ruv.is,mbl.is,visir.is,dv.is,stundin.is"
IS,Iceland,2024-11-01T00:00:00Z,2024-12-01T00:00:00Z,9275,3,0.00032345013477088946,-0.9515605167779064,3,0.00032345013477088946,-0.9515605167779064,"ruv.is,mbl.is,visir.is,dv.is,stundin.is"
IS,Iceland,2024-12-01T00:00:00Z,2025-01-01T00:00:00Z,7942,1,0.00012591286829513975,1.12359550561798,1,0.00012591286829513975,1.12359550561798,"ruv.is,mbl.is,visir.is,dv.is,stundin.is"
IS,Iceland,2025-01-01T00:00:00Z,2025-02-01T00:00:00Z,7818,4,0.0005116398055768739,-1.0231578872204372,4,0.0005116398055768739,-1.0231578872204372,"ruv.is,mbl.is,visir.is,dv.is,stundin.is"
IS,Iceland,2025-02-01T00:00:00Z,2025-03-01T00:00:00Z,7441,5,0.0006719526945303051,-0.08378416046123538,5,0.0006719526945303051,-0.08378416046123538,"ruv.is,mbl.is,visir.is,dv.is,stundin.is"
IS,Iceland,2025-03-01T00:00:00Z,2025-04-01T00:00:00Z,7909,4,0.0005057529396889619,0.7879087246242045,4,0.0005057529396889619,0.7879087246242045,"ruv.is,mbl.is,visir.is,dv.is,stundin.is"
IS,Iceland,2025-04-01T00:00:00Z,2025-05-01T00:00:00Z,7250,3,0.00041379310344827585,-1.2473986793272536,3,0.00041379310344827585,-1.2473986793272536,"ruv.is,mbl.is,visir.is,dv.is,stundin.is"
IS,Iceland,2025-05-01T00:00:00Z,2025-06-01T00:00:00Z,8012,10,0.0012481278082875687,1.7452523272453555,10,0.0012481278082875687,1.7452523272453555,"ruv.is,mbl.is,visir.is,dv.is,stundin.is"
IS,Iceland,2025-06-01T00:00:00Z,2025-07-01T00:00:00Z,3620,2,0.0005524861878453039,0.7617161716171614,2,0.0005524861878453039,0.7617161716171614,"ruv.is,mbl.is,visir.is,dv.is,stundin.is"
IS,Iceland,2025-07-01T00:00:00Z,2025-08-01T00:00:00Z,6818,6,0.0008800234672924611,2.6183625070702403,6,0.0008800234672924611,2.6183625070702403,"ruv.is,mbl.is,visir.is,dv.is,stundin.is"
IS,Iceland,2025-08-01T00:00:00Z,2025-09-01T00:00:00Z,7207,6,0.0008325239350631331,0.2766632308076431,6,0.0008325239350631331,0.2766632308076431,"ruv.is,mbl.is,visir.is,dv.is,stundin.is"
IS,Iceland,2025-09-01T00:00:00Z,2025-10-01T00:00:00Z,8169,5,0.0006120700208103807,1.3666964791916918,5,0.0006120700208103807,1.3666964791916918,"ruv.is,mbl.is,visir.is,dv.is,stundin.is"
IS,Iceland,2025-10-01T00:00:00Z,2025-11-01T00:00:00Z,8755,5,0.0005711022272986865,2.098475933778884,5,0.0005711022272986865,2.098475933778884,"ruv.is,mbl.is,visir.is,dv.is,stundin.is"
IS,Iceland,2025-11-01T00:00:00Z,2025-12-01T00:00:00Z,7983,9,0.0011273957158962795,0.44931788912791226,9,0.0011273957158962795,0.44931788912791226,"ruv.is,mbl.is,visir.is,dv.is,stundin.is"
IS,Iceland,2025-12-01T00:00:00Z,2026-01-01T00:00:00Z,5215,3,0.0005752636625119846,-0.5070546737213406,3,0.0005752636625119846,-0.5070546737213406,"ruv.is,mbl.is,visir.is,dv.is,stundin.is"
IS,Iceland,2026-01-01T00:00:00Z,2026-02-01T00:00:00Z,5358,6,0.0011198208286674132,-0.3298153034300783,6,0.0011198208286674132,-0.3298153034300783,"ruv.is,mbl.is,visir.is,dv.is,stundin.is"
IS,Iceland,2026-02-01T00:00:00Z,2026-03-01T00:00:00Z,4995,0,0.0,,0,0.0,,"ruv.is,mbl.is,visir.is,dv.is,stundin.is"
IS,Iceland,2026-03-01T00:00:00Z,2026-04-01T00:00:00Z,2124,3,0.0014124293785310734,-0.007785107095919674,3,0.0014124293785310734,-0.007785107095919674,"ruv.is,mbl.is,visir.is,dv.is,stundin.is"
PL,Poland,2018-06-01T00:00:00Z,2018-07-01T00:00:00Z,13514,739,0.054684031374870504,-3.7947581433461113,743,0.054980020719254105,-3.784258552297787,"tvn24.pl,onet.pl,gazeta.pl,rp.pl,wyborcza.pl"
PL,Poland,2018-07-01T00:00:00Z,2018-08-01T00:00:00Z,12150,580,0.047736625514403296,-4.3760183140749875,583,0.0479835390946502,-4.3627478714615195,"tvn24.pl,onet.pl,gazeta.pl,rp.pl,wyborcza.pl"
PL,Poland,2018-08-01T00:00:00Z,2018-09-01T00:00:00Z,10681,490,0.045875854320756485,-4.517129291097248,490,0.045875854320756485,-4.517129291097248,"tvn24.pl,onet.pl,gazeta.pl,rp.pl,wyborcza.pl"
PL,Poland,2018-09-01T00:00:00Z,2018-10-01T00:00:00Z,9062,411,0.04535422644007945,-4.844353638563228,412,0.045464577355992054,-4.835592022695924,"tvn24.pl,onet.pl,gazeta.pl,rp.pl,wyborcza.pl"
PL,Poland,2018-10-01T00:00:00Z,2018-11-01T00:00:00Z,9955,306,0.030738322451029632,-4.492468617203484,306,0.030738322451029632,-4.492468617203484,"tvn24.pl,onet.pl,gazeta.pl,rp.pl,wyborcza.pl"
PL,Poland,2018-11-01T00:00:00Z,2018-12-01T00:00:00Z,8289,249,0.030039811798769453,-3.2600672569186617,249,0.030039811798769453,-3.2600672569186617,"tvn24.pl,onet.pl,gazeta.pl,rp.pl,wyborcza.pl"
PL,Poland,2018-12-01T00:00:00Z,2019-01-01T00:00:00Z,8676,201,0.023167358229598894,-3.7076077789927475,203,0.023397879207007838,-3.735971228365186,"tvn24.pl,onet.pl,gazeta.pl,rp.pl,wyborcza.pl"
PL,Poland,2019-01-01T00:00:00Z,2019-02-01T00:00:00Z,9643,181,0.018770092294928965,-4.373547304425239,183,0.018977496629679562,-4.329033970620137,"tvn24.pl,onet.pl,gazeta.pl,rp.pl,wyborcza.pl"
PL,Poland,2019-02-01T00:00:00Z,2019-03-01T00:00:00Z,8686,180,0.02072300253281142,-4.380867564180772,181,0.02083813032466037,-4.364129905546355,"tvn24.pl,onet.pl,gazeta.pl,rp.pl,wyborcza.pl"
PL,Poland,2019-03-01T00:00:00Z,2019-04-01T00:00:00Z,9477,225,0.023741690408357077,-3.792666122208223,228,0.0240582462804685,-3.768619244867862,"tvn24.pl,onet.pl,gazeta.pl,rp.pl,wyborcza.pl"
PL,Poland,2019-04-01T00:00:00Z,2019-05-01T00:00:00Z,9128,217,0.023773006134969327,-4.08769378347584,219,0.02399211218229623,-4.052876641463982,"tvn24.pl,onet.pl,gazeta.pl,rp.pl,wyborcza.pl"
PL,Poland,2019-05-01T00:00:00Z,2019-06-01T00:00:00Z,9154,176,0.019226567620712256,-3.3133344606427775,177,0.019335809482193576,-3.2895706662727218,"tvn24.pl,onet.pl,gazeta.pl,rp.pl,wyborcza.pl"
PL,Poland,2019-06-01T00:00:00Z,2019-07-01T00:00:00Z,8040,179,0.0222636815920398,-3.9650035448824474,180,0.022388059701492536,-3.953591458663532,"tvn24.pl,onet.pl,gazeta.pl,rp.pl,wyborcza.pl"
PL,Poland,2019-07-01T00:00:00Z,2019-08-01T00:00:00Z,8361,187,0.02236574572419567,-3.846214071136372,189,0.022604951560818085,-3.8090644033973486,"tvn24.pl,onet.pl,gazeta.pl,rp.pl,wyborcza.pl"
PL,Poland,2019-08-01T00:00:00Z,2019-09-01T00:00:00Z,6712,144,0.021454112038140644,-3.9896285980251434,144,0.021454112038140644,-3.9896285980251434,"tvn24.pl,onet.pl,gazeta.pl,rp.pl,wyborcza.pl"
PL,Poland,2019-09-01T00:00:00Z,2019-10-01T00:00:00Z,8208,156,0.019005847953216373,-4.577943757282827,158,0.0192495126705653,-4.540074912751952,"tvn24.pl,onet.pl,gazeta.pl,rp.pl,wyborcza.pl"
PL,Poland,2019-10-01T00:00:00Z,2019-11-01T00:00:00Z,8886,150,0.01688048615800135,-3.6817262632997885,150,0.01688048615800135,-3.6817262632997885,"tvn24.pl,onet.pl,gazeta.pl,rp.pl,wyborcza.pl"
PL,Poland,2019-11-01T00:00:00Z,2019-12-01T00:00:00Z,6625,159,0.024,-4.245340542483966,160,0.024150943396226414,-4.232513304444316,"tvn24.pl,onet.pl,gazeta.pl,rp.pl,wyborcza.pl"
PL,Poland,2019-12-01T00:00:00Z,2020-01-01T00:00:00Z,6657,138,0.020730058584948176,-4.203799183395256,138,0.020730058584948176,-4.203799183395256,"tvn24.pl,onet.pl,gazeta.pl,rp.pl,wyborcza.pl"
PL,Poland,2020-01-01T00:00:00Z,2020-02-01T00:00:00Z,8486,276,0.03252415743577657,-4.707150070883027,280,0.03299552203629508,-4.695327513991486,"tvn24.pl,onet.pl,gazeta.pl,rp.pl,wyborcza.pl"
PL,Poland,2020-02-01T00:00:00Z,2020-03-01T00:00:00Z,7783,307,0.03944494410895542,-4.282948347515896,307,0.03944494410895542,-4.282948347515896,"tvn24.pl,onet.pl,gazeta.pl,rp.pl,wyborcza.pl"
PL,Poland,2020-03-01T00:00:00Z,2020-04-01T00:00:00Z,9483,232,0.024464831804281346,-4.221536291458182,234,0.024675735526732048,-4.203234353156113,"tvn24.pl,onet.pl,gazeta.pl,rp.pl,wyborcza.pl"
PL,Poland,2020-04-01T00:00:00Z,2020-05-01T00:00:00Z,9425,311,0.032997347480106104,-4.190058214688819,312,0.03310344827586207,-4.19407766295744,"tvn24.pl,onet.pl,gazeta.pl,rp.pl,wyborcza.pl"
PL,Poland,2020-05-01T00:00:00Z,2020-06-01T00:00:00Z,9278,341,0.036753610691959475,-4.710419594393011,341,0.036753610691959475,-4.710419594393011,"tvn24.pl,onet.pl,gazeta.pl,rp.pl,wyborcza.pl"
PL,Poland,2020-06-01T00:00:00Z,2020-07-01T00:00:00Z,9004,308,0.034207019102621056,-4.716833272426042,311,0.03454020435362061,-4.719859327007164,"tvn24.pl,onet.pl,gazeta.pl,rp.pl,wyborcza.pl"
PL,Poland,2020-07-01T00:00:00Z,2020-08-01T00:00:00Z,8553,350,0.0409213141587747,-4.475082602997452,351,0.04103823219922834,-4.47265555400258,"tvn24.pl,onet.pl,gazeta.pl,rp.pl,wyborcza.pl"
PL,Poland,2020-08-01T00:00:00Z,2020-09-01T00:00:00Z,8218,306,0.037235337064979314,-4.065955549415899,308,0.03747870528109029,-4.052008533866492,"tvn24.pl,onet.pl,gazeta.pl,rp.pl,wyborcza.pl"
PL,Poland,2020-09-01T00:00:00Z,2020-10-01T00:00:00Z,8174,284,0.03474431123073159,-4.6271731311428805,293,0.035845363347198435,-4.570910270644642,"tvn24.pl,onet.pl,gazeta.pl,rp.pl,wyborcza.pl"
PL,Poland,2020-10-01T00:00:00Z,2020-11-01T00:00:00Z,6895,254,0.03683828861493836,-5.215376800541647,259,0.03756345177664975,-5.153738352633744,"tvn24.pl,onet.pl,gazeta.pl,rp.pl,wyborcza.pl"
PL,Poland,2020-11-01T00:00:00Z,2020-12-01T00:00:00Z,6379,290,0.04546167110832419,-4.5477596094734745,296,0.046402257407117106,-4.486921698994259,"tvn24.pl,onet.pl,gazeta.pl,rp.pl,wyborcza.pl"
PL,Poland,2020-12-01T00:00:00Z,2021-01-01T00:00:00Z,9415,350,0.03717472118959108,-4.10357890844454,354,0.03759957514604355,-4.115468696521466,"tvn24.pl,onet.pl,gazeta.pl,rp.pl,wyborcza.pl"
PL,Poland,2021-01-01T00:00:00Z,2021-02-01T00:00:00Z,9964,343,0.0344239261340827,-4.519533517544552,349,0.03502609393817744,-4.4303894394685726,"tvn24.pl,onet.pl,gazeta.pl,rp.pl,wyborcza.pl"
PL,Poland,2021-02-01T00:00:00Z,2021-03-01T00:00:00Z,9931,401,0.04037861242573759,-4.57671242984531,401,0.04037861242573759,-4.57671242984531,"tvn24.pl,onet.pl,gazeta.pl,rp.pl,wyborcza.pl"
PL,Poland,2021-03-01T00:00:00Z,2021-04-01T00:00:00Z,11646,381,0.032715095311695,-4.5435002654661245,384,0.03297269448737764,-4.527407280766083,"tvn24.pl,onet.pl,gazeta.pl,rp.pl,wyborcza.pl"
PL,Poland,2021-04-01T00:00:00Z,2021-05-01T00:00:00Z,10302,382,0.0370801786060959,-4.730291627070629,386,0.0374684527276257,-4.6815103481129094,"tvn24.pl,onet.pl,gazeta.pl,rp.pl,wyborcza.pl"
PL,Poland,2021-05-01T00:00:00Z,2021-06-01T00:00:00Z,9810,438,0.044648318042813454,-4.321316168060752,443,0.04515800203873598,-4.320061068721978,"tvn24.pl,onet.pl,gazeta.pl,rp.pl,wyborcza.pl"
PL,Poland,2021-06-01T00:00:00Z,2021-07-01T00:00:00Z,9736,468,0.04806902218570255,-3.94970184056183,474,0.04868529170090386,-3.9048097391585697,"tvn24.pl,onet.pl,gazeta.pl,rp.pl,wyborcza.pl"
PL,Poland,2021-07-01T00:00:00Z,2021-08-01T00:00:00Z,9578,497,0.05188974733764878,-4.570765386832632,500,0.05220296512841929,-4.538173430677061,"tvn24.pl,onet.pl,gazeta.pl,rp.pl,wyborcza.pl"
PL,Poland,2021-08-01T00:00:00Z,2021-09-01T00:00:00Z,8799,484,0.05500625071030799,-4.796243389699506,488,0.05546084782361632,-4.772750517630006,"tvn24.pl,onet.pl,gazeta.pl,rp.pl,wyborcza.pl"
PL,Poland,2021-09-01T00:00:00Z,2021-10-01T00:00:00Z,8120,488,0.060098522167487685,-4.801476778507656,492,0.06059113300492611,-4.772026405996334,"tvn24.pl,onet.pl,gazeta.pl,rp.pl,wyborcza.pl"
PL,Poland,2021-10-01T00:00:00Z,2021-11-01T00:00:00Z,10053,543,0.05401372724559833,-4.434144245289657,552,0.05490898239331543,-4.396412019354253,"tvn24.pl,onet.pl,gazeta.pl,rp.pl,wyborcza.pl"
PL,Poland,2021-11-01T00:00:00Z,2021-12-01T00:00:00Z,10118,539,0.05327139750938921,-4.761463250984199,558,0.05514923898003558,-4.634240701901385,"tvn24.pl,onet.pl,gazeta.pl,rp.pl,wyborcza.pl"
PL,Poland,2021-12-01T00:00:00Z,2022-01-01T00:00:00Z,10351,417,0.04028596270891701,-4.903064530656894,427,0.041252052941744756,-4.8157733946171115,"tvn24.pl,onet.pl,gazeta.pl,rp.pl,wyborcza.pl"
PL,Poland,2022-01-01T00:00:00Z,2022-02-01T00:00:00Z,10282,476,0.0462944952343902,-5.048057857332341,486,0.04726706866368411,-4.973981684094824,"tvn24.pl,onet.pl,gazeta.pl,rp.pl,wyborcza.pl"
PL,Poland,2022-02-01T00:00:00Z,2022-03-01T00:00:00Z,9916,391,0.03943122226704316,-4.616759043093378,394,0.03973376361436063,-4.5977751481585205,"tvn24.pl,onet.pl,gazeta.pl,rp.pl,wyborcza.pl"
PL,Poland,2022-03-01T00:00:00Z,2022-04-01T00:00:00Z,9181,205,0.022328722361398542,-4.517387815030056,211,0.022982245942707764,-4.461523581535961,"tvn24.pl,onet.pl,gazeta.pl,rp.pl,wyborcza.pl"
PL,Poland,2022-04-01T00:00:00Z,2022-05-01T00:00:00Z,6506,144,0.022133415308945588,-4.01386612262852,145,0.022287119581924378,-4.019662693727901,"tvn24.pl,onet.pl,gazeta.pl,rp.pl,wyborcza.pl"
PL,Poland,2022-05-01T00:00:00Z,2022-06-01T00:00:00Z,6769,228,0.033682966464765846,-3.5637948675322506,233,0.0344216280100458,-3.481454043230056,"tvn24.pl,onet.pl,gazeta.pl,rp.pl,wyborcza.pl"
PL,Poland,2022-06-01T00:00:00Z,2022-07-01T00:00:00Z,6666,165,0.024752475247524754,-3.7243757905244643,168,0.025202520252025202,-3.6979579371753615,"tvn24.pl,onet.pl,gazeta.pl,rp.pl,wyborcza.pl"
PL,Poland,2022-07-01T00:00:00Z,2022-08-01T00:00:00Z,6437,183,0.02842939257418052,-4.0081437472372405,187,0.02905080006214075,-3.9886804300597825,"tvn24.pl,onet.pl,gazeta.pl,rp.pl,wyborcza.pl"
PL,Poland,2022-08-01T00:00:00Z,2022-09-01T00:00:00Z,5016,143,0.02850877192982456,-4.397781017246181,207,0.04126794258373206,-3.829926529295893,"tvn24.pl,onet.pl,gazeta.pl,rp.pl,wyborcza.pl"
PL,Poland,2022-09-01T00:00:00Z,2022-10-01T00:00:00Z,3818,84,0.022001047668936617,-3.2290479924019846,90,0.02357255107386066,-3.1574193078655735,"tvn24.pl,onet.pl,gazeta.pl,rp.pl,wyborcza.pl"
PL,Poland,2022-10-01T00:00:00Z,2022-11-01T00:00:00Z,4101,104,0.025359668373567422,-4.464520224645671,107,0.02609119726895879,-4.383255697917473,"tvn24.pl,onet.pl,gazeta.pl,rp.pl,wyborcza.pl"
PL,Poland,2022-11-01T00:00:00Z,2022-12-01T00:00:00Z,4145,127,0.030639324487334137,-3.8111417952517357,130,0.031363088057901084,-3.7779961561205426,"tvn24.pl,onet.pl,gazeta.pl,rp.pl,wyborcza.pl"
PL,Poland,2022-12-01T00:00:00Z,2023-01-01T00:00:00Z,3970,136,0.03425692695214106,-3.774040247030428,137,0.0345088161209068,-3.7745666236663658,"tvn24.pl,onet.pl,gazeta.pl,rp.pl,wyborcza.pl"
PL,Poland,2023-01-01T00:00:00Z,2023-02-01T00:00:00Z,24553,419,0.017065124424713883,-3.844912927639613,420,0.017105852645297927,-3.8459624546826485,"tvn24.pl,onet.pl,gazeta.pl,rp.pl,wyborcza.pl"
PL,Poland,2023-02-01T00:00:00Z,2023-03-01T00:00:00Z,4335,128,0.02952710495963091,-3.4266713059342124,132,0.03044982698961938,-3.3889454873948903,"tvn24.pl,onet.pl,gazeta.pl,rp.pl,wyborcza.pl"
PL,Poland,2023-03-01T00:00:00Z,2023-04-01T00:00:00Z,7295,301,0.04126113776559287,-4.274598653316476,311,0.042631939684715556,-4.187864450482006,"tvn24.pl,onet.pl,gazeta.pl,rp.pl,wyborcza.pl"
PL,Poland,2023-04-01T00:00:00Z,2023-05-01T00:00:00Z,10795,681,0.06308476146364057,-3.9852733700530494,699,0.06475220009263548,-3.9410821407493932,"tvn24.pl,onet.pl,gazeta.pl,rp.pl,wyborcza.pl"
PL,Poland,2023-05-01T00:00:00Z,2023-06-01T00:00:00Z,11070,726,0.06558265582655827,-3.9572710606637256,735,0.06639566395663957,-3.9325311843669035,"tvn24.pl,onet.pl,gazeta.pl,rp.pl,wyborcza.pl"
PL,Poland,2023-06-01T00:00:00Z,2023-07-01T00:00:00Z,10478,570,0.05439969459820576,-4.611146474989923,576,0.0549723229623974,-4.588629945096958,"tvn24.pl,onet.pl,gazeta.pl,rp.pl,wyborcza.pl"
PL,Poland,2023-07-01T00:00:00Z,2023-08-01T00:00:00Z,10672,685,0.06418665667166416,-4.428992347298319,691,0.0647488755622189,-4.3846895128777295,"tvn24.pl,onet.pl,gazeta.pl,rp.pl,wyborcza.pl"
PL,Poland,2023-08-01T00:00:00Z,2023-09-01T00:00:00Z,11021,759,0.06886852372742945,-4.084974800563374,766,0.06950367480264949,-4.076535303109163,"tvn24.pl,onet.pl,gazeta.pl,rp.pl,wyborcza.pl"
PL,Poland,2023-09-01T00:00:00Z,2023-10-01T00:00:00Z,10802,583,0.0539714867617108,-4.696604883165074,607,0.05619329753749306,-4.602974708921668,"tvn24.pl,onet.pl,gazeta.pl,rp.pl,wyborcza.pl"
PL,Poland,2023-10-01T00:00:00Z,2023-11-01T00:00:00Z,11697,639,0.0546293921518338,-4.808313843386931,645,0.055142344190818156,-4.779805831230895,"tvn24.pl,onet.pl,gazeta.pl,rp.pl,wyborcza.pl"
PL,Poland,2023-11-01T00:00:00Z,2023-12-01T00:00:00Z,10761,608,0.056500325248582846,-4.608339565456803,615,0.057150822414273765,-4.5652976507383185,"tvn24.pl,onet.pl,gazeta.pl,rp.pl,wyborcza.pl"
PL,Poland,2023-12-01T00:00:00Z,2024-01-01T00:00:00Z,10328,632,0.061192873741285826,-4.6075683705337305,641,0.062064291247095275,-4.559404523715007,"tvn24.pl,onet.pl,gazeta.pl,rp.pl,wyborcza.pl"
PL,Poland,2024-01-01T00:00:00Z,2024-02-01T00:00:00Z,11308,583,0.05155642023346303,-4.414239308721398,602,0.05323664662186063,-4.314079779921841,"tvn24.pl,onet.pl,gazeta.pl,rp.pl,wyborcza.pl"
PL,Poland,2024-02-01T00:00:00Z,2024-03-01T00:00:00Z,10703,578,0.054003550406428104,-4.657167604221619,588,0.05493786788750817,-4.638124295749737,"tvn24.pl,onet.pl,gazeta.pl,rp.pl,wyborcza.pl"
PL,Poland,2024-03-01T00:00:00Z,2024-04-01T00:00:00Z,11068,661,0.059721720274665706,-4.406789393163772,670,0.06053487531622696,-4.381968010904156,"tvn24.pl,onet.pl,gazeta.pl,rp.pl,wyborcza.pl"
PL,Poland,2024-04-01T00:00:00Z,2024-05-01T00:00:00Z,10778,607,0.05631842642419744,-4.573711146875518,617,0.05724624234551865,-4.564288391321272,"tvn24.pl,onet.pl,gazeta.pl,rp.pl,wyborcza.pl"
PL,Poland,2024-05-01T00:00:00Z,2024-06-01T00:00:00Z,10280,675,0.06566147859922179,-4.188071368156914,682,0.06634241245136187,-4.171689214074831,"tvn24.pl,onet.pl,gazeta.pl,rp.pl,wyborcza.pl"
PL,Poland,2024-06-01T00:00:00Z,2024-07-01T00:00:00Z,10079,656,0.0650858220061514,-4.412768821192091,662,0.06568111915864669,-4.402400500382723,"tvn24.pl,onet.pl,gazeta.pl,rp.pl,wyborcza.pl"
PL,Poland,2024-07-01T00:00:00Z,2024-08-01T00:00:00Z,10648,755,0.0709053343350864,-4.548534271309758,764,0.07175056348610068,-4.519021676645908,"tvn24.pl,onet.pl,gazeta.pl,rp.pl,wyborcza.pl"
PL,Poland,2024-08-01T00:00:00Z,2024-09-01T00:00:00Z,9916,752,0.07583703106091166,-4.561893840557916,757,0.0763412666397741,-4.55984393345657,"tvn24.pl,onet.pl,gazeta.pl,rp.pl,wyborcza.pl"
PL,Poland,2024-09-01T00:00:00Z,2024-10-01T00:00:00Z,10144,659,0.06496451104100946,-4.883704378960594,664,0.06545741324921135,-4.859057414745642,"tvn24.pl,onet.pl,gazeta.pl,rp.pl,wyborcza.pl"
PL,Poland,2024-10-01T00:00:00Z,2024-11-01T00:00:00Z,10831,640,0.05908965007847844,-5.076053396888669,650,0.06001292586095467,-5.072287271152892,"tvn24.pl,onet.pl,gazeta.pl,rp.pl,wyborcza.pl"
PL,Poland,2024-11-01T00:00:00Z,2024-12-01T00:00:00Z,10274,637,0.06200116799688534,-4.532008108287942,642,0.06248783336577769,-4.5076942536848374,"tvn24.pl,onet.pl,gazeta.pl,rp.pl,wyborcza.pl"
PL,Poland,2024-12-01T00:00:00Z,2025-01-01T00:00:00Z,10013,615,0.06142015380005992,-5.320915700922768,626,0.06251872565664636,-5.244644885219531,"tvn24.pl,onet.pl,gazeta.pl,rp.pl,wyborcza.pl"
PL,Poland,2025-01-01T00:00:00Z,2025-02-01T00:00:00Z,10975,726,0.0661503416856492,-4.679268237662977,731,0.06660592255125285,-4.662333118127683,"tvn24.pl,onet.pl,gazeta.pl,rp.pl,wyborcza.pl"
PL,Poland,2025-02-01T00:00:00Z,2025-03-01T00:00:00Z,9830,556,0.05656154628687691,-4.9416791489930265,560,0.056968463886063074,-4.934647677305987,"tvn24.pl,onet.pl,gazeta.pl,rp.pl,wyborcza.pl"
PL,Poland,2025-03-01T00:00:00Z,2025-04-01T00:00:00Z,11333,648,0.05717815229859702,-4.855396878037168,656,0.05788405541339451,-4.839948296337889,"tvn24.pl,onet.pl,gazeta.pl,rp.pl,wyborcza.pl"
PL,Poland,2025-04-01T00:00:00Z,2025-05-01T00:00:00Z,11033,816,0.07395993836671803,-4.767584396290012,824,0.07468503580168585,-4.745298864516411,"tvn24.pl,onet.pl,gazeta.pl,rp.pl,wyborcza.pl"
PL,Poland,2025-05-01T00:00:00Z,2025-06-01T00:00:00Z,10819,663,0.06128107958221647,-4.47284280146531,669,0.061835659487937886,-4.45358170127718,"tvn24.pl,onet.pl,gazeta.pl,rp.pl,wyborcza.pl"
PL,Poland,2025-06-01T00:00:00Z,2025-07-01T00:00:00Z,4875,281,0.05764102564102564,-4.0193114655177515,282,0.057846153846153846,-4.012465583888089,"tvn24.pl,onet.pl,gazeta.pl,rp.pl,wyborcza.pl"
PL,Poland,2025-07-01T00:00:00Z,2025-08-01T00:00:00Z,10511,754,0.07173437351346208,-4.234022673008208,754,0.07173437351346208,-4.234022673008208,"tvn24.pl,onet.pl,gazeta.pl,rp.pl,wyborcza.pl"
PL,Poland,2025-08-01T00:00:00Z,2025-09-01T00:00:00Z,10464,880,0.08409785932721713,-4.339511029394535,884,0.08448012232415902,-4.325400812615852,"tvn24.pl,onet.pl,gazeta.pl,rp.pl,wyborcza.pl"
PL,Poland,2025-09-01T00:00:00Z,2025-10-01T00:00:00Z,10713,988,0.09222440026136469,-4.218122486433416,994,0.09278446746942967,-4.197779453027688,"tvn24.pl,onet.pl,gazeta.pl,rp.pl,wyborcza.pl"
PL,Poland,2025-10-01T00:00:00Z,2025-11-01T00:00:00Z,11402,896,0.07858270478863358,-4.620138252093766,905,0.07937203999298369,-4.612855259003485,"tvn24.pl,onet.pl,gazeta.pl,rp.pl,wyborcza.pl"
PL,Poland,2025-11-01T00:00:00Z,2025-12-01T00:00:00Z,10130,738,0.07285291214215202,-4.250211978383242,746,0.0736426456071076,-4.232489175619695,"tvn24.pl,onet.pl,gazeta.pl,rp.pl,wyborcza.pl"
PL,Poland,2025-12-01T00:00:00Z,2026-01-01T00:00:00Z,11417,740,0.0648156258211439,-4.27494351554472,754,0.06604186739073312,-4.258324212508106,"tvn24.pl,onet.pl,gazeta.pl,rp.pl,wyborcza.pl"
PL,Poland,2026-01-01T00:00:00Z,2026-02-01T00:00:00Z,11600,811,0.06991379310344828,-4.272840198610646,823,0.07094827586206896,-4.2558383900269,"tvn24.pl,onet.pl,gazeta.pl,rp.pl,wyborcza.pl"
PL,Poland,2026-02-01T00:00:00Z,2026-03-01T00:00:00Z,9970,691,0.06930792377131394,-4.369473255823051,696,0.06980942828485456,-4.35161735890982,"tvn24.pl,onet.pl,gazeta.pl,rp.pl,wyborcza.pl"
PL,Poland,2026-03-01T00:00:00Z,2026-04-01T00:00:00Z,3366,248,0.0736779560308972,-4.612032745115766,249,0.07397504456327986,-4.600326300104605,"tvn24.pl,onet.pl,gazeta.pl,rp.pl,wyborcza.pl"
PT,Portugal,2018-06-01T00:00:00Z,2018-07-01T00:00:00Z,11567,151,0.013054378836344773,-2.570485594792549,155,0.013400190196247946,-2.5345263430979084,"rtp.pt,publico.pt,observador.pt,sicnoticias.pt,jornaldenegocios.pt"
PT,Portugal,2018-07-01T00:00:00Z,2018-08-01T00:00:00Z,10906,118,0.010819732257472951,-2.649646213354444,123,0.011278195488721804,-2.6443316118870794,"rtp.pt,publico.pt,observador.pt,sicnoticias.pt,jornaldenegocios.pt"
PT,Portugal,2018-08-01T00:00:00Z,2018-09-01T00:00:00Z,6387,158,0.024737748551745733,-2.3708631985717186,166,0.02599029278221387,-2.2265648174242822,"rtp.pt,publico.pt,observador.pt,sicnoticias.pt,jornaldenegocios.pt"
PT,Portugal,2018-09-01T00:00:00Z,2018-10-01T00:00:00Z,6529,86,0.013172001837953745,-1.815694679435896,90,0.013784653086230662,-1.6872064610403477,"rtp.pt,publico.pt,observador.pt,sicnoticias.pt,jornaldenegocios.pt"
PT,Portugal,2018-10-01T00:00:00Z,2018-11-01T00:00:00Z,6488,88,0.013563501849568433,-2.0504358235766538,89,0.013717632552404439,-2.0306074916905597,"rtp.pt,publico.pt,observador.pt,sicnoticias.pt,jornaldenegocios.pt"
PT,Portugal,2018-11-01T00:00:00Z,2018-12-01T00:00:00Z,6312,117,0.0185361216730038,-1.5882331324324601,124,0.01964512040557668,-1.5340804679725117,"rtp.pt,publico.pt,observador.pt,sicnoticias.pt,jornaldenegocios.pt"
PT,Portugal,2018-12-01T00:00:00Z,2019-01-01T00:00:00Z,5349,139,0.02598616563843709,-2.823285855057677,143,0.0267339689661619,-2.707631858419101,"rtp.pt,publico.pt,observador.pt,sicnoticias.pt,jornaldenegocios.pt"
PT,Portugal,2019-01-01T00:00:00Z,2019-02-01T00:00:00Z,6334,130,0.020524155352068203,-3.2375228123274087,142,0.02241869276918219,-3.01953986551784,"rtp.pt,publico.pt,observador.pt,sicnoticias.pt,jornaldenegocios.pt"
PT,Portugal,2019-02-01T00:00:00Z,2019-03-01T00:00:00Z,5647,117,0.02071896582256065,-2.7916176539613238,120,0.021250221356472462,-2.809261266245498,"rtp.pt,publico.pt,observador.pt,sicnoticias.pt,jornaldenegocios.pt"
PT,Portugal,2019-03-01T00:00:00Z,2019-04-01T00:00:00Z,5899,91,0.015426343448042041,-1.5690654450929948,103,0.01746058654009154,-1.3155278011820202,"rtp.pt,publico.pt,observador.pt,sicnoticias.pt,jornaldenegocios.pt"
PT,Portugal,2019-04-01T00:00:00Z,2019-05-01T00:00:00Z,5428,84,0.015475313190862197,-1.9781193279970002,86,0.015843773028739867,-1.9403518072304242,"rtp.pt,publico.pt,observador.pt,sicnoticias.pt,jornaldenegocios.pt"
PT,Portugal,2019-05-01T00:00:00Z,2019-06-01T00:00:00Z,5738,102,0.017776228651097944,-2.324877836019502,107,0.018647612408504707,-2.2070687420709567,"rtp.pt,publico.pt,observador.pt,sicnoticias.pt,jornaldenegocios.pt"
PT,Portugal,2019-06-01T00:00:00Z,2019-07-01T00:00:00Z,5257,88,0.016739585314818336,-2.96777995887117,91,0.017310252996005325,-2.863603222753218,"rtp.pt,publico.pt,observador.pt,sicnoticias.pt,jornaldenegocios.pt"
PT,Portugal,2019-07-01T00:00:00Z,2019-08-01T00:00:00Z,5909,124,0.02098493822981892,-2.869828401394515,133,0.022508038585209004,-2.6957708077103844,"rtp.pt,publico.pt,observador.pt,sicnoticias.pt,jornaldenegocios.pt"
PT,Portugal,2019-08-01T00:00:00Z,2019-09-01T00:00:00Z,4465,116,0.025979843225083985,-3.122527188323286,120,0.026875699888017916,-3.123055771978357,"rtp.pt,publico.pt,observador.pt,sicnoticias.pt,jornaldenegocios.pt"
PT,Portugal,2019-09-01T00:00:00Z,2019-10-01T00:00:00Z,5760,110,0.019097222222222224,-3.024128999157521,116,0.02013888888888889,-2.899396000771462,"rtp.pt,publico.pt,observador.pt,sicnoticias.pt,jornaldenegocios.pt"
PT,Portugal,2019-10-01T00:00:00Z,2019-11-01T00:00:00Z,5650,80,0.01415929203539823,-2.013583923433608,83,0.014690265486725664,-2.0039605761839265,"rtp.pt,publico.pt,observador.pt,sicnoticias.pt,jornaldenegocios.pt"
PT,Portugal,2019-11-01T00:00:00Z,2019-12-01T00:00:00Z,4846,91,0.018778373916632275,-3.1367487905928164,97,0.02001650846058605,-2.8667731525476223,"rtp.pt,publico.pt,observador.pt,sicnoticias.pt,jornaldenegocios.pt"
PT,Portugal,2019-12-01T00:00:00Z,2020-01-01T00:00:00Z,4337,70,0.016140189070786258,-3.1990942940907945,73,0.01683191145953424,-3.058387864008401,"rtp.pt,publico.pt,observador.pt,sicnoticias.pt,jornaldenegocios.pt"
PT,Portugal,2020-01-01T00:00:00Z,2020-02-01T00:00:00Z,4047,70,0.017296763034346428,-2.4655443965291512,80,0.019767729182110207,-2.1984748712380098,"rtp.pt,publico.pt,observador.pt,sicnoticias.pt,jornaldenegocios.pt"
PT,Portugal,2020-02-01T00:00:00Z,2020-03-01T00:00:00Z,3132,35,0.011174968071519796,-1.697451758617691,47,0.015006385696040868,-1.3817854563342544,"rtp.pt,publico.pt,observador.pt,sicnoticias.pt,jornaldenegocios.pt"
PT,Portugal,2020-03-01T00:00:00Z,2020-04-01T00:00:00Z,3358,31,0.009231685527099465,-2.306264461740226,33,0.009827278141751042,-2.0843237106138557,"rtp.pt,publico.pt,observador.pt,sicnoticias.pt,jornaldenegocios.pt"
PT,Portugal,2020-04-01T00:00:00Z,2020-05-01T00:00:00Z,3198,34,0.010631644777986242,-2.8484380169656207,36,0.01125703564727955,-2.8280584244214504,"rtp.pt,publico.pt,observador.pt,sicnoticias.pt,jornaldenegocios.pt"
PT,Portugal,2020-05-01T00:00:00Z,2020-06-01T00:00:00Z,3045,31,0.010180623973727421,-3.198050048369644,34,0.01116584564860427,-3.2526891665613387,"rtp.pt,publico.pt,observador.pt,sicnoticias.pt,jornaldenegocios.pt"
PT,Portugal,2020-06-01T00:00:00Z,2020-07-01T00:00:00Z,2991,41,0.013707790036776997,-2.8354406153077663,45,0.015045135406218655,-2.847586508972241,"rtp.pt,publico.pt,observador.pt,sicnoticias.pt,jornaldenegocios.pt"
PT,Portugal,2020-07-01T00:00:00Z,2020-08-01T00:00:00Z,3099,55,0.017747660535656663,-2.4356664965596995,56,0.0180703452726686,-2.6047574859918816,"rtp.pt,publico.pt,observador.pt,sicnoticias.pt,jornaldenegocios.pt"
PT,Portugal,2020-08-01T00:00:00Z,2020-09-01T00:00:00Z,2286,54,0.023622047244094488,-2.927434741769541,59,0.025809273840769902,-2.7173917187650662,"rtp.pt,publico.pt,observador.pt,sicnoticias.pt,jornaldenegocios.pt"
PT,Portugal,2020-09-01T00:00:00Z,2020-10-01T00:00:00Z,2502,31,0.012390087929656275,-2.4538176513569283,34,0.013589128697042365,-2.367872562362318,"rtp.pt,publico.pt,observador.pt,sicnoticias.pt,jornaldenegocios.pt"
PT,Portugal,2020-10-01T00:00:00Z,2020-11-01T00:00:00Z,1974,22,0.011144883485309016,-1.1336826951381398,25,0.012664640324214792,-1.3272195636931685,"rtp.pt,publico.pt,observador.pt,sicnoticias.pt,jornaldenegocios.pt"
PT,Portugal,2020-11-01T00:00:00Z,2020-12-01T00:00:00Z,1741,12,0.0068925904652498565,-2.277480341107002,15,0.00861573808156232,-1.9336288530919605,"rtp.pt,publico.pt,observador.pt,sicnoticias.pt,jornaldenegocios.pt"
PT,Portugal,2020-12-01T00:00:00Z,2021-01-01T00:00:00Z,2503,22,0.008789452656811825,-3.1491476645679803,25,0.00998801438274071,-2.927376830093282,"rtp.pt,publico.pt,observador.pt,sicnoticias.pt,jornaldenegocios.pt"
PT,Portugal,2021-01-01T00:00:00Z,2021-02-01T00:00:00Z,1937,15,0.007743933918430563,-2.227703577605263,15,0.007743933918430563,-2.227703577605263,"rtp.pt,publico.pt,observador.pt,sicnoticias.pt,jornaldenegocios.pt"
PT,Portugal,2021-02-01T00:00:00Z,2021-03-01T00:00:00Z,2091,18,0.00860832137733142,-1.4548224123856157,19,0.009086561453849833,-1.5753748302632111,"rtp.pt,publico.pt,observador.pt,sicnoticias.pt,jornaldenegocios.pt"
PT,Portugal,2021-03-01T00:00:00Z,2021-04-01T00:00:00Z,2657,31,0.011667293940534437,-3.1569629198655793,32,0.012043658261196839,-3.052552764163058,"rtp.pt,publico.pt,observador.pt,sicnoticias.pt,jornaldenegocios.pt"
PT,Portugal,2021-04-01T00:00:00Z,2021-05-01T00:00:00Z,2741,34,0.012404232032105071,-2.7575185872698236,41,0.014958044509303174,-2.4028209156480447,"rtp.pt,publico.pt,observador.pt,sicnoticias.pt,jornaldenegocios.pt"
PT,Portugal,2021-05-01T00:00:00Z,2021-06-01T00:00:00Z,3113,46,0.014776742691937038,-2.139288024028106,47,0.015097976228718278,-2.1177044361248685,"rtp.pt,publico.pt,observador.pt,sicnoticias.pt,jornaldenegocios.pt"
PT,Portugal,2021-06-01T00:00:00Z,2021-07-01T00:00:00Z,3062,45,0.014696276943174396,-1.913446095147186,47,0.01534944480731548,-1.9955277307587835,"rtp.pt,publico.pt,observador.pt,sicnoticias.pt,jornaldenegocios.pt"
PT,Portugal,2021-07-01T00:00:00Z,2021-08-01T00:00:00Z,2493,57,0.02286401925391095,-2.1092857546141603,58,0.023265142398716406,-2.102773961113947,"rtp.pt,publico.pt,observador.pt,sicnoticias.pt,jornaldenegocios.pt"
PT,Portugal,2021-08-01T00:00:00Z,2021-09-01T00:00:00Z,2232,54,0.024193548387096774,-2.9131643249212904,54,0.024193548387096774,-2.9131643249212904,"rtp.pt,publico.pt,observador.pt,sicnoticias.pt,jornaldenegocios.pt"
PT,Portugal,2021-09-01T00:00:00Z,2021-10-01T00:00:00Z,3130,62,0.019808306709265176,-2.671997567630555,64,0.020447284345047924,-2.603879545060247,"rtp.pt,publico.pt,observador.pt,sicnoticias.pt,jornaldenegocios.pt"
PT,Portugal,2021-10-01T00:00:00Z,2021-11-01T00:00:00Z,3986,50,0.012543903662819869,-2.213276058051732,57,0.014300050175614651,-2.1533806952617858,"rtp.pt,publico.pt,observador.pt,sicnoticias.pt,jornaldenegocios.pt"
PT,Portugal,2021-11-01T00:00:00Z,2021-12-01T00:00:00Z,3380,49,0.014497041420118343,-2.1735175893540135,56,0.016568047337278107,-2.230799181352916,"rtp.pt,publico.pt,observador.pt,sicnoticias.pt,jornaldenegocios.pt"
PT,Portugal,2021-12-01T00:00:00Z,2022-01-01T00:00:00Z,3119,52,0.01667201025969862,-2.899733286167579,53,0.016992625841615903,-2.797851526051209,"rtp.pt,publico.pt,observador.pt,sicnoticias.pt,jornaldenegocios.pt"
PT,Portugal,2022-01-01T00:00:00Z,2022-02-01T00:00:00Z,3400,33,0.009705882352941177,-3.2025966156324444,37,0.01088235294117647,-2.9213433931464166,"rtp.pt,publico.pt,observador.pt,sicnoticias.pt,jornaldenegocios.pt"
PT,Portugal,2022-02-01T00:00:00Z,2022-03-01T00:00:00Z,3369,48,0.014247551202137132,-4.514120074495309,51,0.015138023152270703,-4.259102405004744,"rtp.pt,publico.pt,observador.pt,sicnoticias.pt,jornaldenegocios.pt"
PT,Portugal,2022-03-01T00:00:00Z,2022-04-01T00:00:00Z,3780,41,0.010846560846560847,-3.033813321607067,44,0.01164021164021164,-3.031459044212974,"rtp.pt,publico.pt,observador.pt,sicnoticias.pt,jornaldenegocios.pt"
PT,Portugal,2022-04-01T00:00:00Z,2022-05-01T00:00:00Z,3321,42,0.012646793134598013,-3.5924634814841774,43,0.012947907256850346,-3.5758663744447285,"rtp.pt,publico.pt,observador.pt,sicnoticias.pt,jornaldenegocios.pt"
PT,Portugal,2022-05-01T00:00:00Z,2022-06-01T00:00:00Z,3578,52,0.014533258803801007,-3.2440124569658404,58,0.01621017328116266,-2.9013581273714637,"rtp.pt,publico.pt,observador.pt,sicnoticias.pt,jornaldenegocios.pt"
PT,Portugal,2022-06-01T00:00:00Z,2022-07-01T00:00:00Z,3186,38,0.011927181418706842,-2.102873355912812,45,0.014124293785310734,-2.249214087468608,"rtp.pt,publico.pt,observador.pt,sicnoticias.pt,jornaldenegocios.pt"
PT,Portugal,2022-07-01T00:00:00Z,2022-08-01T00:00:00Z,3409,101,0.029627456732179525,-3.141170608405541,103,0.030214139043707833,-3.1168537672683025,"rtp.pt,publico.pt,observador.pt,sicnoticias.pt,jornaldenegocios.pt"
PT,Portugal,2022-08-01T00:00:00Z,2022-09-01T00:00:00Z,3011,63,0.020923281301893058,-3.2477277649472263,92,0.030554633012288276,-2.7437254309255206,"rtp.pt,publico.pt,observador.pt,sicnoticias.pt,jornaldenegocios.pt"
PT,Portugal,2022-09-01T00:00:00Z,2022-10-01T00:00:00Z,3461,51,0.01473562554175094,-2.312046698498613,54,0.015602427044206876,-2.31358347615571,"rtp.pt,publico.pt,observador.pt,sicnoticias.pt,jornaldenegocios.pt"
PT,Portugal,2022-10-01T00:00:00Z,2022-11-01T00:00:00Z,5318,75,0.014103046257991726,-3.0752740414047244,81,0.015231289958631064,-2.9216445055133167,"rtp.pt,publico.pt,observador.pt,sicnoticias.pt,jornaldenegocios.pt"
PT,Portugal,2022-11-01T00:00:00Z,2022-12-01T00:00:00Z,4665,81,0.017363344051446947,-2.626952003613014,88,0.018863879957127544,-2.522292032318042,"rtp.pt,publico.pt,observador.pt,sicnoticias.pt,jornaldenegocios.pt"
PT,Portugal,2022-12-01T00:00:00Z,2023-01-01T00:00:00Z,3650,55,0.015068493150684932,-2.3709475500179638,57,0.015616438356164384,-2.3447622470671194,"rtp.pt,publico.pt,observador.pt,sicnoticias.pt,jornaldenegocios.pt"
PT,Portugal,2023-01-01T00:00:00Z,2023-02-01T00:00:00Z,4692,59,0.01257459505541347,-3.1639901131915305,68,0.014492753623188406,-3.054171619561623,"rtp.pt,publico.pt,observador.pt,sicnoticias.pt,jornaldenegocios.pt"
PT,Portugal,2023-02-01T00:00:00Z,2023-03-01T00:00:00Z,4567,69,0.015108386249178892,-2.972164685540198,74,0.01620319684694548,-2.851563259224128,"rtp.pt,publico.pt,observador.pt,sicnoticias.pt,jornaldenegocios.pt"
PT,Portugal,2023-03-01T00:00:00Z,2023-04-01T00:00:00Z,6793,112,0.01648756072427499,-3.29904438914601,126,0.018548505814809362,-2.9430014868017342,"rtp.pt,publico.pt,observador.pt,sicnoticias.pt,jornaldenegocios.pt"
PT,Portugal,2023-04-01T00:00:00Z,2023-05-01T00:00:00Z,8005,127,0.015865084322298564,-1.5446633362976419,146,0.018238600874453465,-1.4615093703625466,"rtp.pt,publico.pt,observador.pt,sicnoticias.pt,jornaldenegocios.pt"
PT,Portugal,2023-05-01T00:00:00Z,2023-06-01T00:00:00Z,9193,168,0.0182747742847819,-1.3892113244831823,177,0.019253780050038072,-1.342803110569842,"rtp.pt,publico.pt,observador.pt,sicnoticias.pt,jornaldenegocios.pt"
PT,Portugal,2023-06-01T00:00:00Z,2023-07-01T00:00:00Z,8310,147,0.01768953068592058,-2.0426614203287965,158,0.01901323706377858,-1.9727446933272874,"rtp.pt,publico.pt,observador.pt,sicnoticias.pt,jornaldenegocios.pt"
PT,Portugal,2023-07-01T00:00:00Z,2023-08-01T00:00:00Z,8207,155,0.01888631655903497,-2.812880600230373,165,0.020104788595101744,-2.710154253330001,"rtp.pt,publico.pt,observador.pt,sicnoticias.pt,jornaldenegocios.pt"
PT,Portugal,2023-08-01T00:00:00Z,2023-09-01T00:00:00Z,7426,141,0.0189873417721519,-3.085861332649436,156,0.02100727174791274,-2.961003970556685,"rtp.pt,publico.pt,observador.pt,sicnoticias.pt,jornaldenegocios.pt"
PT,Portugal,2023-09-01T00:00:00Z,2023-10-01T00:00:00Z,8057,133,0.016507384882710686,-1.8224013728757684,142,0.017624425964999378,-1.7871538003709846,"rtp.pt,publico.pt,observador.pt,sicnoticias.pt,jornaldenegocios.pt"
PT,Portugal,2023-10-01T00:00:00Z,2023-11-01T00:00:00Z,8452,115,0.013606247042120208,-2.2331010583301425,124,0.014671083767155703,-2.144468263303666,"rtp.pt,publico.pt,observador.pt,sicnoticias.pt,jornaldenegocios.pt"
PT,Portugal,2023-11-01T00:00:00Z,2023-12-01T00:00:00Z,7900,117,0.01481012658227848,-1.5734440466013435,123,0.015569620253164556,-1.5710209027536157,"rtp.pt,publico.pt,observador.pt,sicnoticias.pt,jornaldenegocios.pt"
PT,Portugal,2023-12-01T00:00:00Z,2024-01-01T00:00:00Z,7462,136,0.018225676762262128,-1.6518383390990456,148,0.019833824711873494,-1.6278235032479667,"rtp.pt,publico.pt,observador.pt,sicnoticias.pt,jornaldenegocios.pt"
PT,Portugal,2024-01-01T00:00:00Z,2024-02-01T00:00:00Z,8737,188,0.021517683415359964,-1.9387343537264161,256,0.0293006752890008,-1.5945148383541163,"rtp.pt,publico.pt,observador.pt,sicnoticias.pt,jornaldenegocios.pt"
PT,Portugal,2024-02-01T00:00:00Z,2024-03-01T00:00:00Z,8107,193,0.023806586900209696,-1.8686702960652966,211,0.02602689034168003,-1.8161809180697062,"rtp.pt,publico.pt,observador.pt,sicnoticias.pt,jornaldenegocios.pt"
PT,Portugal,2024-03-01T00:00:00Z,2024-04-01T00:00:00Z,7834,147,0.018764360479959153,-1.9912640452839097,152,0.01940260403369926,-1.9471669585640126,"rtp.pt,publico.pt,observador.pt,sicnoticias.pt,jornaldenegocios.pt"
PT,Portugal,2024-04-01T00:00:00Z,2024-05-01T00:00:00Z,8141,174,0.02137329566392335,-1.9751394081029443,192,0.023584326249846455,-1.9073607508729138,"rtp.pt,publico.pt,observador.pt,sicnoticias.pt,jornaldenegocios.pt"
PT,Portugal,2024-05-01T00:00:00Z,2024-06-01T00:00:00Z,9763,203,0.02079278910171054,-1.268416909677593,217,0.022226774557000922,-1.1825159269786454,"rtp.pt,publico.pt,observador.pt,sicnoticias.pt,jornaldenegocios.pt"
PT,Portugal,2024-06-01T00:00:00Z,2024-07-01T00:00:00Z,8876,153,0.017237494366831908,-1.3912128258990637,159,0.017913474538080218,-1.4070737398186508,"rtp.pt,publico.pt,observador.pt,sicnoticias.pt,jornaldenegocios.pt"
PT,Portugal,2024-07-01T00:00:00Z,2024-08-01T00:00:00Z,9026,168,0.018612896077996897,-1.6796679348645691,177,0.01961001551074673,-1.6606992367667868,"rtp.pt,publico.pt,observador.pt,sicnoticias.pt,jornaldenegocios.pt"
PT,Portugal,2024-08-01T00:00:00Z,2024-09-01T00:00:00Z,7910,175,0.022123893805309734,-2.3251520083773976,189,0.023893805309734513,-2.1789626266284787,"rtp.pt,publico.pt,observador.pt,sicnoticias.pt,jornaldenegocios.pt"
PT,Portugal,2024-09-01T00:00:00Z,2024-10-01T00:00:00Z,8169,175,0.021422450728363324,-1.7581204688120975,188,0.023013832782470316,-1.768252163133409,"rtp.pt,publico.pt,observador.pt,sicnoticias.pt,jornaldenegocios.pt"
PT,Portugal,2024-10-01T00:00:00Z,2024-11-01T00:00:00Z,8911,197,0.02210750757490742,-1.8626738988761233,216,0.024239703736954325,-1.7872684636664908,"rtp.pt,publico.pt,observador.pt,sicnoticias.pt,jornaldenegocios.pt"
PT,Portugal,2024-11-01T00:00:00Z,2024-12-01T00:00:00Z,9030,217,0.024031007751937984,-1.403168370871768,227,0.02513842746400886,-1.3577905271506834,"rtp.pt,publico.pt,observador.pt,sicnoticias.pt,jornaldenegocios.pt"
PT,Portugal,2024-12-01T00:00:00Z,2025-01-01T00:00:00Z,8272,204,0.024661508704061894,-2.2141783528126666,222,0.02683752417794971,-2.114531773802012,"rtp.pt,publico.pt,observador.pt,sicnoticias.pt,jornaldenegocios.pt"
PT,Portugal,2025-01-01T00:00:00Z,2025-02-01T00:00:00Z,9219,261,0.028311096648226487,-1.918722613761859,269,0.029178869725566763,-1.8669865541154702,"rtp.pt,publico.pt,observador.pt,sicnoticias.pt,jornaldenegocios.pt"
PT,Portugal,2025-02-01T00:00:00Z,2025-03-01T00:00:00Z,9029,254,0.028131576032783254,-1.6981651039184613,257,0.028463838741831875,-1.6859716759105627,"rtp.pt,publico.pt,observador.pt,sicnoticias.pt,jornaldenegocios.pt"
PT,Portugal,2025-03-01T00:00:00Z,2025-04-01T00:00:00Z,9344,209,0.022367294520547944,-1.4712526271000113,221,0.023651541095890412,-1.5227555800681993,"rtp.pt,publico.pt,observador.pt,sicnoticias.pt,jornaldenegocios.pt"
PT,Portugal,2025-04-01T00:00:00Z,2025-05-01T00:00:00Z,8370,223,0.026642771804062125,-1.7840198662973756,233,0.02783751493428913,-1.7939471572944097,"rtp.pt,publico.pt,observador.pt,sicnoticias.pt,jornaldenegocios.pt"
PT,Portugal,2025-05-01T00:00:00Z,2025-06-01T00:00:00Z,8792,233,0.026501364877161055,-1.8016592811249559,241,0.027411282984531393,-1.81000497916168,"rtp.pt,publico.pt,observador.pt,sicnoticias.pt,jornaldenegocios.pt"
PT,Portugal,2025-06-01T00:00:00Z,2025-07-01T00:00:00Z,3133,83,0.026492180019150973,-2.1263008669536396,87,0.02776891158633897,-2.0819798320182077,"rtp.pt,publico.pt,observador.pt,sicnoticias.pt,jornaldenegocios.pt"
PT,Portugal,2025-07-01T00:00:00Z,2025-08-01T00:00:00Z,8176,254,0.031066536203522503,-1.9893571585436478,274,0.03351272015655577,-1.898880836805508,"rtp.pt,publico.pt,observador.pt,sicnoticias.pt,jornaldenegocios.pt"
PT,Portugal,2025-08-01T00:00:00Z,2025-09-01T00:00:00Z,6597,225,0.034106412005457026,-2.2054627878461974,234,0.03547066848567531,-2.1292575688208895,"rtp.pt,publico.pt,observador.pt,sicnoticias.pt,jornaldenegocios.pt"
PT,Portugal,2025-09-01T00:00:00Z,2025-10-01T00:00:00Z,8274,258,0.03118201595358956,-2.271790512179705,265,0.03202803964225284,-2.238761238949753,"rtp.pt,publico.pt,observador.pt,sicnoticias.pt,jornaldenegocios.pt"
PT,Portugal,2025-10-01T00:00:00Z,2025-11-01T00:00:00Z,9809,303,0.030889998980528088,-2.317984997380732,317,0.03231725965949638,-2.225650546752351,"rtp.pt,publico.pt,observador.pt,sicnoticias.pt,jornaldenegocios.pt"
PT,Portugal,2025-11-01T00:00:00Z,2025-12-01T00:00:00Z,8738,336,0.038452735179674985,-2.28120932670718,358,0.04097047379262989,-2.2794341253955204,"rtp.pt,publico.pt,observador.pt,sicnoticias.pt,jornaldenegocios.pt"
PT,Portugal,2025-12-01T00:00:00Z,2026-01-01T00:00:00Z,7378,278,0.03767958796421794,-2.384696058513153,293,0.03971265925725129,-2.352043751911477,"rtp.pt,publico.pt,observador.pt,sicnoticias.pt,jornaldenegocios.pt"
PT,Portugal,2026-01-01T00:00:00Z,2026-02-01T00:00:00Z,7921,246,0.031056684762024996,-2.317399464563827,274,0.03459159197071077,-2.1352095056895513,"rtp.pt,publico.pt,observador.pt,sicnoticias.pt,jornaldenegocios.pt"
PT,Portugal,2026-02-01T00:00:00Z,2026-03-01T00:00:00Z,7116,322,0.04525014052838673,-2.1278238366661437,334,0.04693648116919618,-2.010403213645522,"rtp.pt,publico.pt,observador.pt,sicnoticias.pt,jornaldenegocios.pt"
PT,Portugal,2026-03-01T00:00:00Z,2026-04-01T00:00:00Z,2822,103,0.03649893692416726,-2.306261645878167,106,0.03756201275690999,-2.2693887001343103,"rtp.pt,publico.pt,observador.pt,sicnoticias.pt,jornaldenegocios.pt"
SI,Slovenia,2018-06-01T00:00:00Z,2018-07-01T00:00:00Z,6118,88,0.014383785550833606,-0.7585526108384031,89,0.014547237659365806,-0.7813304792678215,"24ur.com,rtvslo.si,delo.si,dnevnik.si,vecer.com"
SI,Slovenia,2018-07-01T00:00:00Z,2018-08-01T00:00:00Z,5962,62,0.01039919490103992,-0.5323678419835373,62,0.01039919490103992,-0.5323678419835373,"24ur.com,rtvslo.si,delo.si,dnevnik.si,vecer.com"
SI,Slovenia,2018-08-01T00:00:00Z,2018-09-01T00:00:00Z,5494,22,0.004004368401892974,0.34142350002208327,22,0.004004368401892974,0.34142350002208327,"24ur.com,rtvslo.si,delo.si,dnevnik.si,vecer.com"
SI,Slovenia,2018-09-01T00:00:00Z,2018-10-01T00:00:00Z,6629,75,0.011313923668728316,-0.5200306827713628,79,0.011917332931060492,-0.43739003396114634,"24ur.com,rtvslo.si,delo.si,dnevnik.si,vecer.com"
SI,Slovenia,2018-10-01T00:00:00Z,2018-11-01T00:00:00Z,7580,59,0.007783641160949868,-0.5319460334566679,59,0.007783641160949868,-0.5319460334566679,"24ur.com,rtvslo.si,delo.si,dnevnik.si,vecer.com"
SI,Slovenia,2018-11-01T00:00:00Z,2018-12-01T00:00:00Z,7856,43,0.005473523421588595,0.32130267279219327,45,0.0057281059063136455,0.37038128363271183,"24ur.com,rtvslo.si,delo.si,dnevnik.si,vecer.com"
SI,Slovenia,2018-12-01T00:00:00Z,2019-01-01T00:00:00Z,7051,22,0.0031201248049922,0.5705047888875606,22,0.0031201248049922,0.5705047888875606,"24ur.com,rtvslo.si,delo.si,dnevnik.si,vecer.com"
SI,Slovenia,2019-01-01T00:00:00Z,2019-02-01T00:00:00Z,7325,55,0.007508532423208191,-1.6845537655548242,55,0.007508532423208191,-1.6845537655548242,"24ur.com,rtvslo.si,delo.si,dnevnik.si,vecer.com"
SI,Slovenia,2019-02-01T00:00:00Z,2019-03-01T00:00:00Z,6866,39,0.005680163122633266,-0.5223492059569596,39,0.005680163122633266,-0.5223492059569596,"24ur.com,rtvslo.si,delo.si,dnevnik.si,vecer.com"
SI,Slovenia,2019-03-01T00:00:00Z,2019-04-01T00:00:00Z,7856,84,0.010692464358452138,-1.3212208087946953,85,0.010819755600814664,-1.2687474645392889,"24ur.com,rtvslo.si,delo.si,dnevnik.si,vecer.com"
SI,Slovenia,2019-04-01T00:00:00Z,2019-05-01T00:00:00Z,7576,87,0.01148363252375924,0.09421009997185109,87,0.01148363252375924,0.09421009997185109,"24ur.com,rtvslo.si,delo.si,dnevnik.si,vecer.com"
SI,Slovenia,2019-05-01T00:00:00Z,2019-06-01T00:00:00Z,8019,84,0.010475121586232696,-0.09148952750782557,85,0.010599825414640229,-0.083849885351404,"24ur.com,rtvslo.si,delo.si,dnevnik.si,vecer.com"
SI,Slovenia,2019-06-01T00:00:00Z,2019-07-01T00:00:00Z,7844,80,0.010198878123406425,0.2421037215908832,80,0.010198878123406425,0.2421037215908832,"24ur.com,rtvslo.si,delo.si,dnevnik.si,vecer.com"
SI,Slovenia,2019-07-01T00:00:00Z,2019-08-01T00:00:00Z,8168,69,0.008447600391772772,0.70380816053943,69,0.008447600391772772,0.70380816053943,"24ur.com,rtvslo.si,delo.si,dnevnik.si,vecer.com"
SI,Slovenia,2019-08-01T00:00:00Z,2019-09-01T00:00:00Z,6950,37,0.005323741007194244,-0.8195750232567668,38,0.005467625899280576,-0.7468589806264356,"24ur.com,rtvslo.si,delo.si,dnevnik.si,vecer.com"
SI,Slovenia,2019-09-01T00:00:00Z,2019-10-01T00:00:00Z,7964,53,0.006654947262682069,0.32939049215349436,53,0.006654947262682069,0.32939049215349436,"24ur.com,rtvslo.si,delo.si,dnevnik.si,vecer.com"
SI,Slovenia,2019-10-01T00:00:00Z,2019-11-01T00:00:00Z,8103,57,0.007034431691965938,-0.8303064846877973,57,0.007034431691965938,-0.8303064846877973,"24ur.com,rtvslo.si,delo.si,dnevnik.si,vecer.com"
SI,Slovenia,2019-11-01T00:00:00Z,2019-12-01T00:00:00Z,8153,34,0.004170244081933031,-0.4768058674070138,36,0.004415552557340856,-0.41647277153637846,"24ur.com,rtvslo.si,delo.si,dnevnik.si,vecer.com"
SI,Slovenia,2019-12-01T00:00:00Z,2020-01-01T00:00:00Z,7694,18,0.002339485313231089,0.7178354647174918,21,0.002729399532102937,0.6414008501935082,"24ur.com,rtvslo.si,delo.si,dnevnik.si,vecer.com"
SI,Slovenia,2020-01-01T00:00:00Z,2020-02-01T00:00:00Z,7873,31,0.00393750793852407,0.06328201553983442,34,0.004318557093865108,0.051061644760045155,"24ur.com,rtvslo.si,delo.si,dnevnik.si,vecer.com"
SI,Slovenia,2020-02-01T00:00:00Z,2020-03-01T00:00:00Z,7166,28,0.003907340217694669,-1.710071222669072,28,0.003907340217694669,-1.710071222669072,"24ur.com,rtvslo.si,delo.si,dnevnik.si,vecer.com"
SI,Slovenia,2020-03-01T00:00:00Z,2020-04-01T00:00:00Z,8244,18,0.002183406113537118,-0.5246842660975202,18,0.002183406113537118,-0.5246842660975202,"24ur.com,rtvslo.si,delo.si,dnevnik.si,vecer.com"
SI,Slovenia,2020-04-01T00:00:00Z,2020-05-01T00:00:00Z,8001,9,0.0011248593925759281,-1.7214823371583121,9,0.0011248593925759281,-1.7214823371583121,"24ur.com,rtvslo.si,delo.si,dnevnik.si,vecer.com"
SI,Slovenia,2020-05-01T00:00:00Z,2020-06-01T00:00:00Z,7732,9,0.0011639937920331091,-1.2606958230647594,12,0.0015519917227108122,-1.2181816941610677,"24ur.com,rtvslo.si,delo.si,dnevnik.si,vecer.com"
SI,Slovenia,2020-06-01T00:00:00Z,2020-07-01T00:00:00Z,7308,26,0.0035577449370552817,-0.8621000500140158,26,0.0035577449370552817,-0.8621000500140158,"24ur.com,rtvslo.si,delo.si,dnevnik.si,vecer.com"
SI,Slovenia,2020-07-01T00:00:00Z,2020-08-01T00:00:00Z,7151,15,0.0020976087260523003,0.7183729845456183,15,0.0020976087260523003,0.7183729845456183,"24ur.com,rtvslo.si,delo.si,dnevnik.si,vecer.com"
SI,Slovenia,2020-08-01T00:00:00Z,2020-09-01T00:00:00Z,6435,13,0.00202020202020202,-1.143343432896927,14,0.0021756021756021756,-1.2406006140013321,"24ur.com,rtvslo.si,delo.si,dnevnik.si,vecer.com"
SI,Slovenia,2020-09-01T00:00:00Z,2020-10-01T00:00:00Z,5717,20,0.0034983382893125766,1.3032333927871798,20,0.0034983382893125766,1.3032333927871798,"24ur.com,rtvslo.si,delo.si,dnevnik.si,vecer.com"
SI,Slovenia,2020-10-01T00:00:00Z,2020-11-01T00:00:00Z,3645,10,0.0027434842249657062,-0.04076176800667811,10,0.0027434842249657062,-0.04076176800667811,"24ur.com,rtvslo.si,delo.si,dnevnik.si,vecer.com"
SI,Slovenia,2020-11-01T00:00:00Z,2020-12-01T00:00:00Z,3713,2,0.0005386479935362241,-1.782086702149272,2,0.0005386479935362241,-1.782086702149272,"24ur.com,rtvslo.si,delo.si,dnevnik.si,vecer.com"
SI,Slovenia,2020-12-01T00:00:00Z,2021-01-01T00:00:00Z,5741,11,0.0019160425013063926,-1.3905327685399023,11,0.0019160425013063926,-1.3905327685399023,"24ur.com,rtvslo.si,delo.si,dnevnik.si,vecer.com"
SI,Slovenia,2021-01-01T00:00:00Z,2021-02-01T00:00:00Z,5522,2,0.0003621876131836291,-5.60304689537006,3,0.0005432814197754436,-4.4310167708264165,"24ur.com,rtvslo.si,delo.si,dnevnik.si,vecer.com"
SI,Slovenia,2021-02-01T00:00:00Z,2021-03-01T00:00:00Z,4954,13,0.0026241421073879695,-0.31794245681418914,17,0.003431570448122729,-0.20544260755505575,"24ur.com,rtvslo.si,delo.si,dnevnik.si,vecer.com"
SI,Slovenia,2021-03-01T00:00:00Z,2021-04-01T00:00:00Z,5871,18,0.0030659172202350538,-0.5048917745614083,19,0.003236245954692557,-0.4565699369268147,"24ur.com,rtvslo.si,delo.si,dnevnik.si,vecer.com"
SI,Slovenia,2021-04-01T00:00:00Z,2021-05-01T00:00:00Z,5357,13,0.0024267313795034535,-0.1627298593432059,13,0.0024267313795034535,-0.1627298593432059,"24ur.com,rtvslo.si,delo.si,dnevnik.si,vecer.com"
SI,Slovenia,2021-05-01T00:00:00Z,2021-06-01T00:00:00Z,6126,25,0.004080966372837088,-1.851821304492435,29,0.004733920992491022,-2.1512923444922154,"24ur.com,rtvslo.si,delo.si,dnevnik.si,vecer.com"
SI,Slovenia,2021-06-01T00:00:00Z,2021-07-01T00:00:00Z,7361,8,0.0010868088574921885,0.8570817864507236,8,0.0010868088574921885,0.8570817864507236,"24ur.com,rtvslo.si,delo.si,dnevnik.si,vecer.com"
SI,Slovenia,2021-07-01T00:00:00Z,2021-08-01T00:00:00Z,7467,15,0.002008838891120932,-1.3383605084520926,15,0.002008838891120932,-1.3383605084520926,"24ur.com,rtvslo.si,delo.si,dnevnik.si,vecer.com"
SI,Slovenia,2021-08-01T00:00:00Z,2021-09-01T00:00:00Z,6189,11,0.001777346905800614,-2.6677612332166674,13,0.002100500888673453,-2.476349613063868,"24ur.com,rtvslo.si,delo.si,dnevnik.si,vecer.com"
SI,Slovenia,2021-09-01T00:00:00Z,2021-10-01T00:00:00Z,7580,21,0.002770448548812665,-3.6027321726000947,22,0.0029023746701846965,-3.312228907006047,"24ur.com,rtvslo.si,delo.si,dnevnik.si,vecer.com"
SI,Slovenia,2021-10-01T00:00:00Z,2021-11-01T00:00:00Z,8338,34,0.004077716478771888,-1.7856167242400496,37,0.004437514991604701,-1.7765757453650317,"24ur.com,rtvslo.si,delo.si,dnevnik.si,vecer.com"
SI,Slovenia,2021-11-01T00:00:00Z,2021-12-01T00:00:00Z,8141,17,0.0020881955533718216,-2.071888821104409,20,0.0024567006510256726,-1.711538398371648,"24ur.com,rtvslo.si,delo.si,dnevnik.si,vecer.com"
SI,Slovenia,2021-12-01T00:00:00Z,2022-01-01T00:00:00Z,8297,12,0.001446305893696517,-2.642826614955881,12,0.001446305893696517,-2.642826614955881,"24ur.com,rtvslo.si,delo.si,dnevnik.si,vecer.com"
SI,Slovenia,2022-01-01T00:00:00Z,2022-02-01T00:00:00Z,6926,16,0.002310135720473578,-2.434503876955052,21,0.003032053133121571,-1.8900221541263102,"24ur.com,rtvslo.si,delo.si,dnevnik.si,vecer.com"
SI,Slovenia,2022-02-01T00:00:00Z,2022-03-01T00:00:00Z,5674,9,0.0015861825872400424,0.8892373655343996,11,0.0019386676066267183,0.7131417231393525,"24ur.com,rtvslo.si,delo.si,dnevnik.si,vecer.com"
SI,Slovenia,2022-03-01T00:00:00Z,2022-04-01T00:00:00Z,6148,13,0.002114508783344177,-0.05166586971617859,13,0.002114508783344177,-0.05166586971617859,"24ur.com,rtvslo.si,delo.si,dnevnik.si,vecer.com"
SI,Slovenia,2022-04-01T00:00:00Z,2022-05-01T00:00:00Z,6050,11,0.0018181818181818182,-1.4078207658296096,11,0.0018181818181818182,-1.4078207658296096,"24ur.com,rtvslo.si,delo.si,dnevnik.si,vecer.com"
SI,Slovenia,2022-05-01T00:00:00Z,2022-06-01T00:00:00Z,5938,9,0.0015156618390030313,2.115103187801401,12,0.0020208824520040417,1.48198986579182,"24ur.com,rtvslo.si,delo.si,dnevnik.si,vecer.com"
SI,Slovenia,2022-06-01T00:00:00Z,2022-07-01T00:00:00Z,5868,6,0.0010224948875255625,-2.393442534935788,6,0.0010224948875255625,-2.393442534935788,"24ur.com,rtvslo.si,delo.si,dnevnik.si,vecer.com"
SI,Slovenia,2022-07-01T00:00:00Z,2022-08-01T00:00:00Z,6087,11,0.0018071299490717923,1.4952892577839123,11,0.0018071299490717923,1.4952892577839123,"24ur.com,rtvslo.si,delo.si,dnevnik.si,vecer.com"
SI,Slovenia,2022-08-01T00:00:00Z,2022-09-01T00:00:00Z,4348,1,0.00022999080036798528,-1.16666666666667,12,0.0027598896044158236,-2.460528208978824,"24ur.com,rtvslo.si,delo.si,dnevnik.si,vecer.com"
SI,Slovenia,2022-09-01T00:00:00Z,2022-10-01T00:00:00Z,3152,1,0.00031725888324873094,0.719424460431655,1,0.00031725888324873094,0.719424460431655,"24ur.com,rtvslo.si,delo.si,dnevnik.si,vecer.com"
SI,Slovenia,2022-10-01T00:00:00Z,2022-11-01T00:00:00Z,3454,4,0.0011580775911986102,3.402728546030587,4,0.0011580775911986102,3.402728546030587,"24ur.com,rtvslo.si,delo.si,dnevnik.si,vecer.com"
SI,Slovenia,2022-11-01T00:00:00Z,2022-12-01T00:00:00Z,3217,3,0.0009325458501709667,1.0251285485469963,3,0.0009325458501709667,1.0251285485469963,"24ur.com,rtvslo.si,delo.si,dnevnik.si,vecer.com"
SI,Slovenia,2022-12-01T00:00:00Z,2023-01-01T00:00:00Z,3012,5,0.0016600265604249668,1.3573221044262358,5,0.0016600265604249668,1.3573221044262358,"24ur.com,rtvslo.si,delo.si,dnevnik.si,vecer.com"
SI,Slovenia,2023-01-01T00:00:00Z,2023-02-01T00:00:00Z,3164,7,0.0022123893805309734,-4.037140231203622,7,0.0022123893805309734,-4.037140231203622,"24ur.com,rtvslo.si,delo.si,dnevnik.si,vecer.com"
SI,Slovenia,2023-02-01T00:00:00Z,2023-03-01T00:00:00Z,2845,9,0.003163444639718805,2.7436726825976816,9,0.003163444639718805,2.7436726825976816,"24ur.com,rtvslo.si,delo.si,dnevnik.si,vecer.com"
SI,Slovenia,2023-03-01T00:00:00Z,2023-04-01T00:00:00Z,4098,6,0.0014641288433382138,1.3831364132087784,8,0.0019521717911176184,1.4314715428560236,"24ur.com,rtvslo.si,delo.si,dnevnik.si,vecer.com"
SI,Slovenia,2023-04-01T00:00:00Z,2023-05-01T00:00:00Z,7025,7,0.00099644128113879,0.03818196430976353,17,0.002419928825622776,-1.1344788918535134,"24ur.com,rtvslo.si,delo.si,dnevnik.si,vecer.com"
SI,Slovenia,2023-05-01T00:00:00Z,2023-06-01T00:00:00Z,7572,17,0.0022451135763338617,1.0283335550914194,17,0.0022451135763338617,1.0283335550914194,"24ur.com,rtvslo.si,delo.si,dnevnik.si,vecer.com"
SI,Slovenia,2023-06-01T00:00:00Z,2023-07-01T00:00:00Z,7129,13,0.0018235376630663486,0.9500949431186541,15,0.00210408191892271,0.27813345717532534,"24ur.com,rtvslo.si,delo.si,dnevnik.si,vecer.com"
SI,Slovenia,2023-07-01T00:00:00Z,2023-08-01T00:00:00Z,6961,30,0.0043097256141359,-2.304738443929639,32,0.004597040655078293,-2.051807273762434,"24ur.com,rtvslo.si,delo.si,dnevnik.si,vecer.com"
SI,Slovenia,2023-08-01T00:00:00Z,2023-09-01T00:00:00Z,7143,48,0.006719865602687947,-2.10979649801484,50,0.006999860002799944,-2.1735527862423942,"24ur.com,rtvslo.si,delo.si,dnevnik.si,vecer.com"
SI,Slovenia,2023-09-01T00:00:00Z,2023-10-01T00:00:00Z,7002,31,0.004427306483861753,-0.9807533171699293,31,0.004427306483861753,-0.9807533171699293,"24ur.com,rtvslo.si,delo.si,dnevnik.si,vecer.com"
SI,Slovenia,2023-10-01T00:00:00Z,2023-11-01T00:00:00Z,7061,33,0.004673558985979323,-0.2314652962271418,35,0.004956804985129585,-0.31924880888140633,"24ur.com,rtvslo.si,delo.si,dnevnik.si,vecer.com"
SI,Slovenia,2023-11-01T00:00:00Z,2023-12-01T00:00:00Z,7239,15,0.0020721094073767096,1.0677824106056195,15,0.0020721094073767096,1.0677824106056195,"24ur.com,rtvslo.si,delo.si,dnevnik.si,vecer.com"
SI,Slovenia,2023-12-01T00:00:00Z,2024-01-01T00:00:00Z,7248,22,0.0030353200883002206,-0.3017346450313026,23,0.0031732891832229582,-0.35162771969597817,"24ur.com,rtvslo.si,delo.si,dnevnik.si,vecer.com"
SI,Slovenia,2024-01-01T00:00:00Z,2024-02-01T00:00:00Z,7674,8,0.0010424811050299713,-0.867832778761995,17,0.002215272348188689,0.33679583591692297,"24ur.com,rtvslo.si,delo.si,dnevnik.si,vecer.com"
SI,Slovenia,2024-02-01T00:00:00Z,2024-03-01T00:00:00Z,7001,15,0.0021425510641336952,-0.6795543059806501,15,0.0021425510641336952,-0.6795543059806501,"24ur.com,rtvslo.si,delo.si,dnevnik.si,vecer.com"
SI,Slovenia,2024-03-01T00:00:00Z,2024-04-01T00:00:00Z,7677,12,0.0015631105900742479,1.1294642026197568,12,0.0015631105900742479,1.1294642026197568,"24ur.com,rtvslo.si,delo.si,dnevnik.si,vecer.com"
SI,Slovenia,2024-04-01T00:00:00Z,2024-05-01T00:00:00Z,7315,16,0.0021872863978127134,-0.1047270647702538,22,0.0030075187969924814,-1.0978706741351336,"24ur.com,rtvslo.si,delo.si,dnevnik.si,vecer.com"
SI,Slovenia,2024-05-01T00:00:00Z,2024-06-01T00:00:00Z,7558,120,0.01587721619476052,-1.6201540357017299,123,0.016274146599629533,-1.6156725626256128,"24ur.com,rtvslo.si,delo.si,dnevnik.si,vecer.com"
SI,Slovenia,2024-06-01T00:00:00Z,2024-07-01T00:00:00Z,7338,50,0.00681384573453257,-1.215814119195551,50,0.00681384573453257,-1.215814119195551,"24ur.com,rtvslo.si,delo.si,dnevnik.si,vecer.com"
SI,Slovenia,2024-07-01T00:00:00Z,2024-08-01T00:00:00Z,6984,25,0.003579610538373425,-0.832885144339202,27,0.003865979381443299,-0.712025352556414,"24ur.com,rtvslo.si,delo.si,dnevnik.si,vecer.com"
SI,Slovenia,2024-08-01T00:00:00Z,2024-09-01T00:00:00Z,5327,15,0.002815843814529754,-1.0085700963086754,15,0.002815843814529754,-1.0085700963086754,"24ur.com,rtvslo.si,delo.si,dnevnik.si,vecer.com"
SI,Slovenia,2024-09-01T00:00:00Z,2024-10-01T00:00:00Z,5938,7,0.0011788480970023577,0.6112425581269385,7,0.0011788480970023577,0.6112425581269385,"24ur.com,rtvslo.si,delo.si,dnevnik.si,vecer.com"
SI,Slovenia,2024-10-01T00:00:00Z,2024-11-01T00:00:00Z,6114,13,0.0021262675825973174,-0.7197237139714678,16,0.0026169447170428526,-0.6591656011159891,"24ur.com,rtvslo.si,delo.si,dnevnik.si,vecer.com"
SI,Slovenia,2024-11-01T00:00:00Z,2024-12-01T00:00:00Z,6059,12,0.001980524839082357,1.4603080854668984,14,0.0023106123122627496,0.4131182212058285,"24ur.com,rtvslo.si,delo.si,dnevnik.si,vecer.com"
SI,Slovenia,2024-12-01T00:00:00Z,2025-01-01T00:00:00Z,5709,9,0.0015764582238570678,0.6259939429250763,11,0.0019267822736030828,0.8028385816263923,"24ur.com,rtvslo.si,delo.si,dnevnik.si,vecer.com"
SI,Slovenia,2025-01-01T00:00:00Z,2025-02-01T00:00:00Z,6043,10,0.0016548072149594572,0.9074241173696458,14,0.0023167301009432402,0.9338387965299676,"24ur.com,rtvslo.si,delo.si,dnevnik.si,vecer.com"
SI,Slovenia,2025-02-01T00:00:00Z,2025-03-01T00:00:00Z,5256,11,0.0020928462709284626,0.5429993587149489,11,0.0020928462709284626,0.5429993587149489,"24ur.com,rtvslo.si,delo.si,dnevnik.si,vecer.com"
SI,Slovenia,2025-03-01T00:00:00Z,2025-04-01T00:00:00Z,6043,14,0.0023167301009432402,0.11107346852526745,14,0.0023167301009432402,0.11107346852526745,"24ur.com,rtvslo.si,delo.si,dnevnik.si,vecer.com"
SI,Slovenia,2025-04-01T00:00:00Z,2025-05-01T00:00:00Z,6008,19,0.0031624500665778962,0.16397983688645978,24,0.0039946737683089215,-1.026745680406591,"24ur.com,rtvslo.si,delo.si,dnevnik.si,vecer.com"
SI,Slovenia,2025-05-01T00:00:00Z,2025-06-01T00:00:00Z,5932,17,0.0028658125421443022,0.12703217622661578,18,0.0030343897505057315,-0.12026540713732518,"24ur.com,rtvslo.si,delo.si,dnevnik.si,vecer.com"
SI,Slovenia,2025-06-01T00:00:00Z,2025-07-01T00:00:00Z,2720,10,0.003676470588235294,-3.954200656835118,10,0.003676470588235294,-3.954200656835118,"24ur.com,rtvslo.si,delo.si,dnevnik.si,vecer.com"
SI,Slovenia,2025-07-01T00:00:00Z,2025-08-01T00:00:00Z,5650,20,0.0035398230088495575,-0.842899792113927,20,0.0035398230088495575,-0.842899792113927,"24ur.com,rtvslo.si,delo.si,dnevnik.si,vecer.com"
SI,Slovenia,2025-08-01T00:00:00Z,2025-09-01T00:00:00Z,5642,4,0.0007089684509039348,-0.37305652853861315,4,0.0007089684509039348,-0.37305652853861315,"24ur.com,rtvslo.si,delo.si,dnevnik.si,vecer.com"
SI,Slovenia,2025-09-01T00:00:00Z,2025-10-01T00:00:00Z,6287,17,0.0027039923651980277,0.44377198841715104,20,0.003181167488468268,-0.02688068803890163,"24ur.com,rtvslo.si,delo.si,dnevnik.si,vecer.com"
SI,Slovenia,2025-10-01T00:00:00Z,2025-11-01T00:00:00Z,8281,10,0.0012075836251660428,-2.79495160024577,10,0.0012075836251660428,-2.79495160024577,"24ur.com,rtvslo.si,delo.si,dnevnik.si,vecer.com"
SI,Slovenia,2025-11-01T00:00:00Z,2025-12-01T00:00:00Z,8166,19,0.0023267205486162137,3.1998236588253994,20,0.0024491795248591723,2.5320199758841295,"24ur.com,rtvslo.si,delo.si,dnevnik.si,vecer.com"
SI,Slovenia,2025-12-01T00:00:00Z,2026-01-01T00:00:00Z,8597,12,0.0013958357566592997,-0.5408006573408372,21,0.0024427125741537745,-2.4801728347108196,"24ur.com,rtvslo.si,delo.si,dnevnik.si,vecer.com"
SI,Slovenia,2026-01-01T00:00:00Z,2026-02-01T00:00:00Z,9218,14,0.0015187676285528314,0.18816537265894567,16,0.0017357344326318074,0.25703198858581633,"24ur.com,rtvslo.si,delo.si,dnevnik.si,vecer.com"
SI,Slovenia,2026-02-01T00:00:00Z,2026-03-01T00:00:00Z,9204,14,0.001521077792264233,-1.5552238353827035,17,0.0018470230334637113,-1.0813245815599004,"24ur.com,rtvslo.si,delo.si,dnevnik.si,vecer.com"
SI,Slovenia,2026-03-01T00:00:00Z,2026-04-01T00:00:00Z,3816,9,0.0023584905660377358,0.06195872817701775,11,0.002882599580712788,-0.5334113854528802,"24ur.com,rtvslo.si,delo.si,dnevnik.si,vecer.com"
UK,United Kingdom,2018-06-01T00:00:00Z,2018-07-01T00:00:00Z,58217,911,0.01564835013827576,-0.09015232310701632,942,0.016180840647920712,-0.09327675822572687,"bbc.co.uk,theguardian.com,telegraph.co.uk,independent.co.uk,dailymail.co.uk"
UK,United Kingdom,2018-07-01T00:00:00Z,2018-08-01T00:00:00Z,57180,877,0.01533753060510668,-0.7472478698382765,909,0.01589716684155299,-0.7487912828511113,"bbc.co.uk,theguardian.com,telegraph.co.uk,independent.co.uk,dailymail.co.uk"
UK,United Kingdom,2018-08-01T00:00:00Z,2018-09-01T00:00:00Z,55324,768,0.013881859590774348,-1.2960584258020338,809,0.014622948449136,-1.3234019831634203,"bbc.co.uk,theguardian.com,telegraph.co.uk,independent.co.uk,dailymail.co.uk"
UK,United Kingdom,2018-09-01T00:00:00Z,2018-10-01T00:00:00Z,54113,874,0.01615138691257184,-0.9080704681258269,917,0.016946020364792196,-0.9589739320676287,"bbc.co.uk,theguardian.com,telegraph.co.uk,independent.co.uk,dailymail.co.uk"
UK,United Kingdom,2018-10-01T00:00:00Z,2018-11-01T00:00:00Z,54619,1057,0.019352240062981748,-0.8475591224397452,1102,0.02017612918581446,-0.8709740002353059,"bbc.co.uk,theguardian.com,telegraph.co.uk,independent.co.uk,dailymail.co.uk"
UK,United Kingdom,2018-11-01T00:00:00Z,2018-12-01T00:00:00Z,49580,1473,0.029709560306575233,-1.2354345372599527,1501,0.03027430415490117,-1.1944253651613077,"bbc.co.uk,theguardian.com,telegraph.co.uk,independent.co.uk,dailymail.co.uk"
UK,United Kingdom,2018-12-01T00:00:00Z,2019-01-01T00:00:00Z,42065,1033,0.024557232853916557,-1.2697846049311696,1056,0.02510400570545584,-1.291423648978596,"bbc.co.uk,theguardian.com,telegraph.co.uk,independent.co.uk,dailymail.co.uk"
UK,United Kingdom,2019-01-01T00:00:00Z,2019-02-01T00:00:00Z,48070,1044,0.02171832743915124,-0.7134615453477802,1079,0.02244643228624922,-0.7577167322379711,"bbc.co.uk,theguardian.com,telegraph.co.uk,independent.co.uk,dailymail.co.uk"
UK,United Kingdom,2019-02-01T00:00:00Z,2019-03-01T00:00:00Z,44801,1343,0.029977009441753532,-0.9249305094981218,1365,0.030468069909153815,-0.9166547964683325,"bbc.co.uk,theguardian.com,telegraph.co.uk,independent.co.uk,dailymail.co.uk"
UK,United Kingdom,2019-03-01T00:00:00Z,2019-04-01T00:00:00Z,50094,1452,0.028985507246376812,-1.4131614094733143,1475,0.029444644069149997,-1.3963512318528244,"bbc.co.uk,theguardian.com,telegraph.co.uk,independent.co.uk,dailymail.co.uk"
UK,United Kingdom,2019-04-01T00:00:00Z,2019-05-01T00:00:00Z,47800,1331,0.02784518828451883,-1.2270702383724899,1381,0.028891213389121338,-1.2517768124984603,"bbc.co.uk,theguardian.com,telegraph.co.uk,independent.co.uk,dailymail.co.uk"
UK,United Kingdom,2019-05-01T00:00:00Z,2019-06-01T00:00:00Z,48652,910,0.01870426703938173,-0.8547878154232172,1127,0.023164515333388144,-0.9638785508764892,"bbc.co.uk,theguardian.com,telegraph.co.uk,independent.co.uk,dailymail.co.uk"
UK,United Kingdom,2019-06-01T00:00:00Z,2019-07-01T00:00:00Z,45260,756,0.016703490941228458,-0.8423141583529858,983,0.02171895713654441,-1.0545395178900796,"bbc.co.uk,theguardian.com,telegraph.co.uk,independent.co.uk,dailymail.co.uk"
UK,United Kingdom,2019-07-01T00:00:00Z,2019-08-01T00:00:00Z,47046,1011,0.02148960591761255,-1.3253856183341135,1050,0.02231858181354419,-1.3252284142110047,"bbc.co.uk,theguardian.com,telegraph.co.uk,independent.co.uk,dailymail.co.uk"
UK,United Kingdom,2019-08-01T00:00:00Z,2019-09-01T00:00:00Z,38271,810,0.02116485067022027,-1.3044398639603827,828,0.021635180685114056,-1.2516437724759553,"bbc.co.uk,theguardian.com,telegraph.co.uk,independent.co.uk,dailymail.co.uk"
UK,United Kingdom,2019-09-01T00:00:00Z,2019-10-01T00:00:00Z,40335,863,0.02139581009049213,-0.8983408577055958,891,0.022089996281145406,-0.901582025700966,"bbc.co.uk,theguardian.com,telegraph.co.uk,independent.co.uk,dailymail.co.uk"
UK,United Kingdom,2019-10-01T00:00:00Z,2019-11-01T00:00:00Z,42293,967,0.022864303785496417,-0.6951969497185015,991,0.023431773579552173,-0.6677387852596227,"bbc.co.uk,theguardian.com,telegraph.co.uk,independent.co.uk,dailymail.co.uk"
UK,United Kingdom,2019-11-01T00:00:00Z,2019-12-01T00:00:00Z,40322,935,0.023188333912008332,-0.8744622742482907,989,0.024527553196766035,-0.9725575635809016,"bbc.co.uk,theguardian.com,telegraph.co.uk,independent.co.uk,dailymail.co.uk"
UK,United Kingdom,2019-12-01T00:00:00Z,2020-01-01T00:00:00Z,36313,657,0.018092694076501527,-0.3648473041670585,798,0.021975601024426514,-0.8503621585694822,"bbc.co.uk,theguardian.com,telegraph.co.uk,independent.co.uk,dailymail.co.uk"
UK,United Kingdom,2020-01-01T00:00:00Z,2020-02-01T00:00:00Z,39747,664,0.016705663320502176,-0.5693651027916937,699,0.01758623292323949,-0.5965177413204533,"bbc.co.uk,theguardian.com,telegraph.co.uk,independent.co.uk,dailymail.co.uk"
UK,United Kingdom,2020-02-01T00:00:00Z,2020-03-01T00:00:00Z,36528,588,0.016097240473061762,-1.0623450792927878,606,0.016590013140604466,-1.0897388070984433,"bbc.co.uk,theguardian.com,telegraph.co.uk,independent.co.uk,dailymail.co.uk"
UK,United Kingdom,2020-03-01T00:00:00Z,2020-04-01T00:00:00Z,40334,717,0.017776565676600388,-0.6237595113218684,749,0.018569940992710865,-0.7228425432154809,"bbc.co.uk,theguardian.com,telegraph.co.uk,independent.co.uk,dailymail.co.uk"
UK,United Kingdom,2020-04-01T00:00:00Z,2020-05-01T00:00:00Z,39559,542,0.01370105412169165,-0.9178163478514508,566,0.01430774286508759,-1.0525526846114108,"bbc.co.uk,theguardian.com,telegraph.co.uk,independent.co.uk,dailymail.co.uk"
UK,United Kingdom,2020-05-01T00:00:00Z,2020-06-01T00:00:00Z,37599,648,0.017234500917577594,-0.7036873420726305,676,0.01797920157450996,-0.7449931818640451,"bbc.co.uk,theguardian.com,telegraph.co.uk,independent.co.uk,dailymail.co.uk"
UK,United Kingdom,2020-06-01T00:00:00Z,2020-07-01T00:00:00Z,35255,493,0.013983832080555949,-1.8244263273299826,503,0.014267479790100695,-1.8527381187203418,"bbc.co.uk,theguardian.com,telegraph.co.uk,independent.co.uk,dailymail.co.uk"
UK,United Kingdom,2020-07-01T00:00:00Z,2020-08-01T00:00:00Z,36240,642,0.01771523178807947,-1.004209090130814,695,0.019177704194260486,-1.127812037660309,"bbc.co.uk,theguardian.com,telegraph.co.uk,independent.co.uk,dailymail.co.uk"
UK,United Kingdom,2020-08-01T00:00:00Z,2020-09-01T00:00:00Z,34158,605,0.0177118098249312,-0.7375597665244966,634,0.018560805667779144,-0.8068313431115371,"bbc.co.uk,theguardian.com,telegraph.co.uk,independent.co.uk,dailymail.co.uk"
UK,United Kingdom,2020-09-01T00:00:00Z,2020-10-01T00:00:00Z,37779,583,0.01543185367532227,-0.737950982259379,610,0.016146536435585907,-0.772384563254912,"bbc.co.uk,theguardian.com,telegraph.co.uk,independent.co.uk,dailymail.co.uk"
UK,United Kingdom,2020-10-01T00:00:00Z,2020-11-01T00:00:00Z,30001,470,0.015666144461851272,-0.6980272866111333,496,0.01653278224059198,-0.7690462496847528,"bbc.co.uk,theguardian.com,telegraph.co.uk,independent.co.uk,dailymail.co.uk"
UK,United Kingdom,2020-11-01T00:00:00Z,2020-12-01T00:00:00Z,26679,472,0.017691817534390343,-0.8030870977029646,484,0.01814160950560366,-0.8366337476793999,"bbc.co.uk,theguardian.com,telegraph.co.uk,independent.co.uk,dailymail.co.uk"
UK,United Kingdom,2020-12-01T00:00:00Z,2021-01-01T00:00:00Z,34767,813,0.02338424367935111,-1.113610658229493,833,0.02395950182644462,-1.1368115966940735,"bbc.co.uk,theguardian.com,telegraph.co.uk,independent.co.uk,dailymail.co.uk"
UK,United Kingdom,2021-01-01T00:00:00Z,2021-02-01T00:00:00Z,34675,622,0.0179379956741168,-0.9347334010764411,645,0.018601297764960344,-0.9752864665582327,"bbc.co.uk,theguardian.com,telegraph.co.uk,independent.co.uk,dailymail.co.uk"
UK,United Kingdom,2021-02-01T00:00:00Z,2021-03-01T00:00:00Z,31654,592,0.018702217729196943,-0.8486247173423401,610,0.019270866241233336,-0.9165162657819124,"bbc.co.uk,theguardian.com,telegraph.co.uk,independent.co.uk,dailymail.co.uk"
UK,United Kingdom,2021-03-01T00:00:00Z,2021-04-01T00:00:00Z,35336,746,0.021111614217794884,-0.7822499840336115,762,0.02156441023318995,-0.7982359022985722,"bbc.co.uk,theguardian.com,telegraph.co.uk,independent.co.uk,dailymail.co.uk"
UK,United Kingdom,2021-04-01T00:00:00Z,2021-05-01T00:00:00Z,33345,647,0.019403208876893088,-0.6471503333460634,672,0.020152946468735944,-0.7415552430669271,"bbc.co.uk,theguardian.com,telegraph.co.uk,independent.co.uk,dailymail.co.uk"
UK,United Kingdom,2021-05-01T00:00:00Z,2021-06-01T00:00:00Z,34660,575,0.016589728793998847,-0.6928649357925377,615,0.017743796884016158,-0.8446502231715213,"bbc.co.uk,theguardian.com,telegraph.co.uk,independent.co.uk,dailymail.co.uk"
UK,United Kingdom,2021-06-01T00:00:00Z,2021-07-01T00:00:00Z,34189,528,0.01544356371932493,-0.941668057998879,551,0.01611629471467431,-1.0119233371482435,"bbc.co.uk,theguardian.com,telegraph.co.uk,independent.co.uk,dailymail.co.uk"
UK,United Kingdom,2021-07-01T00:00:00Z,2021-08-01T00:00:00Z,35834,697,0.019450800915331808,-1.142714423172891,711,0.0198414913210917,-1.1436671486660026,"bbc.co.uk,theguardian.com,telegraph.co.uk,independent.co.uk,dailymail.co.uk"
UK,United Kingdom,2021-08-01T00:00:00Z,2021-09-01T00:00:00Z,32113,478,0.014884937564226326,-1.3849584545431506,494,0.01538317815215022,-1.3939084801293276,"bbc.co.uk,theguardian.com,telegraph.co.uk,independent.co.uk,dailymail.co.uk"
UK,United Kingdom,2021-09-01T00:00:00Z,2021-10-01T00:00:00Z,36898,540,0.014634939563119953,-0.9431895065373501,571,0.015475093501002764,-0.9878837739253999,"bbc.co.uk,theguardian.com,telegraph.co.uk,independent.co.uk,dailymail.co.uk"
UK,United Kingdom,2021-10-01T00:00:00Z,2021-11-01T00:00:00Z,33783,562,0.016635585945593938,-0.8018890019830117,623,0.018441227836485805,-0.9211223787914572,"bbc.co.uk,theguardian.com,telegraph.co.uk,independent.co.uk,dailymail.co.uk"
UK,United Kingdom,2021-11-01T00:00:00Z,2021-12-01T00:00:00Z,32850,584,0.017777777777777778,-0.8192493817816455,617,0.01878234398782344,-0.8796805147084432,"bbc.co.uk,theguardian.com,telegraph.co.uk,independent.co.uk,dailymail.co.uk"
UK,United Kingdom,2021-12-01T00:00:00Z,2022-01-01T00:00:00Z,31148,591,0.018973930910491845,-1.117864510999787,612,0.01964813150121998,-1.1542322307193398,"bbc.co.uk,theguardian.com,telegraph.co.uk,independent.co.uk,dailymail.co.uk"
UK,United Kingdom,2022-01-01T00:00:00Z,2022-02-01T00:00:00Z,31905,551,0.01727002037298229,-1.0036822314439462,580,0.01817896881366557,-1.0656715037964037,"bbc.co.uk,theguardian.com,telegraph.co.uk,independent.co.uk,dailymail.co.uk"
UK,United Kingdom,2022-02-01T00:00:00Z,2022-03-01T00:00:00Z,29882,482,0.016130111772973698,-1.2237112543581583,501,0.016765946054480958,-1.269623401638873,"bbc.co.uk,theguardian.com,telegraph.co.uk,independent.co.uk,dailymail.co.uk"
UK,United Kingdom,2022-03-01T00:00:00Z,2022-04-01T00:00:00Z,33213,491,0.01478336795832957,-0.9726944945361427,519,0.01562641134495529,-1.1243751944185534,"bbc.co.uk,theguardian.com,telegraph.co.uk,independent.co.uk,dailymail.co.uk"
UK,United Kingdom,2022-04-01T00:00:00Z,2022-05-01T00:00:00Z,30335,628,0.020702159222020768,0.029102064294285877,645,0.021262567990769737,-0.04354950752786238,"bbc.co.uk,theguardian.com,telegraph.co.uk,independent.co.uk,dailymail.co.uk"
UK,United Kingdom,2022-05-01T00:00:00Z,2022-06-01T00:00:00Z,32240,570,0.017679900744416874,-0.3226158459166157,596,0.018486352357320098,-0.4161247972668219,"bbc.co.uk,theguardian.com,telegraph.co.uk,independent.co.uk,dailymail.co.uk"
UK,United Kingdom,2022-06-01T00:00:00Z,2022-07-01T00:00:00Z,30322,727,0.02397599102961546,0.5470952034453607,759,0.025031330387177628,0.4022302472883075,"bbc.co.uk,theguardian.com,telegraph.co.uk,independent.co.uk,dailymail.co.uk"
UK,United Kingdom,2022-07-01T00:00:00Z,2022-08-01T00:00:00Z,30279,654,0.02159912810859011,0.10958084846677621,684,0.022589913801644705,-0.01908749988843344,"bbc.co.uk,theguardian.com,telegraph.co.uk,independent.co.uk,dailymail.co.uk"
UK,United Kingdom,2022-08-01T00:00:00Z,2022-09-01T00:00:00Z,30570,725,0.023716061498200852,-0.9301392401725981,845,0.02764147857376513,-1.1375249844134965,"bbc.co.uk,theguardian.com,telegraph.co.uk,independent.co.uk,dailymail.co.uk"
UK,United Kingdom,2022-09-01T00:00:00Z,2022-10-01T00:00:00Z,30060,586,0.019494344644045244,-0.5555593431462197,616,0.02049234863606121,-0.6205672239438251,"bbc.co.uk,theguardian.com,telegraph.co.uk,independent.co.uk,dailymail.co.uk"
UK,United Kingdom,2022-10-01T00:00:00Z,2022-11-01T00:00:00Z,32280,531,0.01644981412639405,-0.31861171891268053,552,0.017100371747211896,-0.33883546266716386,"bbc.co.uk,theguardian.com,telegraph.co.uk,independent.co.uk,dailymail.co.uk"
UK,United Kingdom,2022-11-01T00:00:00Z,2022-12-01T00:00:00Z,32030,569,0.01776459569153918,-0.8483249644727813,590,0.018420231033406183,-0.8706607401020126,"bbc.co.uk,theguardian.com,telegraph.co.uk,independent.co.uk,dailymail.co.uk"
UK,United Kingdom,2022-12-01T00:00:00Z,2023-01-01T00:00:00Z,30998,432,0.013936382992451125,-0.3661107660123134,451,0.014549325762952448,-0.5006912834347538,"bbc.co.uk,theguardian.com,telegraph.co.uk,independent.co.uk,dailymail.co.uk"
UK,United Kingdom,2023-01-01T00:00:00Z,2023-02-01T00:00:00Z,32959,573,0.01738523620255469,-0.7107807898952347,584,0.01771898419248157,-0.7310800693317585,"bbc.co.uk,theguardian.com,telegraph.co.uk,independent.co.uk,dailymail.co.uk"
UK,United Kingdom,2023-02-01T00:00:00Z,2023-03-01T00:00:00Z,29294,502,0.01713661500648597,-0.6469747093264925,520,0.017751075305523317,-0.7016067260907134,"bbc.co.uk,theguardian.com,telegraph.co.uk,independent.co.uk,dailymail.co.uk"
UK,United Kingdom,2023-03-01T00:00:00Z,2023-04-01T00:00:00Z,35135,658,0.018727764337555144,-0.7435609314167161,697,0.019837768606802333,-0.761129539842801,"bbc.co.uk,theguardian.com,telegraph.co.uk,independent.co.uk,dailymail.co.uk"
UK,United Kingdom,2023-04-01T00:00:00Z,2023-05-01T00:00:00Z,38551,731,0.018961894633083447,-0.9631055828695261,781,0.020258877850120618,-1.0203338531530397,"bbc.co.uk,theguardian.com,telegraph.co.uk,independent.co.uk,dailymail.co.uk"
UK,United Kingdom,2023-05-01T00:00:00Z,2023-06-01T00:00:00Z,40651,620,0.015251777324051068,-0.487709234031721,667,0.01640796044377752,-0.5888045460732934,"bbc.co.uk,theguardian.com,telegraph.co.uk,independent.co.uk,dailymail.co.uk"
UK,United Kingdom,2023-06-01T00:00:00Z,2023-07-01T00:00:00Z,38621,633,0.01639004686569483,-1.3149385716105326,662,0.017140933688925716,-1.313763357391743,"bbc.co.uk,theguardian.com,telegraph.co.uk,independent.co.uk,dailymail.co.uk"
UK,United Kingdom,2023-07-01T00:00:00Z,2023-08-01T00:00:00Z,37879,707,0.018664695477705325,-0.8780762047620349,748,0.01974708941629927,-0.9165134724434323,"bbc.co.uk,theguardian.com,telegraph.co.uk,independent.co.uk,dailymail.co.uk"
UK,United Kingdom,2023-08-01T00:00:00Z,2023-09-01T00:00:00Z,37796,617,0.016324478780823368,-1.5847656777044727,649,0.017171129220023285,-1.5750363017043363,"bbc.co.uk,theguardian.com,telegraph.co.uk,independent.co.uk,dailymail.co.uk"
UK,United Kingdom,2023-09-01T00:00:00Z,2023-10-01T00:00:00Z,37483,594,0.015847184056772403,-1.024550779237655,630,0.016807619454152548,-1.0928318507486794,"bbc.co.uk,theguardian.com,telegraph.co.uk,independent.co.uk,dailymail.co.uk"
UK,United Kingdom,2023-10-01T00:00:00Z,2023-11-01T00:00:00Z,38886,664,0.0170755541840251,-1.0270727615100432,696,0.01789847245795402,-1.071061600058585,"bbc.co.uk,theguardian.com,telegraph.co.uk,independent.co.uk,dailymail.co.uk"
UK,United Kingdom,2023-11-01T00:00:00Z,2023-12-01T00:00:00Z,38244,605,0.015819474950319004,-1.2744380377070816,637,0.016656207509674722,-1.2769199467486743,"bbc.co.uk,theguardian.com,telegraph.co.uk,independent.co.uk,dailymail.co.uk"
UK,United Kingdom,2023-12-01T00:00:00Z,2024-01-01T00:00:00Z,33680,588,0.017458432304038006,-0.901411768243424,612,0.01817102137767221,-0.9700578083372947,"bbc.co.uk,theguardian.com,telegraph.co.uk,independent.co.uk,dailymail.co.uk"
UK,United Kingdom,2024-01-01T00:00:00Z,2024-02-01T00:00:00Z,37136,763,0.02054610081861267,-0.9948830332728912,824,0.02218871176217148,-1.0010035207361265,"bbc.co.uk,theguardian.com,telegraph.co.uk,independent.co.uk,dailymail.co.uk"
UK,United Kingdom,2024-02-01T00:00:00Z,2024-03-01T00:00:00Z,36584,657,0.017958670457030396,-1.014856414041912,680,0.01858736059479554,-1.043545366259491,"bbc.co.uk,theguardian.com,telegraph.co.uk,independent.co.uk,dailymail.co.uk"
UK,United Kingdom,2024-03-01T00:00:00Z,2024-04-01T00:00:00Z,37058,771,0.02080522424307842,-0.6946176988731214,789,0.021290949322683363,-0.7161916101906177,"bbc.co.uk,theguardian.com,telegraph.co.uk,independent.co.uk,dailymail.co.uk"
UK,United Kingdom,2024-04-01T00:00:00Z,2024-05-01T00:00:00Z,35142,788,0.022423311137670026,-0.9893544120554563,827,0.023533094303113084,-1.0498566141808299,"bbc.co.uk,theguardian.com,telegraph.co.uk,independent.co.uk,dailymail.co.uk"
UK,United Kingdom,2024-05-01T00:00:00Z,2024-06-01T00:00:00Z,35193,851,0.02418094507430455,-0.4187659611912342,890,0.025289119995453642,-0.5278963590213613,"bbc.co.uk,theguardian.com,telegraph.co.uk,independent.co.uk,dailymail.co.uk"
UK,United Kingdom,2024-06-01T00:00:00Z,2024-07-01T00:00:00Z,31454,620,0.019711324473834807,-0.6034611447779704,639,0.020315381191581355,-0.601071809880703,"bbc.co.uk,theguardian.com,telegraph.co.uk,independent.co.uk,dailymail.co.uk"
UK,United Kingdom,2024-07-01T00:00:00Z,2024-08-01T00:00:00Z,32737,719,0.021962916577572777,-1.1766328591483741,738,0.022543299630387634,-1.2199777497823765,"bbc.co.uk,theguardian.com,telegraph.co.uk,independent.co.uk,dailymail.co.uk"
UK,United Kingdom,2024-08-01T00:00:00Z,2024-09-01T00:00:00Z,30453,687,0.022559353758250418,-0.6310773402918277,708,0.023248940991035368,-0.6592264887162227,"bbc.co.uk,theguardian.com,telegraph.co.uk,independent.co.uk,dailymail.co.uk"
UK,United Kingdom,2024-09-01T00:00:00Z,2024-10-01T00:00:00Z,31433,864,0.027487035917666148,-1.4199103517568912,887,0.028218750994178095,-1.4080364627355901,"bbc.co.uk,theguardian.com,telegraph.co.uk,independent.co.uk,dailymail.co.uk"
UK,United Kingdom,2024-10-01T00:00:00Z,2024-11-01T00:00:00Z,33591,625,0.01860617427287071,-1.31310702218936,661,0.019677889910988063,-1.356529424222485,"bbc.co.uk,theguardian.com,telegraph.co.uk,independent.co.uk,dailymail.co.uk"
UK,United Kingdom,2024-11-01T00:00:00Z,2024-12-01T00:00:00Z,32456,891,0.02745255114616712,-1.0483248363331157,915,0.028192013803302933,-1.0521216682263117,"bbc.co.uk,theguardian.com,telegraph.co.uk,independent.co.uk,dailymail.co.uk"
UK,United Kingdom,2024-12-01T00:00:00Z,2025-01-01T00:00:00Z,27203,677,0.024886960996948867,-1.0905246995852462,693,0.02547513141932875,-1.0952397248903896,"bbc.co.uk,theguardian.com,telegraph.co.uk,independent.co.uk,dailymail.co.uk"
UK,United Kingdom,2025-01-01T00:00:00Z,2025-02-01T00:00:00Z,29424,667,0.02266856987493203,-0.9201060282750602,687,0.023348287112561174,-0.9307826154095317,"bbc.co.uk,theguardian.com,telegraph.co.uk,independent.co.uk,dailymail.co.uk"
UK,United Kingdom,2025-02-01T00:00:00Z,2025-03-01T00:00:00Z,26740,614,0.022961854899027676,-0.8172510058698876,629,0.023522812266267765,-0.8351085450858573,"bbc.co.uk,theguardian.com,telegraph.co.uk,independent.co.uk,dailymail.co.uk"
UK,United Kingdom,2025-03-01T00:00:00Z,2025-04-01T00:00:00Z,28470,590,0.02072356866877415,-1.2307393614900786,610,0.02142606252195293,-1.3345231729897136,"bbc.co.uk,theguardian.com,telegraph.co.uk,independent.co.uk,dailymail.co.uk"
UK,United Kingdom,2025-04-01T00:00:00Z,2025-05-01T00:00:00Z,26208,651,0.024839743589743588,-1.1262318334444665,671,0.025602869352869352,-1.137072030290151,"bbc.co.uk,theguardian.com,telegraph.co.uk,independent.co.uk,dailymail.co.uk"
UK,United Kingdom,2025-05-01T00:00:00Z,2025-06-01T00:00:00Z,26358,689,0.026140071325593747,-1.0906285457197733,708,0.026860915092192125,-1.0882414559832416,"bbc.co.uk,theguardian.com,telegraph.co.uk,independent.co.uk,dailymail.co.uk"
UK,United Kingdom,2025-06-01T00:00:00Z,2025-07-01T00:00:00Z,11419,242,0.021192748927226553,-1.016562706043007,249,0.02180576232594798,-1.1006202443750066,"bbc.co.uk,theguardian.com,telegraph.co.uk,independent.co.uk,dailymail.co.uk"
UK,United Kingdom,2025-07-01T00:00:00Z,2025-08-01T00:00:00Z,24108,575,0.02385100381616061,-1.358952935930007,589,0.024431723909075824,-1.359074044190726,"bbc.co.uk,theguardian.com,telegraph.co.uk,independent.co.uk,dailymail.co.uk"
UK,United Kingdom,2025-08-01T00:00:00Z,2025-09-01T00:00:00Z,23673,488,0.020614201833312213,-1.3416463251685453,503,0.021247835086385333,-1.356023509522097,"bbc.co.uk,theguardian.com,telegraph.co.uk,independent.co.uk,dailymail.co.uk"
UK,United Kingdom,2025-09-01T00:00:00Z,2025-10-01T00:00:00Z,24145,421,0.017436322219921307,-1.4366964684362824,438,0.018140401739490577,-1.426891313641342,"bbc.co.uk,theguardian.com,telegraph.co.uk,independent.co.uk,dailymail.co.uk"
UK,United Kingdom,2025-10-01T00:00:00Z,2025-11-01T00:00:00Z,25933,479,0.0184706744302626,-1.0785819779833263,502,0.019357575290170823,-1.0886011391868782,"bbc.co.uk,theguardian.com,telegraph.co.uk,independent.co.uk,dailymail.co.uk"
UK,United Kingdom,2025-11-01T00:00:00Z,2025-12-01T00:00:00Z,24139,516,0.02137619619702556,-1.0800903714741188,538,0.02228758440697626,-1.1251323341754176,"bbc.co.uk,theguardian.com,telegraph.co.uk,independent.co.uk,dailymail.co.uk"
UK,United Kingdom,2025-12-01T00:00:00Z,2026-01-01T00:00:00Z,17395,378,0.021730382293762576,-1.0694396601485936,410,0.02356999137683242,-1.2176093741972236,"bbc.co.uk,theguardian.com,telegraph.co.uk,independent.co.uk,dailymail.co.uk"
UK,United Kingdom,2026-01-01T00:00:00Z,2026-02-01T00:00:00Z,24458,600,0.024531850519257502,-0.9801675451319721,623,0.025472238122495706,-0.9782542647001367,"bbc.co.uk,theguardian.com,telegraph.co.uk,independent.co.uk,dailymail.co.uk"
UK,United Kingdom,2026-02-01T00:00:00Z,2026-03-01T00:00:00Z,23027,624,0.027098623355191732,-1.8478280734512313,643,0.027923741694532506,-1.8785422618516963,"bbc.co.uk,theguardian.com,telegraph.co.uk,independent.co.uk,dailymail.co.uk"
UK,United Kingdom,2026-03-01T00:00:00Z,2026-04-01T00:00:00Z,10125,409,0.04039506172839506,-1.8396771852010676,414,0.04088888888888889,-1.840427249451951,"bbc.co.uk,theguardian.com,telegraph.co.uk,independent.co.uk,dailymail.co.uk"
