country,country_name,month_start_utc,month_end_utc,all_articles,ai_articles_strict,ai_proportion_strict,ai_tone_strict,ai_articles_balanced,ai_proportion_balanced,ai_tone_balanced,domains
AT,Austria,2018-06-01T00:00:00Z,2018-07-01T00:00:00Z,15798,101,0.006393214330927966,-1.458749773468255,102,0.006456513482719331,-1.4831479955033953,"orf.at,derstandard.at,krone.at,kurier.at,diepresse.com"
AT,Austria,2018-07-01T00:00:00Z,2018-08-01T00:00:00Z,14741,162,0.010989756461569772,-1.8132402956545395,164,0.011125432467268164,-1.8749960688221134,"orf.at,derstandard.at,krone.at,kurier.at,diepresse.com"
AT,Austria,2018-08-01T00:00:00Z,2018-09-01T00:00:00Z,13940,74,0.005308464849354376,-0.611802789940184,76,0.0054519368723099,-0.6144675773908296,"orf.at,derstandard.at,krone.at,kurier.at,diepresse.com"
AT,Austria,2018-09-01T00:00:00Z,2018-10-01T00:00:00Z,12829,101,0.007872788214202198,-0.95726242185457,106,0.008262530205004287,-1.098361640461441,"orf.at,derstandard.at,krone.at,kurier.at,diepresse.com"
AT,Austria,2018-10-01T00:00:00Z,2018-11-01T00:00:00Z,12714,99,0.00778669183577159,-0.918754536983531,105,0.00825861255309108,-1.167224609660076,"orf.at,derstandard.at,krone.at,kurier.at,diepresse.com"
AT,Austria,2018-11-01T00:00:00Z,2018-12-01T00:00:00Z,12986,106,0.008162636685661482,-1.0918655739965293,112,0.00862467272447251,-0.9824431714262919,"orf.at,derstandard.at,krone.at,kurier.at,diepresse.com"
AT,Austria,2018-12-01T00:00:00Z,2019-01-01T00:00:00Z,11151,77,0.006905210295040804,-2.0155871880541203,79,0.007084566406600305,-1.91941386460568,"orf.at,derstandard.at,krone.at,kurier.at,diepresse.com"
AT,Austria,2019-01-01T00:00:00Z,2019-02-01T00:00:00Z,13073,81,0.00619597643999082,-1.5724719064455324,90,0.0068844182666564675,-1.5450613426633435,"orf.at,derstandard.at,krone.at,kurier.at,diepresse.com"
AT,Austria,2019-02-01T00:00:00Z,2019-03-01T00:00:00Z,12161,60,0.004933804785790643,-0.29272249033742703,60,0.004933804785790643,-0.29272249033742703,"orf.at,derstandard.at,krone.at,kurier.at,diepresse.com"
AT,Austria,2019-03-01T00:00:00Z,2019-04-01T00:00:00Z,12529,65,0.005187963923697023,-0.6498222347144427,66,0.0052677787532923615,-0.8042699810668886,"orf.at,derstandard.at,krone.at,kurier.at,diepresse.com"
AT,Austria,2019-04-01T00:00:00Z,2019-05-01T00:00:00Z,11938,74,0.006198693248450327,-1.1971982078576533,74,0.006198693248450327,-1.1971982078576533,"orf.at,derstandard.at,krone.at,kurier.at,diepresse.com"
AT,Austria,2019-05-01T00:00:00Z,2019-06-01T00:00:00Z,13166,106,0.008051040559015647,-0.03978592118577326,113,0.008582713048761962,-0.022626804099533885,"orf.at,derstandard.at,krone.at,kurier.at,diepresse.com"
AT,Austria,2019-06-01T00:00:00Z,2019-07-01T00:00:00Z,12146,79,0.00650419891322246,-0.8957161160226362,82,0.006751193808661288,-1.1033774882953733,"orf.at,derstandard.at,krone.at,kurier.at,diepresse.com"
AT,Austria,2019-07-01T00:00:00Z,2019-08-01T00:00:00Z,13100,92,0.007022900763358778,-0.7205270762858126,98,0.007480916030534351,-0.9033143835312265,"orf.at,derstandard.at,krone.at,kurier.at,diepresse.com"
AT,Austria,2019-08-01T00:00:00Z,2019-09-01T00:00:00Z,10495,47,0.004478323010957599,-0.8955568427088345,48,0.004573606479275846,-1.0049254792492344,"orf.at,derstandard.at,krone.at,kurier.at,diepresse.com"
AT,Austria,2019-09-01T00:00:00Z,2019-10-01T00:00:00Z,11577,74,0.006391984106417898,-1.0650186432828126,76,0.006564740433618381,-1.0282055865121775,"orf.at,derstandard.at,krone.at,kurier.at,diepresse.com"
AT,Austria,2019-10-01T00:00:00Z,2019-11-01T00:00:00Z,13634,89,0.006527798151679624,-0.02845355069655661,94,0.006894528384920053,-0.23125953379307096,"orf.at,derstandard.at,krone.at,kurier.at,diepresse.com"
AT,Austria,2019-11-01T00:00:00Z,2019-12-01T00:00:00Z,12855,46,0.003578374173473357,-0.8192617545659286,47,0.0036561649163749516,-0.7234156813729582,"orf.at,derstandard.at,krone.at,kurier.at,diepresse.com"
AT,Austria,2019-12-01T00:00:00Z,2020-01-01T00:00:00Z,11806,39,0.0033034050482805355,-0.1500838068132868,45,0.003811621209554464,-0.1374218703086943,"orf.at,derstandard.at,krone.at,kurier.at,diepresse.com"
AT,Austria,2020-01-01T00:00:00Z,2020-02-01T00:00:00Z,13107,61,0.004654001678492409,-0.08161416812177799,70,0.005340657663843748,-0.3141299902390471,"orf.at,derstandard.at,krone.at,kurier.at,diepresse.com"
AT,Austria,2020-02-01T00:00:00Z,2020-03-01T00:00:00Z,11933,47,0.003938657504399565,-0.6399130842377306,48,0.004022458727897428,-0.6688827460826088,"orf.at,derstandard.at,krone.at,kurier.at,diepresse.com"
AT,Austria,2020-03-01T00:00:00Z,2020-04-01T00:00:00Z,14174,46,0.003245378862706364,-0.810578427661619,46,0.003245378862706364,-0.810578427661619,"orf.at,derstandard.at,krone.at,kurier.at,diepresse.com"
AT,Austria,2020-04-01T00:00:00Z,2020-05-01T00:00:00Z,13621,33,0.0024227296086924604,-0.2793474326614549,39,0.0028632259011819984,-1.0901708052458579,"orf.at,derstandard.at,krone.at,kurier.at,diepresse.com"
AT,Austria,2020-05-01T00:00:00Z,2020-06-01T00:00:00Z,13032,50,0.0038367096378146104,-0.5587357991471492,54,0.004143646408839779,-0.7894089135751619,"orf.at,derstandard.at,krone.at,kurier.at,diepresse.com"
AT,Austria,2020-06-01T00:00:00Z,2020-07-01T00:00:00Z,12582,41,0.00325862343029725,-1.1998756878355046,42,0.0033381020505484026,-1.3535988857441832,"orf.at,derstandard.at,krone.at,kurier.at,diepresse.com"
AT,Austria,2020-07-01T00:00:00Z,2020-08-01T00:00:00Z,12447,50,0.0040170322165983775,-0.6623564305044308,53,0.0042580541495942795,-0.77480263565901,"orf.at,derstandard.at,krone.at,kurier.at,diepresse.com"
AT,Austria,2020-08-01T00:00:00Z,2020-09-01T00:00:00Z,10637,34,0.0031963899595750683,-2.803096167644322,36,0.0033844128983736015,-2.9068773078678567,"orf.at,derstandard.at,krone.at,kurier.at,diepresse.com"
AT,Austria,2020-09-01T00:00:00Z,2020-10-01T00:00:00Z,11309,35,0.003094880183924308,-1.6659780816922196,38,0.0033601556282606775,-1.8980011073950958,"orf.at,derstandard.at,krone.at,kurier.at,diepresse.com"
AT,Austria,2020-10-01T00:00:00Z,2020-11-01T00:00:00Z,9558,20,0.002092487968194183,-0.21540479097583848,22,0.002301736765013601,-0.0014435939074445292,"orf.at,derstandard.at,krone.at,kurier.at,diepresse.com"
AT,Austria,2020-11-01T00:00:00Z,2020-12-01T00:00:00Z,9372,26,0.002774221084080239,-0.8653488814860794,28,0.002987622705932565,-0.7680016443934347,"orf.at,derstandard.at,krone.at,kurier.at,diepresse.com"
AT,Austria,2020-12-01T00:00:00Z,2021-01-01T00:00:00Z,12917,58,0.004490206704343113,0.3128220704491467,61,0.004722458775257413,0.10705842306403102,"orf.at,derstandard.at,krone.at,kurier.at,diepresse.com"
AT,Austria,2021-01-01T00:00:00Z,2021-02-01T00:00:00Z,13849,40,0.002888295183767781,-0.6455810842004182,47,0.0033937468409271426,-0.7965649702681947,"orf.at,derstandard.at,krone.at,kurier.at,diepresse.com"
AT,Austria,2021-02-01T00:00:00Z,2021-03-01T00:00:00Z,13714,40,0.002916727431821496,-1.2118225900008046,42,0.003062563803412571,-1.2913144886190704,"orf.at,derstandard.at,krone.at,kurier.at,diepresse.com"
AT,Austria,2021-03-01T00:00:00Z,2021-04-01T00:00:00Z,13937,44,0.0031570639305445935,-0.29983227201184603,45,0.0032288153835115163,-0.3970461643904364,"orf.at,derstandard.at,krone.at,kurier.at,diepresse.com"
AT,Austria,2021-04-01T00:00:00Z,2021-05-01T00:00:00Z,12776,47,0.003678772698810269,-0.6972885323959457,50,0.003913587977457733,-0.9072205038004199,"orf.at,derstandard.at,krone.at,kurier.at,diepresse.com"
AT,Austria,2021-05-01T00:00:00Z,2021-06-01T00:00:00Z,14014,29,0.002069359212216355,-0.7228750647799191,32,0.0022834308548594262,-0.6375335098148984,"orf.at,derstandard.at,krone.at,kurier.at,diepresse.com"
AT,Austria,2021-06-01T00:00:00Z,2021-07-01T00:00:00Z,14339,53,0.0036962131250435873,0.1264977652944899,54,0.0037659529953274285,0.08976847227105472,"orf.at,derstandard.at,krone.at,kurier.at,diepresse.com"
AT,Austria,2021-07-01T00:00:00Z,2021-08-01T00:00:00Z,13482,63,0.004672897196261682,-1.4796889920781842,64,0.004747070167630915,-1.46639589560212,"orf.at,derstandard.at,krone.at,kurier.at,diepresse.com"
AT,Austria,2021-08-01T00:00:00Z,2021-09-01T00:00:00Z,11685,27,0.0023106546854942235,-0.828621946639474,28,0.0023962344886606763,-0.7016257082854667,"orf.at,derstandard.at,krone.at,kurier.at,diepresse.com"
AT,Austria,2021-09-01T00:00:00Z,2021-10-01T00:00:00Z,13522,51,0.0037716314154710843,-0.27661956460334136,52,0.003845584972637184,-0.33446671783879106,"orf.at,derstandard.at,krone.at,kurier.at,diepresse.com"
AT,Austria,2021-10-01T00:00:00Z,2021-11-01T00:00:00Z,13948,42,0.0030111843991970175,0.20835236225205003,50,0.0035847433323774017,-0.19042890812242258,"orf.at,derstandard.at,krone.at,kurier.at,diepresse.com"
AT,Austria,2021-11-01T00:00:00Z,2021-12-01T00:00:00Z,14331,30,0.0020933640360058614,0.07644872511540529,35,0.002442258042006838,-0.36570593867970913,"orf.at,derstandard.at,krone.at,kurier.at,diepresse.com"
AT,Austria,2021-12-01T00:00:00Z,2022-01-01T00:00:00Z,13797,26,0.0018844676378922953,-0.9826292223385764,28,0.0020294266869609334,-0.8311199434444962,"orf.at,derstandard.at,krone.at,kurier.at,diepresse.com"
AT,Austria,2022-01-01T00:00:00Z,2022-02-01T00:00:00Z,13975,40,0.0028622540250447226,-1.1935816746117365,42,0.003005366726296959,-1.1454872392117372,"orf.at,derstandard.at,krone.at,kurier.at,diepresse.com"
AT,Austria,2022-02-01T00:00:00Z,2022-03-01T00:00:00Z,12440,47,0.0037781350482315114,-1.2468890833355262,51,0.00409967845659164,-1.2247240421388073,"orf.at,derstandard.at,krone.at,kurier.at,diepresse.com"
AT,Austria,2022-03-01T00:00:00Z,2022-04-01T00:00:00Z,14728,34,0.0023085279739272135,-0.2113451591688685,39,0.002648017381857686,-0.4652510792416096,"orf.at,derstandard.at,krone.at,kurier.at,diepresse.com"
AT,Austria,2022-04-01T00:00:00Z,2022-05-01T00:00:00Z,13677,58,0.004240696059077283,-0.3435929688497714,64,0.004679388754843899,-0.46341518846387914,"orf.at,derstandard.at,krone.at,kurier.at,diepresse.com"
AT,Austria,2022-05-01T00:00:00Z,2022-06-01T00:00:00Z,14119,62,0.004391245838940435,-0.5994912058226262,63,0.004462072384729797,-0.5899754723968703,"orf.at,derstandard.at,krone.at,kurier.at,diepresse.com"
AT,Austria,2022-06-01T00:00:00Z,2022-07-01T00:00:00Z,13527,39,0.0028831226436016855,-0.42072770147328137,42,0.003104901308494123,-0.5088992938497275,"orf.at,derstandard.at,krone.at,kurier.at,diepresse.com"
AT,Austria,2022-07-01T00:00:00Z,2022-08-01T00:00:00Z,13526,42,0.0031051308590862043,-0.7983469737379307,44,0.0032529942333284047,-0.7108052014561654,"orf.at,derstandard.at,krone.at,kurier.at,diepresse.com"
AT,Austria,2022-08-01T00:00:00Z,2022-09-01T00:00:00Z,12857,52,0.004044489383215369,-1.0363768900959922,85,0.00661118456871743,-1.7111975317474233,"orf.at,derstandard.at,krone.at,kurier.at,diepresse.com"
AT,Austria,2022-09-01T00:00:00Z,2022-10-01T00:00:00Z,12847,45,0.00350276329104071,-0.2758142514392059,53,0.004125476765003503,-0.8037555015526072,"orf.at,derstandard.at,krone.at,kurier.at,diepresse.com"
AT,Austria,2022-10-01T00:00:00Z,2022-11-01T00:00:00Z,12996,38,0.0029239766081871343,-0.18874361240516133,43,0.003308710372422284,-0.585670272900511,"orf.at,derstandard.at,krone.at,kurier.at,diepresse.com"
AT,Austria,2022-11-01T00:00:00Z,2022-12-01T00:00:00Z,12670,34,0.0026835043409629044,-0.2040868048071418,37,0.002920284135753749,-0.5176030557253348,"orf.at,derstandard.at,krone.at,kurier.at,diepresse.com"
AT,Austria,2022-12-01T00:00:00Z,2023-01-01T00:00:00Z,12309,33,0.002680965147453083,-1.054068003025719,36,0.002924689251767,-1.3531963212362117,"orf.at,derstandard.at,krone.at,kurier.at,diepresse.com"
AT,Austria,2023-01-01T00:00:00Z,2023-02-01T00:00:00Z,12945,61,0.0047122441096948625,-0.5385585868278298,64,0.004943993820007725,-0.6554090584154102,"orf.at,derstandard.at,krone.at,kurier.at,diepresse.com"
AT,Austria,2023-02-01T00:00:00Z,2023-03-01T00:00:00Z,11787,99,0.008399083736319674,-0.053297756172847405,100,0.00848392296597947,-0.08890935692437192,"orf.at,derstandard.at,krone.at,kurier.at,diepresse.com"
AT,Austria,2023-03-01T00:00:00Z,2023-04-01T00:00:00Z,13761,111,0.008066274253324613,0.06119148351753061,117,0.008502289077828646,-0.003981776378506637,"orf.at,derstandard.at,krone.at,kurier.at,diepresse.com"
AT,Austria,2023-04-01T00:00:00Z,2023-05-01T00:00:00Z,15198,151,0.009935517831293591,-0.8111561881420136,177,0.011646269245953415,-1.0494562129802185,"orf.at,derstandard.at,krone.at,kurier.at,diepresse.com"
AT,Austria,2023-05-01T00:00:00Z,2023-06-01T00:00:00Z,15374,152,0.00988682190711591,-0.0034730518507052667,156,0.01014700143098738,-0.06648352791334311,"orf.at,derstandard.at,krone.at,kurier.at,diepresse.com"
AT,Austria,2023-06-01T00:00:00Z,2023-07-01T00:00:00Z,14418,137,0.009502011374670551,-0.17694656434600695,143,0.009918157858232765,-0.1803243426434568,"orf.at,derstandard.at,krone.at,kurier.at,diepresse.com"
AT,Austria,2023-07-01T00:00:00Z,2023-08-01T00:00:00Z,14039,122,0.008690077640857611,-0.9137908427086257,123,0.008761307785454805,-0.8858311405300796,"orf.at,derstandard.at,krone.at,kurier.at,diepresse.com"
AT,Austria,2023-08-01T00:00:00Z,2023-09-01T00:00:00Z,13805,112,0.008113002535313293,-0.5100915083542912,118,0.008547627671133647,-0.554858569768477,"orf.at,derstandard.at,krone.at,kurier.at,diepresse.com"
AT,Austria,2023-09-01T00:00:00Z,2023-10-01T00:00:00Z,14144,140,0.009898190045248868,-0.2593698140920063,152,0.010746606334841629,-0.4170118689931291,"orf.at,derstandard.at,krone.at,kurier.at,diepresse.com"
AT,Austria,2023-10-01T00:00:00Z,2023-11-01T00:00:00Z,14753,142,0.009625160984206602,-1.583410378298019,147,0.009964075103368806,-1.6713208711821699,"orf.at,derstandard.at,krone.at,kurier.at,diepresse.com"
AT,Austria,2023-11-01T00:00:00Z,2023-12-01T00:00:00Z,14330,205,0.014305652477320307,-1.5914887598090581,208,0.01451500348918353,-1.5735373424267756,"orf.at,derstandard.at,krone.at,kurier.at,diepresse.com"
AT,Austria,2023-12-01T00:00:00Z,2024-01-01T00:00:00Z,13026,147,0.011285122063565177,-1.046686928954417,152,0.011668969752802088,-1.1124082222596283,"orf.at,derstandard.at,krone.at,kurier.at,diepresse.com"
AT,Austria,2024-01-01T00:00:00Z,2024-02-01T00:00:00Z,13556,141,0.01040129831808793,-0.3343604033729714,168,0.012393036293892004,-0.5113427134924964,"orf.at,derstandard.at,krone.at,kurier.at,diepresse.com"
AT,Austria,2024-02-01T00:00:00Z,2024-03-01T00:00:00Z,13681,173,0.012645274468240625,-1.1926066998863945,181,0.013230027044806665,-1.2810681668149884,"orf.at,derstandard.at,krone.at,kurier.at,diepresse.com"
AT,Austria,2024-03-01T00:00:00Z,2024-04-01T00:00:00Z,14752,147,0.00996475054229935,-0.9416083351722346,148,0.010032537960954447,-0.9422844049796294,"orf.at,derstandard.at,krone.at,kurier.at,diepresse.com"
AT,Austria,2024-04-01T00:00:00Z,2024-05-01T00:00:00Z,14431,176,0.012195967015452844,-0.8601178664749507,186,0.012888919686785393,-0.9006883089999169,"orf.at,derstandard.at,krone.at,kurier.at,diepresse.com"
AT,Austria,2024-05-01T00:00:00Z,2024-06-01T00:00:00Z,14234,205,0.014402135731347477,0.11438203511248698,227,0.015947730785443304,-0.17353679246066658,"orf.at,derstandard.at,krone.at,kurier.at,diepresse.com"
AT,Austria,2024-06-01T00:00:00Z,2024-07-01T00:00:00Z,14125,179,0.012672566371681416,-0.22009345120515544,184,0.013026548672566371,-0.3272654957040711,"orf.at,derstandard.at,krone.at,kurier.at,diepresse.com"
AT,Austria,2024-07-01T00:00:00Z,2024-08-01T00:00:00Z,14279,125,0.008754114433783879,-0.6167665522832222,135,0.00945444358848659,-0.8456623450292376,"orf.at,derstandard.at,krone.at,kurier.at,diepresse.com"
AT,Austria,2024-08-01T00:00:00Z,2024-09-01T00:00:00Z,13601,161,0.011837364899639732,-1.305707135016482,164,0.012057936916403205,-1.311278033134602,"orf.at,derstandard.at,krone.at,kurier.at,diepresse.com"
AT,Austria,2024-09-01T00:00:00Z,2024-10-01T00:00:00Z,14206,142,0.009995776432493313,-1.3734154663316587,144,0.010136562016049556,-1.3991179636307693,"orf.at,derstandard.at,krone.at,kurier.at,diepresse.com"
AT,Austria,2024-10-01T00:00:00Z,2024-11-01T00:00:00Z,14367,164,0.011415048374747685,-1.0115728286641665,170,0.01183267209577504,-1.1151744451018875,"orf.at,derstandard.at,krone.at,kurier.at,diepresse.com"
AT,Austria,2024-11-01T00:00:00Z,2024-12-01T00:00:00Z,14608,148,0.010131434830230011,-0.9040630455269909,158,0.010815991237677985,-1.003803752969256,"orf.at,derstandard.at,krone.at,kurier.at,diepresse.com"
AT,Austria,2024-12-01T00:00:00Z,2025-01-01T00:00:00Z,13970,124,0.008876163206871868,-0.5039013198625245,127,0.00909090909090909,-0.5282739088954074,"orf.at,derstandard.at,krone.at,kurier.at,diepresse.com"
AT,Austria,2025-01-01T00:00:00Z,2025-02-01T00:00:00Z,15389,178,0.011566703489505491,-0.6556778383444121,181,0.011761647930339854,-0.7567926653569416,"orf.at,derstandard.at,krone.at,kurier.at,diepresse.com"
AT,Austria,2025-02-01T00:00:00Z,2025-03-01T00:00:00Z,14210,178,0.012526389866291345,-0.5773647969856909,182,0.012807881773399015,-0.6640315565707432,"orf.at,derstandard.at,krone.at,kurier.at,diepresse.com"
AT,Austria,2025-03-01T00:00:00Z,2025-04-01T00:00:00Z,15918,171,0.010742555597436865,-0.7547571864447835,173,0.010868199522553084,-0.7679461715217734,"orf.at,derstandard.at,krone.at,kurier.at,diepresse.com"
AT,Austria,2025-04-01T00:00:00Z,2025-05-01T00:00:00Z,14901,210,0.014093013891685121,-0.7532741932117981,212,0.014227233071605932,-0.7629385497685007,"orf.at,derstandard.at,krone.at,kurier.at,diepresse.com"
AT,Austria,2025-05-01T00:00:00Z,2025-06-01T00:00:00Z,15346,210,0.013684347712759025,0.01749922554988595,211,0.013749511273295973,0.026748888377572666,"orf.at,derstandard.at,krone.at,kurier.at,diepresse.com"
AT,Austria,2025-06-01T00:00:00Z,2025-07-01T00:00:00Z,6644,77,0.011589403973509934,-1.0464207449191723,80,0.012040939193257074,-1.2625825666210488,"orf.at,derstandard.at,krone.at,kurier.at,diepresse.com"
AT,Austria,2025-07-01T00:00:00Z,2025-08-01T00:00:00Z,15015,150,0.00999000999000999,-0.0377620811493145,152,0.010123210123210123,-0.06673056192938381,"orf.at,derstandard.at,krone.at,kurier.at,diepresse.com"
AT,Austria,2025-08-01T00:00:00Z,2025-09-01T00:00:00Z,14230,179,0.01257905832747716,-0.2411975079963023,179,0.01257905832747716,-0.2411975079963023,"orf.at,derstandard.at,krone.at,kurier.at,diepresse.com"
AT,Austria,2025-09-01T00:00:00Z,2025-10-01T00:00:00Z,15328,183,0.01193893528183716,-0.7763724020679182,197,0.012852296450939457,-0.9454626900244377,"orf.at,derstandard.at,krone.at,kurier.at,diepresse.com"
AT,Austria,2025-10-01T00:00:00Z,2025-11-01T00:00:00Z,15370,178,0.01158100195185426,-0.47649452150879823,181,0.011776187378009109,-0.5004332170431043,"orf.at,derstandard.at,krone.at,kurier.at,diepresse.com"
AT,Austria,2025-11-01T00:00:00Z,2025-12-01T00:00:00Z,14992,186,0.012406616862326574,-0.5850993374976843,195,0.013006937033084311,-0.684378797696244,"orf.at,derstandard.at,krone.at,kurier.at,diepresse.com"
AT,Austria,2025-12-01T00:00:00Z,2026-01-01T00:00:00Z,14397,150,0.010418837257762034,-0.47715892860615317,168,0.011669097728693479,-1.0907963415457558,"orf.at,derstandard.at,krone.at,kurier.at,diepresse.com"
AT,Austria,2026-01-01T00:00:00Z,2026-02-01T00:00:00Z,15305,209,0.013655668082326038,-0.47315916198405894,220,0.014374387455080039,-0.43062246249949004,"orf.at,derstandard.at,krone.at,kurier.at,diepresse.com"
AT,Austria,2026-02-01T00:00:00Z,2026-03-01T00:00:00Z,14385,214,0.014876607577337504,-0.7615931800917815,216,0.015015641293013556,-0.7647167087509038,"orf.at,derstandard.at,krone.at,kurier.at,diepresse.com"
AT,Austria,2026-03-01T00:00:00Z,2026-04-01T00:00:00Z,6168,91,0.014753566796368352,-1.5850485240321144,91,0.014753566796368352,-1.5850485240321144,"orf.at,derstandard.at,krone.at,kurier.at,diepresse.com"
BE,Belgium,2018-06-01T00:00:00Z,2018-07-01T00:00:00Z,15959,108,0.006767341312112288,-1.4460247023423949,113,0.007080644150636005,-1.4597734852235666,"hln.be,lesoir.be,vrt.be,nieuwsblad.be,lalibre.be"
BE,Belgium,2018-07-01T00:00:00Z,2018-08-01T00:00:00Z,11881,123,0.010352663917178689,-1.7433136737482424,125,0.010520999915832,-1.7423314936831447,"hln.be,lesoir.be,vrt.be,nieuwsblad.be,lalibre.be"
BE,Belgium,2018-08-01T00:00:00Z,2018-09-01T00:00:00Z,9777,36,0.00368211107701749,-0.7944714532703993,41,0.004193515393269919,-0.6586366642102981,"hln.be,lesoir.be,vrt.be,nieuwsblad.be,lalibre.be"
BE,Belgium,2018-09-01T00:00:00Z,2018-10-01T00:00:00Z,9093,57,0.006268558231606731,-1.7320553190782007,63,0.006928406466512702,-1.7514107587707546,"hln.be,lesoir.be,vrt.be,nieuwsblad.be,lalibre.be"
BE,Belgium,2018-10-01T00:00:00Z,2018-11-01T00:00:00Z,10129,49,0.0048375950241879755,-1.3517112754420109,55,0.005429953598578339,-1.4303439592070777,"hln.be,lesoir.be,vrt.be,nieuwsblad.be,lalibre.be"
BE,Belgium,2018-11-01T00:00:00Z,2018-12-01T00:00:00Z,10567,83,0.007854641809406643,-2.097423114166704,86,0.008138544525409293,-2.0997014365103825,"hln.be,lesoir.be,vrt.be,nieuwsblad.be,lalibre.be"
BE,Belgium,2018-12-01T00:00:00Z,2019-01-01T00:00:00Z,7519,30,0.0039898922729086315,-0.6711782943410922,30,0.0039898922729086315,-0.6711782943410922,"hln.be,lesoir.be,vrt.be,nieuwsblad.be,lalibre.be"
BE,Belgium,2019-01-01T00:00:00Z,2019-02-01T00:00:00Z,7000,19,0.0027142857142857142,-0.8895806396396789,19,0.0027142857142857142,-0.8895806396396789,"hln.be,lesoir.be,vrt.be,nieuwsblad.be,lalibre.be"
BE,Belgium,2019-02-01T00:00:00Z,2019-03-01T00:00:00Z,6039,16,0.002649445272396092,-1.003020559404072,17,0.002815035601920848,-1.1437973744446759,"hln.be,lesoir.be,vrt.be,nieuwsblad.be,lalibre.be"
BE,Belgium,2019-03-01T00:00:00Z,2019-04-01T00:00:00Z,7060,25,0.0035410764872521247,-1.6095941416124717,25,0.0035410764872521247,-1.6095941416124717,"hln.be,lesoir.be,vrt.be,nieuwsblad.be,lalibre.be"
BE,Belgium,2019-04-01T00:00:00Z,2019-05-01T00:00:00Z,6680,17,0.0025449101796407186,-2.1065212968689577,17,0.0025449101796407186,-2.1065212968689577,"hln.be,lesoir.be,vrt.be,nieuwsblad.be,lalibre.be"
BE,Belgium,2019-05-01T00:00:00Z,2019-06-01T00:00:00Z,7568,23,0.003039112050739958,-0.5658615707872148,25,0.0033033826638477802,-0.1451852734805955,"hln.be,lesoir.be,vrt.be,nieuwsblad.be,lalibre.be"
BE,Belgium,2019-06-01T00:00:00Z,2019-07-01T00:00:00Z,7225,17,0.002352941176470588,-0.6764496758069503,17,0.002352941176470588,-0.6764496758069503,"hln.be,lesoir.be,vrt.be,nieuwsblad.be,lalibre.be"
BE,Belgium,2019-07-01T00:00:00Z,2019-08-01T00:00:00Z,7398,18,0.0024330900243309003,0.013174411809411098,19,0.0025682616923492834,-0.14604783053693052,"hln.be,lesoir.be,vrt.be,nieuwsblad.be,lalibre.be"
BE,Belgium,2019-08-01T00:00:00Z,2019-09-01T00:00:00Z,6648,14,0.00210589651022864,-2.322575047395743,15,0.002256317689530686,-2.4354743280379005,"hln.be,lesoir.be,vrt.be,nieuwsblad.be,lalibre.be"
BE,Belgium,2019-09-01T00:00:00Z,2019-10-01T00:00:00Z,7019,26,0.003704231371990312,-0.8902369217314627,26,0.003704231371990312,-0.8902369217314627,"hln.be,lesoir.be,vrt.be,nieuwsblad.be,lalibre.be"
BE,Belgium,2019-10-01T00:00:00Z,2019-11-01T00:00:00Z,6527,29,0.0044430825800520915,-1.961602863847045,29,0.0044430825800520915,-1.961602863847045,"hln.be,lesoir.be,vrt.be,nieuwsblad.be,lalibre.be"
BE,Belgium,2019-11-01T00:00:00Z,2019-12-01T00:00:00Z,6047,17,0.002811311394079709,-1.6994736507071198,17,0.002811311394079709,-1.6994736507071198,"hln.be,lesoir.be,vrt.be,nieuwsblad.be,lalibre.be"
BE,Belgium,2019-12-01T00:00:00Z,2020-01-01T00:00:00Z,5808,14,0.0024104683195592287,0.3655921741111531,14,0.0024104683195592287,0.3655921741111531,"hln.be,lesoir.be,vrt.be,nieuwsblad.be,lalibre.be"
BE,Belgium,2020-01-01T00:00:00Z,2020-02-01T00:00:00Z,6436,4,0.0006215040397762585,2.4732503232457352,5,0.0007768800497203232,0.5935587073500497,"hln.be,lesoir.be,vrt.be,nieuwsblad.be,lalibre.be"
BE,Belgium,2020-02-01T00:00:00Z,2020-03-01T00:00:00Z,5502,5,0.0009087604507451836,-0.8281958319592228,5,0.0009087604507451836,-0.8281958319592228,"hln.be,lesoir.be,vrt.be,nieuwsblad.be,lalibre.be"
BE,Belgium,2020-03-01T00:00:00Z,2020-04-01T00:00:00Z,5615,8,0.0014247551202137133,-3.163354544456265,8,0.0014247551202137133,-3.163354544456265,"hln.be,lesoir.be,vrt.be,nieuwsblad.be,lalibre.be"
BE,Belgium,2020-04-01T00:00:00Z,2020-05-01T00:00:00Z,5190,4,0.0007707129094412332,-0.04635105995123179,4,0.0007707129094412332,-0.04635105995123179,"hln.be,lesoir.be,vrt.be,nieuwsblad.be,lalibre.be"
BE,Belgium,2020-05-01T00:00:00Z,2020-06-01T00:00:00Z,5215,7,0.0013422818791946308,0.7537714521255238,7,0.0013422818791946308,0.7537714521255238,"hln.be,lesoir.be,vrt.be,nieuwsblad.be,lalibre.be"
BE,Belgium,2020-06-01T00:00:00Z,2020-07-01T00:00:00Z,5346,8,0.0014964459408903852,-3.7929016316946655,8,0.0014964459408903852,-3.7929016316946655,"hln.be,lesoir.be,vrt.be,nieuwsblad.be,lalibre.be"
BE,Belgium,2020-07-01T00:00:00Z,2020-08-01T00:00:00Z,4666,7,0.0015002143163309043,-2.19780030783018,7,0.0015002143163309043,-2.19780030783018,"hln.be,lesoir.be,vrt.be,nieuwsblad.be,lalibre.be"
BE,Belgium,2020-08-01T00:00:00Z,2020-09-01T00:00:00Z,4504,1,0.00022202486678507994,2.65486725663717,1,0.00022202486678507994,2.65486725663717,"hln.be,lesoir.be,vrt.be,nieuwsblad.be,lalibre.be"
BE,Belgium,2020-09-01T00:00:00Z,2020-10-01T00:00:00Z,4848,10,0.0020627062706270625,-0.3176525533611035,10,0.0020627062706270625,-0.3176525533611035,"hln.be,lesoir.be,vrt.be,nieuwsblad.be,lalibre.be"
BE,Belgium,2020-10-01T00:00:00Z,2020-11-01T00:00:00Z,3659,8,0.002186389723968297,-0.923277297431665,8,0.002186389723968297,-0.923277297431665,"hln.be,lesoir.be,vrt.be,nieuwsblad.be,lalibre.be"
BE,Belgium,2020-11-01T00:00:00Z,2020-12-01T00:00:00Z,3248,2,0.0006157635467980296,-1.322751322751325,2,0.0006157635467980296,-1.322751322751325,"hln.be,lesoir.be,vrt.be,nieuwsblad.be,lalibre.be"
BE,Belgium,2020-12-01T00:00:00Z,2021-01-01T00:00:00Z,4947,7,0.0014149989892864362,-0.08057743581405735,8,0.0016171417020416413,-0.5102037487996113,"hln.be,lesoir.be,vrt.be,nieuwsblad.be,lalibre.be"
BE,Belgium,2021-01-01T00:00:00Z,2021-02-01T00:00:00Z,5102,5,0.0009800078400627205,-1.78688218163418,5,0.0009800078400627205,-1.78688218163418,"hln.be,lesoir.be,vrt.be,nieuwsblad.be,lalibre.be"
BE,Belgium,2021-02-01T00:00:00Z,2021-03-01T00:00:00Z,4897,16,0.0032673065141923625,-0.6281566298418104,16,0.0032673065141923625,-0.6281566298418104,"hln.be,lesoir.be,vrt.be,nieuwsblad.be,lalibre.be"
BE,Belgium,2021-03-01T00:00:00Z,2021-04-01T00:00:00Z,5406,10,0.001849796522382538,-3.107619045881714,10,0.001849796522382538,-3.107619045881714,"hln.be,lesoir.be,vrt.be,nieuwsblad.be,lalibre.be"
BE,Belgium,2021-04-01T00:00:00Z,2021-05-01T00:00:00Z,5073,10,0.001971220185294697,-2.460729411972266,10,0.001971220185294697,-2.460729411972266,"hln.be,lesoir.be,vrt.be,nieuwsblad.be,lalibre.be"
BE,Belgium,2021-05-01T00:00:00Z,2021-06-01T00:00:00Z,5623,5,0.0008892050506846879,-0.5409786869588618,5,0.0008892050506846879,-0.5409786869588618,"hln.be,lesoir.be,vrt.be,nieuwsblad.be,lalibre.be"
BE,Belgium,2021-06-01T00:00:00Z,2021-07-01T00:00:00Z,5754,9,0.0015641293013555788,-2.257987489980377,9,0.0015641293013555788,-2.257987489980377,"hln.be,lesoir.be,vrt.be,nieuwsblad.be,lalibre.be"
BE,Belgium,2021-07-01T00:00:00Z,2021-08-01T00:00:00Z,5538,13,0.002347417840375587,-0.7898563116607803,13,0.002347417840375587,-0.7898563116607803,"hln.be,lesoir.be,vrt.be,nieuwsblad.be,lalibre.be"
BE,Belgium,2021-08-01T00:00:00Z,2021-09-01T00:00:00Z,4585,7,0.0015267175572519084,-1.1108709064894646,7,0.0015267175572519084,-1.1108709064894646,"hln.be,lesoir.be,vrt.be,nieuwsblad.be,lalibre.be"
BE,Belgium,2021-09-01T00:00:00Z,2021-10-01T00:00:00Z,5656,13,0.0022984441301272984,0.15134180771428002,13,0.0022984441301272984,0.15134180771428002,"hln.be,lesoir.be,vrt.be,nieuwsblad.be,lalibre.be"
BE,Belgium,2021-10-01T00:00:00Z,2021-11-01T00:00:00Z,6634,26,0.003919204100090443,0.55186984531775,27,0.004069942719324691,0.4753134986337028,"hln.be,lesoir.be,vrt.be,nieuwsblad.be,lalibre.be"
BE,Belgium,2021-11-01T00:00:00Z,2021-12-01T00:00:00Z,6494,35,0.0053895903911302745,1.5222935505249786,35,0.0053895903911302745,1.5222935505249786,"hln.be,lesoir.be,vrt.be,nieuwsblad.be,lalibre.be"
BE,Belgium,2021-12-01T00:00:00Z,2022-01-01T00:00:00Z,6830,37,0.005417276720351391,0.8350086939264372,37,0.005417276720351391,0.8350086939264372,"hln.be,lesoir.be,vrt.be,nieuwsblad.be,lalibre.be"
BE,Belgium,2022-01-01T00:00:00Z,2022-02-01T00:00:00Z,6321,24,0.0037968675842429997,0.2094319988980838,24,0.0037968675842429997,0.2094319988980838,"hln.be,lesoir.be,vrt.be,nieuwsblad.be,lalibre.be"
BE,Belgium,2022-02-01T00:00:00Z,2022-03-01T00:00:00Z,6094,29,0.0047587791270101735,-0.921202645709064,30,0.004922874958976042,-0.9736905663928604,"hln.be,lesoir.be,vrt.be,nieuwsblad.be,lalibre.be"
BE,Belgium,2022-03-01T00:00:00Z,2022-04-01T00:00:00Z,6524,31,0.004751686082158185,-0.16772522450176086,35,0.00536480686695279,-0.4227159753655512,"hln.be,lesoir.be,vrt.be,nieuwsblad.be,lalibre.be"
BE,Belgium,2022-04-01T00:00:00Z,2022-05-01T00:00:00Z,6438,39,0.0060577819198508855,0.19855307989319468,39,0.0060577819198508855,0.19855307989319468,"hln.be,lesoir.be,vrt.be,nieuwsblad.be,lalibre.be"
BE,Belgium,2022-05-01T00:00:00Z,2022-06-01T00:00:00Z,6944,56,0.008064516129032258,0.8901823965323891,57,0.008208525345622119,0.8614236936035404,"hln.be,lesoir.be,vrt.be,nieuwsblad.be,lalibre.be"
BE,Belgium,2022-06-01T00:00:00Z,2022-07-01T00:00:00Z,6863,40,0.005828354946816261,0.6200042334845459,40,0.005828354946816261,0.6200042334845459,"hln.be,lesoir.be,vrt.be,nieuwsblad.be,lalibre.be"
BE,Belgium,2022-07-01T00:00:00Z,2022-08-01T00:00:00Z,6694,32,0.004780400358530027,1.0911608416885141,32,0.004780400358530027,1.0911608416885141,"hln.be,lesoir.be,vrt.be,nieuwsblad.be,lalibre.be"
BE,Belgium,2022-08-01T00:00:00Z,2022-09-01T00:00:00Z,6605,46,0.00696442089326268,0.21666374707174535,64,0.009689629068887207,-0.4486473877485991,"hln.be,lesoir.be,vrt.be,nieuwsblad.be,lalibre.be"
BE,Belgium,2022-09-01T00:00:00Z,2022-10-01T00:00:00Z,6867,41,0.005970583952235329,0.6016699562949723,44,0.006407455948740352,0.41435966714730865,"hln.be,lesoir.be,vrt.be,nieuwsblad.be,lalibre.be"
BE,Belgium,2022-10-01T00:00:00Z,2022-11-01T00:00:00Z,7027,28,0.003984630710118116,0.5270368778214294,28,0.003984630710118116,0.5270368778214294,"hln.be,lesoir.be,vrt.be,nieuwsblad.be,lalibre.be"
BE,Belgium,2022-11-01T00:00:00Z,2022-12-01T00:00:00Z,6448,33,0.005117866004962779,-0.14743102113142598,33,0.005117866004962779,-0.14743102113142598,"hln.be,lesoir.be,vrt.be,nieuwsblad.be,lalibre.be"
BE,Belgium,2022-12-01T00:00:00Z,2023-01-01T00:00:00Z,6460,51,0.007894736842105263,-0.5302688388713658,54,0.008359133126934985,-0.5282435752111807,"hln.be,lesoir.be,vrt.be,nieuwsblad.be,lalibre.be"
BE,Belgium,2023-01-01T00:00:00Z,2023-02-01T00:00:00Z,6651,36,0.005412719891745603,0.09431031326157976,37,0.005563073222071869,0.15182144593619165,"hln.be,lesoir.be,vrt.be,nieuwsblad.be,lalibre.be"
BE,Belgium,2023-02-01T00:00:00Z,2023-03-01T00:00:00Z,5799,27,0.0046559751681324365,0.9293792612127678,28,0.004828418692878082,1.0677404822330852,"hln.be,lesoir.be,vrt.be,nieuwsblad.be,lalibre.be"
BE,Belgium,2023-03-01T00:00:00Z,2023-04-01T00:00:00Z,7520,40,0.005319148936170213,1.016631343743424,44,0.005851063829787234,0.8588397103560282,"hln.be,lesoir.be,vrt.be,nieuwsblad.be,lalibre.be"
BE,Belgium,2023-04-01T00:00:00Z,2023-05-01T00:00:00Z,8674,41,0.004726769656444547,0.054867776461464124,69,0.007954807470601798,-0.5881720312001965,"hln.be,lesoir.be,vrt.be,nieuwsblad.be,lalibre.be"
BE,Belgium,2023-05-01T00:00:00Z,2023-06-01T00:00:00Z,8850,46,0.00519774011299435,0.40380767409892027,49,0.005536723163841808,0.19748005613620823,"hln.be,lesoir.be,vrt.be,nieuwsblad.be,lalibre.be"
BE,Belgium,2023-06-01T00:00:00Z,2023-07-01T00:00:00Z,9046,36,0.003979659518019014,-0.4913220628874641,44,0.004864028299801017,-0.6631238279420548,"hln.be,lesoir.be,vrt.be,nieuwsblad.be,lalibre.be"
BE,Belgium,2023-07-01T00:00:00Z,2023-08-01T00:00:00Z,5665,16,0.002824360105913504,-0.646470919437552,17,0.003000882612533098,-0.9971449544952549,"hln.be,lesoir.be,vrt.be,nieuwsblad.be,lalibre.be"
BE,Belgium,2023-08-01T00:00:00Z,2023-09-01T00:00:00Z,5680,17,0.002992957746478873,-1.2034624739883282,20,0.0035211267605633804,-1.0894484263463315,"hln.be,lesoir.be,vrt.be,nieuwsblad.be,lalibre.be"
BE,Belgium,2023-09-01T00:00:00Z,2023-10-01T00:00:00Z,6292,14,0.0022250476795931343,-1.0819142727549855,18,0.002860775588048315,-1.1290720941626347,"hln.be,lesoir.be,vrt.be,nieuwsblad.be,lalibre.be"
BE,Belgium,2023-10-01T00:00:00Z,2023-11-01T00:00:00Z,6333,26,0.0041054792357492495,-0.35954442766218525,27,0.004263382283278067,-0.2954923002043773,"hln.be,lesoir.be,vrt.be,nieuwsblad.be,lalibre.be"
BE,Belgium,2023-11-01T00:00:00Z,2023-12-01T00:00:00Z,6072,13,0.0021409749670619235,0.25887099283978837,16,0.002635046113306983,-0.35849628643406,"hln.be,lesoir.be,vrt.be,nieuwsblad.be,lalibre.be"
BE,Belgium,2023-12-01T00:00:00Z,2024-01-01T00:00:00Z,6129,21,0.0034263338228095936,0.5001317463969661,24,0.003915810083210965,0.29519016875474746,"hln.be,lesoir.be,vrt.be,nieuwsblad.be,lalibre.be"
BE,Belgium,2024-01-01T00:00:00Z,2024-02-01T00:00:00Z,6436,28,0.00435052827843381,-0.29521582132901714,36,0.005593536357986327,-0.26018827610231543,"hln.be,lesoir.be,vrt.be,nieuwsblad.be,lalibre.be"
BE,Belgium,2024-02-01T00:00:00Z,2024-03-01T00:00:00Z,6137,29,0.00472543588072348,-0.8465763908958925,32,0.005214274075281082,-0.8368517543257991,"hln.be,lesoir.be,vrt.be,nieuwsblad.be,lalibre.be"
BE,Belgium,2024-03-01T00:00:00Z,2024-04-01T00:00:00Z,6325,26,0.004110671936758893,-0.2275693617281276,28,0.004426877470355731,-0.6053947368191966,"hln.be,lesoir.be,vrt.be,nieuwsblad.be,lalibre.be"
BE,Belgium,2024-04-01T00:00:00Z,2024-05-01T00:00:00Z,5460,17,0.0031135531135531138,0.28916410151012223,23,0.004212454212454212,-0.345816504350614,"hln.be,lesoir.be,vrt.be,nieuwsblad.be,lalibre.be"
BE,Belgium,2024-05-01T00:00:00Z,2024-06-01T00:00:00Z,3072,12,0.00390625,0.1778741156323545,12,0.00390625,0.1778741156323545,"hln.be,lesoir.be,vrt.be,nieuwsblad.be,lalibre.be"
BE,Belgium,2024-06-01T00:00:00Z,2024-07-01T00:00:00Z,3018,7,0.0023194168323392977,-1.2211978666659316,7,0.0023194168323392977,-1.2211978666659316,"hln.be,lesoir.be,vrt.be,nieuwsblad.be,lalibre.be"
BE,Belgium,2024-07-01T00:00:00Z,2024-08-01T00:00:00Z,2968,7,0.0023584905660377358,-1.3442611420603443,7,0.0023584905660377358,-1.3442611420603443,"hln.be,lesoir.be,vrt.be,nieuwsblad.be,lalibre.be"
BE,Belgium,2024-08-01T00:00:00Z,2024-09-01T00:00:00Z,3458,10,0.002891844997108155,0.019042950837640057,10,0.002891844997108155,0.019042950837640057,"hln.be,lesoir.be,vrt.be,nieuwsblad.be,lalibre.be"
BE,Belgium,2024-09-01T00:00:00Z,2024-10-01T00:00:00Z,5334,26,0.004874390701162355,-0.03297718647241332,27,0.005061867266591676,-0.07047048205667175,"hln.be,lesoir.be,vrt.be,nieuwsblad.be,lalibre.be"
BE,Belgium,2024-10-01T00:00:00Z,2024-11-01T00:00:00Z,8951,50,0.005585968048262764,-0.666334963317291,62,0.006926600379845827,-1.0986360006842684,"hln.be,lesoir.be,vrt.be,nieuwsblad.be,lalibre.be"
BE,Belgium,2024-11-01T00:00:00Z,2024-12-01T00:00:00Z,8746,33,0.0037731534415732905,1.3920161416464982,38,0.004344843356963183,0.5381236938647779,"hln.be,lesoir.be,vrt.be,nieuwsblad.be,lalibre.be"
BE,Belgium,2024-12-01T00:00:00Z,2025-01-01T00:00:00Z,6731,12,0.0017827960184222255,-0.8645460699732008,16,0.002377061357896301,-1.2307140277480677,"hln.be,lesoir.be,vrt.be,nieuwsblad.be,lalibre.be"
BE,Belgium,2025-01-01T00:00:00Z,2025-02-01T00:00:00Z,6681,28,0.004190989372848376,-0.7255554252261496,31,0.004640023948510702,-0.8454406165405765,"hln.be,lesoir.be,vrt.be,nieuwsblad.be,lalibre.be"
BE,Belgium,2025-02-01T00:00:00Z,2025-03-01T00:00:00Z,5892,33,0.00560081466395112,0.7758084984525352,33,0.00560081466395112,0.7758084984525352,"hln.be,lesoir.be,vrt.be,nieuwsblad.be,lalibre.be"
BE,Belgium,2025-03-01T00:00:00Z,2025-04-01T00:00:00Z,6420,33,0.0051401869158878505,-1.8447451969785273,36,0.005607476635514018,-1.9625460795552232,"hln.be,lesoir.be,vrt.be,nieuwsblad.be,lalibre.be"
BE,Belgium,2025-04-01T00:00:00Z,2025-05-01T00:00:00Z,6172,26,0.004212572909915748,-0.36765628223423746,32,0.005184705119896306,-0.765098321543684,"hln.be,lesoir.be,vrt.be,nieuwsblad.be,lalibre.be"
BE,Belgium,2025-05-01T00:00:00Z,2025-06-01T00:00:00Z,6979,25,0.0035821750967187276,0.30761153591605733,27,0.0038687491044562257,0.18896718214084535,"hln.be,lesoir.be,vrt.be,nieuwsblad.be,lalibre.be"
BE,Belgium,2025-06-01T00:00:00Z,2025-07-01T00:00:00Z,3075,11,0.0035772357723577236,0.5355155775292794,12,0.003902439024390244,0.06946459207176858,"hln.be,lesoir.be,vrt.be,nieuwsblad.be,lalibre.be"
BE,Belgium,2025-07-01T00:00:00Z,2025-08-01T00:00:00Z,7214,16,0.0022179096201829776,-0.6318588050229234,28,0.0038813418353202105,-0.5139142005340943,"hln.be,lesoir.be,vrt.be,nieuwsblad.be,lalibre.be"
BE,Belgium,2025-08-01T00:00:00Z,2025-09-01T00:00:00Z,7726,11,0.0014237639140564327,-1.486457170788749,16,0.0020709293295366298,-1.473197951101418,"hln.be,lesoir.be,vrt.be,nieuwsblad.be,lalibre.be"
BE,Belgium,2025-09-01T00:00:00Z,2025-10-01T00:00:00Z,9686,15,0.001548626884162709,-2.212462289901087,26,0.0026842865992153624,-1.6044411111751613,"hln.be,lesoir.be,vrt.be,nieuwsblad.be,lalibre.be"
BE,Belgium,2025-10-01T00:00:00Z,2025-11-01T00:00:00Z,10024,25,0.0024940143655227454,-0.04180027505066437,33,0.003292098962490024,-0.03151089708702135,"hln.be,lesoir.be,vrt.be,nieuwsblad.be,lalibre.be"
BE,Belgium,2025-11-01T00:00:00Z,2025-12-01T00:00:00Z,9153,22,0.0024035835245274774,-1.0231551432788772,32,0.003496121490221785,-1.2741808567269295,"hln.be,lesoir.be,vrt.be,nieuwsblad.be,lalibre.be"
BE,Belgium,2025-12-01T00:00:00Z,2026-01-01T00:00:00Z,8986,23,0.002559537057645226,-0.7794482771960538,30,0.0033385265969285557,-0.9693884480305669,"hln.be,lesoir.be,vrt.be,nieuwsblad.be,lalibre.be"
BE,Belgium,2026-01-01T00:00:00Z,2026-02-01T00:00:00Z,9524,19,0.001994960100797984,0.09583019569956723,30,0.003149937001259975,-0.26139289278240185,"hln.be,lesoir.be,vrt.be,nieuwsblad.be,lalibre.be"
BE,Belgium,2026-02-01T00:00:00Z,2026-03-01T00:00:00Z,8732,26,0.002977553825011452,-0.7671027842610977,30,0.003435639028859368,-0.8571534048855787,"hln.be,lesoir.be,vrt.be,nieuwsblad.be,lalibre.be"
BE,Belgium,2026-03-01T00:00:00Z,2026-04-01T00:00:00Z,3129,10,0.0031959092361776927,-2.0259324177793245,15,0.004793863854266539,-2.573501918500368,"hln.be,lesoir.be,vrt.be,nieuwsblad.be,lalibre.be"
CZ,Czech Republic,2018-06-01T00:00:00Z,2018-07-01T00:00:00Z,23455,198,0.008441696866339799,0.6392084905137894,200,0.008526966531656363,0.6287882126156445,"blesk.cz,aktualne.cz,ceskatelevize.cz,irozhlas.cz,denik.cz"
CZ,Czech Republic,2018-07-01T00:00:00Z,2018-08-01T00:00:00Z,21122,175,0.008285200265126408,-0.09815956718676064,182,0.008616608275731465,-0.012938242751716948,"blesk.cz,aktualne.cz,ceskatelevize.cz,irozhlas.cz,denik.cz"
CZ,Czech Republic,2018-08-01T00:00:00Z,2018-09-01T00:00:00Z,21166,72,0.003401681942738354,-0.30116571657802677,73,0.0034489275252763867,-0.3315455244010323,"blesk.cz,aktualne.cz,ceskatelevize.cz,irozhlas.cz,denik.cz"
CZ,Czech Republic,2018-09-01T00:00:00Z,2018-10-01T00:00:00Z,18497,110,0.005946910309779964,-0.22869257596071907,113,0.006109098772773963,-0.21053237183084456,"blesk.cz,aktualne.cz,ceskatelevize.cz,irozhlas.cz,denik.cz"
CZ,Czech Republic,2018-10-01T00:00:00Z,2018-11-01T00:00:00Z,19269,159,0.00825159582749494,-0.7537906533886088,161,0.008355389485702424,-0.7523644047226975,"blesk.cz,aktualne.cz,ceskatelevize.cz,irozhlas.cz,denik.cz"
CZ,Czech Republic,2018-11-01T00:00:00Z,2018-12-01T00:00:00Z,17466,148,0.008473605862819191,-0.7045547671088723,154,0.008817130424825376,-0.8129268650557847,"blesk.cz,aktualne.cz,ceskatelevize.cz,irozhlas.cz,denik.cz"
CZ,Czech Republic,2018-12-01T00:00:00Z,2019-01-01T00:00:00Z,14956,53,0.0035437282695907997,-0.3652666556068882,57,0.003811179459748596,-0.5097514096226538,"blesk.cz,aktualne.cz,ceskatelevize.cz,irozhlas.cz,denik.cz"
CZ,Czech Republic,2019-01-01T00:00:00Z,2019-02-01T00:00:00Z,16195,84,0.005186786045075641,0.2916540315858936,85,0.005248533497993208,0.2901673871695696,"blesk.cz,aktualne.cz,ceskatelevize.cz,irozhlas.cz,denik.cz"
CZ,Czech Republic,2019-02-01T00:00:00Z,2019-03-01T00:00:00Z,15235,91,0.005973088283557598,-0.23787587341097421,95,0.0062356416147029865,-0.40288021370377586,"blesk.cz,aktualne.cz,ceskatelevize.cz,irozhlas.cz,denik.cz"
CZ,Czech Republic,2019-03-01T00:00:00Z,2019-04-01T00:00:00Z,16332,141,0.008633357825128581,-0.810681737143882,151,0.009245652706343374,-0.6924058817845836,"blesk.cz,aktualne.cz,ceskatelevize.cz,irozhlas.cz,denik.cz"
CZ,Czech Republic,2019-04-01T00:00:00Z,2019-05-01T00:00:00Z,16094,82,0.005095066484404126,-0.5967241080703596,85,0.005281471355784765,-0.5924002624104422,"blesk.cz,aktualne.cz,ceskatelevize.cz,irozhlas.cz,denik.cz"
CZ,Czech Republic,2019-05-01T00:00:00Z,2019-06-01T00:00:00Z,13944,102,0.007314974182444062,-0.08841751341259443,102,0.007314974182444062,-0.08841751341259443,"blesk.cz,aktualne.cz,ceskatelevize.cz,irozhlas.cz,denik.cz"
CZ,Czech Republic,2019-06-01T00:00:00Z,2019-07-01T00:00:00Z,12535,74,0.00590347028320702,0.27911093930918357,74,0.00590347028320702,0.27911093930918357,"blesk.cz,aktualne.cz,ceskatelevize.cz,irozhlas.cz,denik.cz"
CZ,Czech Republic,2019-07-01T00:00:00Z,2019-08-01T00:00:00Z,12403,70,0.005643795855841328,0.6706980139772983,70,0.005643795855841328,0.6706980139772983,"blesk.cz,aktualne.cz,ceskatelevize.cz,irozhlas.cz,denik.cz"
CZ,Czech Republic,2019-08-01T00:00:00Z,2019-09-01T00:00:00Z,11559,42,0.003633532312483779,0.6831251845136502,43,0.0037200449865905354,0.5317677914215512,"blesk.cz,aktualne.cz,ceskatelevize.cz,irozhlas.cz,denik.cz"
CZ,Czech Republic,2019-09-01T00:00:00Z,2019-10-01T00:00:00Z,12446,64,0.005142214366061385,-0.04866544135580417,64,0.005142214366061385,-0.04866544135580417,"blesk.cz,aktualne.cz,ceskatelevize.cz,irozhlas.cz,denik.cz"
CZ,Czech Republic,2019-10-01T00:00:00Z,2019-11-01T00:00:00Z,12905,102,0.00790391321193336,0.06868089195876978,103,0.007981402557148392,0.007586258152941997,"blesk.cz,aktualne.cz,ceskatelevize.cz,irozhlas.cz,denik.cz"
CZ,Czech Republic,2019-11-01T00:00:00Z,2019-12-01T00:00:00Z,11983,43,0.003588416923975632,0.20334737333311453,47,0.003922223149461737,0.2176557273350745,"blesk.cz,aktualne.cz,ceskatelevize.cz,irozhlas.cz,denik.cz"
CZ,Czech Republic,2019-12-01T00:00:00Z,2020-01-01T00:00:00Z,10976,50,0.004555393586005831,0.4112664647963301,62,0.00564868804664723,0.05911357619213935,"blesk.cz,aktualne.cz,ceskatelevize.cz,irozhlas.cz,denik.cz"
CZ,Czech Republic,2020-01-01T00:00:00Z,2020-02-01T00:00:00Z,15323,87,0.005677739346081055,-0.3939878129577261,93,0.0060693075768452655,-0.3014068440457458,"blesk.cz,aktualne.cz,ceskatelevize.cz,irozhlas.cz,denik.cz"
CZ,Czech Republic,2020-02-01T00:00:00Z,2020-03-01T00:00:00Z,17331,95,0.005481507125959264,-0.30228426408597303,95,0.005481507125959264,-0.30228426408597303,"blesk.cz,aktualne.cz,ceskatelevize.cz,irozhlas.cz,denik.cz"
CZ,Czech Republic,2020-03-01T00:00:00Z,2020-04-01T00:00:00Z,20024,71,0.0035457451058729527,0.03557795982376692,72,0.003595685177786656,0.0011520551902098886,"blesk.cz,aktualne.cz,ceskatelevize.cz,irozhlas.cz,denik.cz"
CZ,Czech Republic,2020-04-01T00:00:00Z,2020-05-01T00:00:00Z,7415,6,0.0008091706001348617,-1.6767285262763831,7,0.0009440323668240054,-1.5793422904685988,"blesk.cz,aktualne.cz,ceskatelevize.cz,irozhlas.cz,denik.cz"
CZ,Czech Republic,2020-05-01T00:00:00Z,2020-06-01T00:00:00Z,4025,16,0.003975155279503106,-2.1810334572787378,17,0.00422360248447205,-2.09703219792074,"blesk.cz,aktualne.cz,ceskatelevize.cz,irozhlas.cz,denik.cz"
CZ,Czech Republic,2020-06-01T00:00:00Z,2020-07-01T00:00:00Z,3995,11,0.002753441802252816,-2.2581687493972016,12,0.003003754693366708,-2.104879855591306,"blesk.cz,aktualne.cz,ceskatelevize.cz,irozhlas.cz,denik.cz"
CZ,Czech Republic,2020-07-01T00:00:00Z,2020-08-01T00:00:00Z,3658,7,0.0019136139967195188,1.1639503440924757,7,0.0019136139967195188,1.1639503440924757,"blesk.cz,aktualne.cz,ceskatelevize.cz,irozhlas.cz,denik.cz"
CZ,Czech Republic,2020-08-01T00:00:00Z,2020-09-01T00:00:00Z,3493,19,0.005439450329229888,0.6955827606206794,22,0.006298310907529345,0.4851722196624656,"blesk.cz,aktualne.cz,ceskatelevize.cz,irozhlas.cz,denik.cz"
CZ,Czech Republic,2020-09-01T00:00:00Z,2020-10-01T00:00:00Z,3624,14,0.003863134657836645,-0.2804747449449251,19,0.0052428256070640175,-0.052814737703618886,"blesk.cz,aktualne.cz,ceskatelevize.cz,irozhlas.cz,denik.cz"
CZ,Czech Republic,2020-10-01T00:00:00Z,2020-11-01T00:00:00Z,2771,9,0.003247924936845904,0.13937878138785378,11,0.003969686033922772,-0.1648135339876069,"blesk.cz,aktualne.cz,ceskatelevize.cz,irozhlas.cz,denik.cz"
CZ,Czech Republic,2020-11-01T00:00:00Z,2020-12-01T00:00:00Z,2509,5,0.0019928258270227183,-0.9846136994312569,5,0.0019928258270227183,-0.9846136994312569,"blesk.cz,aktualne.cz,ceskatelevize.cz,irozhlas.cz,denik.cz"
CZ,Czech Republic,2020-12-01T00:00:00Z,2021-01-01T00:00:00Z,4180,13,0.003110047846889952,-0.2578311998242173,19,0.004545454545454545,-0.19839778830401805,"blesk.cz,aktualne.cz,ceskatelevize.cz,irozhlas.cz,denik.cz"
CZ,Czech Republic,2021-01-01T00:00:00Z,2021-02-01T00:00:00Z,4095,22,0.005372405372405372,0.3041320756582159,22,0.005372405372405372,0.3041320756582159,"blesk.cz,aktualne.cz,ceskatelevize.cz,irozhlas.cz,denik.cz"
CZ,Czech Republic,2021-02-01T00:00:00Z,2021-03-01T00:00:00Z,4018,17,0.004230960676953708,-0.21555965530254026,17,0.004230960676953708,-0.21555965530254026,"blesk.cz,aktualne.cz,ceskatelevize.cz,irozhlas.cz,denik.cz"
CZ,Czech Republic,2021-03-01T00:00:00Z,2021-04-01T00:00:00Z,4422,11,0.0024875621890547263,0.013725974456076956,11,0.0024875621890547263,0.013725974456076956,"blesk.cz,aktualne.cz,ceskatelevize.cz,irozhlas.cz,denik.cz"
CZ,Czech Republic,2021-04-01T00:00:00Z,2021-05-01T00:00:00Z,4221,10,0.002369106846718787,-0.7943863886272141,12,0.0028429282160625444,-1.0095317613102408,"blesk.cz,aktualne.cz,ceskatelevize.cz,irozhlas.cz,denik.cz"
CZ,Czech Republic,2021-05-01T00:00:00Z,2021-06-01T00:00:00Z,4347,14,0.00322061191626409,-1.4280520248444764,15,0.003450655624568668,-1.4293969514044467,"blesk.cz,aktualne.cz,ceskatelevize.cz,irozhlas.cz,denik.cz"
CZ,Czech Republic,2021-06-01T00:00:00Z,2021-07-01T00:00:00Z,4245,15,0.0035335689045936395,-0.6342064957760616,17,0.004004711425206125,-0.6995490116044344,"blesk.cz,aktualne.cz,ceskatelevize.cz,irozhlas.cz,denik.cz"
CZ,Czech Republic,2021-07-01T00:00:00Z,2021-08-01T00:00:00Z,3847,27,0.0070184559396932675,-2.1669969040487937,28,0.0072783987522745,-2.114843935365577,"blesk.cz,aktualne.cz,ceskatelevize.cz,irozhlas.cz,denik.cz"
CZ,Czech Republic,2021-08-01T00:00:00Z,2021-09-01T00:00:00Z,3390,7,0.002064896755162242,0.5603632724509673,8,0.002359882005899705,0.5073015590467704,"blesk.cz,aktualne.cz,ceskatelevize.cz,irozhlas.cz,denik.cz"
CZ,Czech Republic,2021-09-01T00:00:00Z,2021-10-01T00:00:00Z,3959,26,0.006567314978529932,-2.197691867901452,26,0.006567314978529932,-2.197691867901452,"blesk.cz,aktualne.cz,ceskatelevize.cz,irozhlas.cz,denik.cz"
CZ,Czech Republic,2021-10-01T00:00:00Z,2021-11-01T00:00:00Z,4321,14,0.0032399907428835918,-1.163862625889403,18,0.004165702383707475,-1.1312765789797476,"blesk.cz,aktualne.cz,ceskatelevize.cz,irozhlas.cz,denik.cz"
CZ,Czech Republic,2021-11-01T00:00:00Z,2021-12-01T00:00:00Z,4116,22,0.005344995140913508,-0.494076290174991,23,0.005587949465500486,-0.4607558394019996,"blesk.cz,aktualne.cz,ceskatelevize.cz,irozhlas.cz,denik.cz"
CZ,Czech Republic,2021-12-01T00:00:00Z,2022-01-01T00:00:00Z,4029,17,0.004219409282700422,-0.4086474262625815,18,0.004467609828741623,-0.385944791470216,"blesk.cz,aktualne.cz,ceskatelevize.cz,irozhlas.cz,denik.cz"
CZ,Czech Republic,2022-01-01T00:00:00Z,2022-02-01T00:00:00Z,4173,23,0.005511622334052241,-0.30985449417220023,25,0.005990893841361131,-0.4399748458125499,"blesk.cz,aktualne.cz,ceskatelevize.cz,irozhlas.cz,denik.cz"
CZ,Czech Republic,2022-02-01T00:00:00Z,2022-03-01T00:00:00Z,3753,18,0.004796163069544364,-0.6207742544172854,21,0.005595523581135092,-0.5776849001067352,"blesk.cz,aktualne.cz,ceskatelevize.cz,irozhlas.cz,denik.cz"
CZ,Czech Republic,2022-03-01T00:00:00Z,2022-04-01T00:00:00Z,4279,15,0.0035054919373685442,-0.860453792297672,18,0.0042065903248422526,-1.105608742517255,"blesk.cz,aktualne.cz,ceskatelevize.cz,irozhlas.cz,denik.cz"
CZ,Czech Republic,2022-04-01T00:00:00Z,2022-05-01T00:00:00Z,2285,10,0.00437636761487965,-0.07358521496864417,10,0.00437636761487965,-0.07358521496864417,"blesk.cz,aktualne.cz,ceskatelevize.cz,irozhlas.cz,denik.cz"
CZ,Czech Republic,2022-05-01T00:00:00Z,2022-06-01T00:00:00Z,1237,4,0.0032336297493936943,-0.1040689919658131,4,0.0032336297493936943,-0.1040689919658131,"blesk.cz,aktualne.cz,ceskatelevize.cz,irozhlas.cz,denik.cz"
CZ,Czech Republic,2022-06-01T00:00:00Z,2022-07-01T00:00:00Z,13757,97,0.007050955877008069,1.4544299423029867,100,0.007269026677327906,1.4351856408159003,"blesk.cz,aktualne.cz,ceskatelevize.cz,irozhlas.cz,denik.cz"
CZ,Czech Republic,2022-07-01T00:00:00Z,2022-08-01T00:00:00Z,14964,53,0.003541833734295643,2.6737617066095467,53,0.003541833734295643,2.6737617066095467,"blesk.cz,aktualne.cz,ceskatelevize.cz,irozhlas.cz,denik.cz"
CZ,Czech Republic,2022-08-01T00:00:00Z,2022-09-01T00:00:00Z,16521,49,0.0029659221596755646,0.7662327981423168,51,0.003086980207009261,0.6435218561841076,"blesk.cz,aktualne.cz,ceskatelevize.cz,irozhlas.cz,denik.cz"
CZ,Czech Republic,2022-09-01T00:00:00Z,2022-10-01T00:00:00Z,17643,32,0.0018137504959474012,0.018152479285571715,32,0.0018137504959474012,0.018152479285571715,"blesk.cz,aktualne.cz,ceskatelevize.cz,irozhlas.cz,denik.cz"
CZ,Czech Republic,2022-10-01T00:00:00Z,2022-11-01T00:00:00Z,17926,114,0.0063594778533973,-0.004719396272009119,115,0.006415262746848153,-0.017589497128802718,"blesk.cz,aktualne.cz,ceskatelevize.cz,irozhlas.cz,denik.cz"
CZ,Czech Republic,2022-11-01T00:00:00Z,2022-12-01T00:00:00Z,17613,126,0.007153806847215125,0.0907710954343812,126,0.007153806847215125,0.0907710954343812,"blesk.cz,aktualne.cz,ceskatelevize.cz,irozhlas.cz,denik.cz"
CZ,Czech Republic,2022-12-01T00:00:00Z,2023-01-01T00:00:00Z,17830,44,0.0024677509814918677,-0.27707609934216565,47,0.0026360067302299496,-0.2830597173349523,"blesk.cz,aktualne.cz,ceskatelevize.cz,irozhlas.cz,denik.cz"
CZ,Czech Republic,2023-01-01T00:00:00Z,2023-02-01T00:00:00Z,19435,63,0.003241574479032673,-0.578665724696436,65,0.0033444816053511705,-0.5846672097714246,"blesk.cz,aktualne.cz,ceskatelevize.cz,irozhlas.cz,denik.cz"
CZ,Czech Republic,2023-02-01T00:00:00Z,2023-03-01T00:00:00Z,16697,96,0.0057495358447625326,-0.10245687368388748,99,0.005929208839911361,-0.11203951126682946,"blesk.cz,aktualne.cz,ceskatelevize.cz,irozhlas.cz,denik.cz"
CZ,Czech Republic,2023-03-01T00:00:00Z,2023-04-01T00:00:00Z,17011,122,0.007171829992357886,-0.2596196850107416,131,0.007700899418023632,-0.2702690421893146,"blesk.cz,aktualne.cz,ceskatelevize.cz,irozhlas.cz,denik.cz"
CZ,Czech Republic,2023-04-01T00:00:00Z,2023-05-01T00:00:00Z,18836,98,0.005202803142917817,-0.7717931270303756,105,0.005574431938840518,-0.824038779606575,"blesk.cz,aktualne.cz,ceskatelevize.cz,irozhlas.cz,denik.cz"
CZ,Czech Republic,2023-05-01T00:00:00Z,2023-06-01T00:00:00Z,20303,154,0.0075850859478894745,0.7248734378196956,155,0.0076343397527459,0.7170497067495765,"blesk.cz,aktualne.cz,ceskatelevize.cz,irozhlas.cz,denik.cz"
CZ,Czech Republic,2023-06-01T00:00:00Z,2023-07-01T00:00:00Z,19623,66,0.0033634000917290934,1.0918505387127673,67,0.003414360699179534,1.0857075770729279,"blesk.cz,aktualne.cz,ceskatelevize.cz,irozhlas.cz,denik.cz"
CZ,Czech Republic,2023-07-01T00:00:00Z,2023-08-01T00:00:00Z,18444,125,0.006777271741487747,-0.8215766161114612,130,0.007048362611147257,-0.8448910376539248,"blesk.cz,aktualne.cz,ceskatelevize.cz,irozhlas.cz,denik.cz"
CZ,Czech Republic,2023-08-01T00:00:00Z,2023-09-01T00:00:00Z,18973,66,0.0034786275233226163,0.8130892266582836,96,0.005059821852105624,-0.29022476178536294,"blesk.cz,aktualne.cz,ceskatelevize.cz,irozhlas.cz,denik.cz"
CZ,Czech Republic,2023-09-01T00:00:00Z,2023-10-01T00:00:00Z,18571,125,0.006730924559797534,1.1156871921851872,127,0.006838619352754294,1.0868086349968165,"blesk.cz,aktualne.cz,ceskatelevize.cz,irozhlas.cz,denik.cz"
CZ,Czech Republic,2023-10-01T00:00:00Z,2023-11-01T00:00:00Z,19303,227,0.011759830078226183,1.0278777386862417,227,0.011759830078226183,1.0278777386862417,"blesk.cz,aktualne.cz,ceskatelevize.cz,irozhlas.cz,denik.cz"
CZ,Czech Republic,2023-11-01T00:00:00Z,2023-12-01T00:00:00Z,18160,197,0.010848017621145374,0.35778056868808805,199,0.010958149779735683,0.3607253464451242,"blesk.cz,aktualne.cz,ceskatelevize.cz,irozhlas.cz,denik.cz"
CZ,Czech Republic,2023-12-01T00:00:00Z,2024-01-01T00:00:00Z,17510,110,0.006282124500285551,-0.5759780701663811,113,0.006453455168475157,-0.5918388647028694,"blesk.cz,aktualne.cz,ceskatelevize.cz,irozhlas.cz,denik.cz"
CZ,Czech Republic,2024-01-01T00:00:00Z,2024-02-01T00:00:00Z,18148,198,0.010910293145250166,-0.17568519884738645,204,0.011240908089045624,-0.19762621817246812,"blesk.cz,aktualne.cz,ceskatelevize.cz,irozhlas.cz,denik.cz"
CZ,Czech Republic,2024-02-01T00:00:00Z,2024-03-01T00:00:00Z,16652,288,0.017295219793418207,0.023413599846088914,291,0.01747537833293298,-0.00288293031937846,"blesk.cz,aktualne.cz,ceskatelevize.cz,irozhlas.cz,denik.cz"
CZ,Czech Republic,2024-03-01T00:00:00Z,2024-04-01T00:00:00Z,16444,164,0.00997324252006811,-0.6719130772536215,165,0.01003405497445877,-0.6630536682067399,"blesk.cz,aktualne.cz,ceskatelevize.cz,irozhlas.cz,denik.cz"
CZ,Czech Republic,2024-04-01T00:00:00Z,2024-05-01T00:00:00Z,15997,193,0.012064762142901794,1.271194106917917,194,0.012127273863849472,1.241270399986467,"blesk.cz,aktualne.cz,ceskatelevize.cz,irozhlas.cz,denik.cz"
CZ,Czech Republic,2024-05-01T00:00:00Z,2024-06-01T00:00:00Z,16409,118,0.007191175574379914,2.8170158868103026,125,0.007617770735571942,2.455933103956425,"blesk.cz,aktualne.cz,ceskatelevize.cz,irozhlas.cz,denik.cz"
CZ,Czech Republic,2024-06-01T00:00:00Z,2024-07-01T00:00:00Z,15344,98,0.006386861313868613,0.7372303025128103,100,0.006517205422314911,0.7514866215319345,"blesk.cz,aktualne.cz,ceskatelevize.cz,irozhlas.cz,denik.cz"
CZ,Czech Republic,2024-07-01T00:00:00Z,2024-08-01T00:00:00Z,15275,111,0.0072667757774140754,0.6654974167130309,112,0.007332242225859247,0.6710514902072776,"blesk.cz,aktualne.cz,ceskatelevize.cz,irozhlas.cz,denik.cz"
CZ,Czech Republic,2024-08-01T00:00:00Z,2024-09-01T00:00:00Z,16471,67,0.004067755448970919,1.2080756050422048,71,0.004310606520551272,0.9477619594446463,"blesk.cz,aktualne.cz,ceskatelevize.cz,irozhlas.cz,denik.cz"
CZ,Czech Republic,2024-09-01T00:00:00Z,2024-10-01T00:00:00Z,16659,100,0.006002761270184284,1.7521521358411951,100,0.006002761270184284,1.7521521358411951,"blesk.cz,aktualne.cz,ceskatelevize.cz,irozhlas.cz,denik.cz"
CZ,Czech Republic,2024-10-01T00:00:00Z,2024-11-01T00:00:00Z,16225,137,0.008443759630200309,0.08547875756753553,141,0.008690292758089368,-0.03991776166005597,"blesk.cz,aktualne.cz,ceskatelevize.cz,irozhlas.cz,denik.cz"
CZ,Czech Republic,2024-11-01T00:00:00Z,2024-12-01T00:00:00Z,16511,153,0.009266549573011932,1.6067980798576793,155,0.009387680939979407,1.5563343750421483,"blesk.cz,aktualne.cz,ceskatelevize.cz,irozhlas.cz,denik.cz"
CZ,Czech Republic,2024-12-01T00:00:00Z,2025-01-01T00:00:00Z,14836,171,0.011526017794553789,0.5399066336900973,172,0.011593421407387436,0.532401719114331,"blesk.cz,aktualne.cz,ceskatelevize.cz,irozhlas.cz,denik.cz"
CZ,Czech Republic,2025-01-01T00:00:00Z,2025-02-01T00:00:00Z,16729,230,0.013748580309641939,0.5491378394057153,230,0.013748580309641939,0.5491378394057153,"blesk.cz,aktualne.cz,ceskatelevize.cz,irozhlas.cz,denik.cz"
CZ,Czech Republic,2025-02-01T00:00:00Z,2025-03-01T00:00:00Z,14865,145,0.009754456777665657,0.45772416992900844,146,0.009821728893373696,0.4194067987523856,"blesk.cz,aktualne.cz,ceskatelevize.cz,irozhlas.cz,denik.cz"
CZ,Czech Republic,2025-03-01T00:00:00Z,2025-04-01T00:00:00Z,14391,129,0.008963935793204087,0.45718362808072377,129,0.008963935793204087,0.45718362808072377,"blesk.cz,aktualne.cz,ceskatelevize.cz,irozhlas.cz,denik.cz"
CZ,Czech Republic,2025-04-01T00:00:00Z,2025-05-01T00:00:00Z,9649,74,0.007669188516944761,0.2537091436030419,76,0.007876463882267593,0.1867378246816066,"blesk.cz,aktualne.cz,ceskatelevize.cz,irozhlas.cz,denik.cz"
CZ,Czech Republic,2025-05-01T00:00:00Z,2025-06-01T00:00:00Z,9489,52,0.005480029507851196,0.2601555065990301,52,0.005480029507851196,0.2601555065990301,"blesk.cz,aktualne.cz,ceskatelevize.cz,irozhlas.cz,denik.cz"
CZ,Czech Republic,2025-06-01T00:00:00Z,2025-07-01T00:00:00Z,4461,23,0.0051557946648733465,1.1375007177330698,23,0.0051557946648733465,1.1375007177330698,"blesk.cz,aktualne.cz,ceskatelevize.cz,irozhlas.cz,denik.cz"
CZ,Czech Republic,2025-07-01T00:00:00Z,2025-08-01T00:00:00Z,9372,49,0.005228339735381989,1.261580469582606,49,0.005228339735381989,1.261580469582606,"blesk.cz,aktualne.cz,ceskatelevize.cz,irozhlas.cz,denik.cz"
CZ,Czech Republic,2025-08-01T00:00:00Z,2025-09-01T00:00:00Z,9000,42,0.004666666666666667,-0.08737100117621778,44,0.004888888888888889,-0.37482513042722865,"blesk.cz,aktualne.cz,ceskatelevize.cz,irozhlas.cz,denik.cz"
CZ,Czech Republic,2025-09-01T00:00:00Z,2025-10-01T00:00:00Z,10377,47,0.004529247374000193,1.0491289617026585,47,0.004529247374000193,1.0491289617026585,"blesk.cz,aktualne.cz,ceskatelevize.cz,irozhlas.cz,denik.cz"
CZ,Czech Republic,2025-10-01T00:00:00Z,2025-11-01T00:00:00Z,9178,69,0.00751797777293528,-0.15304350057867755,70,0.007626933972543038,-0.19608897789796442,"blesk.cz,aktualne.cz,ceskatelevize.cz,irozhlas.cz,denik.cz"
CZ,Czech Republic,2025-11-01T00:00:00Z,2025-12-01T00:00:00Z,8851,43,0.004858208112077731,-0.6060403305239489,43,0.004858208112077731,-0.6060403305239489,"blesk.cz,aktualne.cz,ceskatelevize.cz,irozhlas.cz,denik.cz"
CZ,Czech Republic,2025-12-01T00:00:00Z,2026-01-01T00:00:00Z,7643,43,0.0056260630642417896,0.7205769788882979,46,0.006018579091979589,0.31046783395794064,"blesk.cz,aktualne.cz,ceskatelevize.cz,irozhlas.cz,denik.cz"
CZ,Czech Republic,2026-01-01T00:00:00Z,2026-02-01T00:00:00Z,8239,59,0.007161063235829591,0.1497455290570574,59,0.007161063235829591,0.1497455290570574,"blesk.cz,aktualne.cz,ceskatelevize.cz,irozhlas.cz,denik.cz"
CZ,Czech Republic,2026-02-01T00:00:00Z,2026-03-01T00:00:00Z,7684,50,0.006507027589796981,0.216752336149909,50,0.006507027589796981,0.216752336149909,"blesk.cz,aktualne.cz,ceskatelevize.cz,irozhlas.cz,denik.cz"
CZ,Czech Republic,2026-03-01T00:00:00Z,2026-04-01T00:00:00Z,3071,13,0.004233148811462064,0.6127527314302224,14,0.004558775643112993,0.5384596486601759,"blesk.cz,aktualne.cz,ceskatelevize.cz,irozhlas.cz,denik.cz"
FI,Finland,2018-06-01T00:00:00Z,2018-07-01T00:00:00Z,12047,63,0.005229517722254503,-1.079982235192035,63,0.005229517722254503,-1.079982235192035,"yle.fi,hs.fi,iltasanomat.fi,mtvuutiset.fi,is.fi"
FI,Finland,2018-07-01T00:00:00Z,2018-08-01T00:00:00Z,9709,23,0.0023689360387269542,-0.02127695526429982,23,0.0023689360387269542,-0.02127695526429982,"yle.fi,hs.fi,iltasanomat.fi,mtvuutiset.fi,is.fi"
FI,Finland,2018-08-01T00:00:00Z,2018-09-01T00:00:00Z,10098,29,0.0028718558130322834,-0.8484678529945073,29,0.0028718558130322834,-0.8484678529945073,"yle.fi,hs.fi,iltasanomat.fi,mtvuutiset.fi,is.fi"
FI,Finland,2018-09-01T00:00:00Z,2018-10-01T00:00:00Z,11223,45,0.00400962309542903,0.5694275180381887,45,0.00400962309542903,0.5694275180381887,"yle.fi,hs.fi,iltasanomat.fi,mtvuutiset.fi,is.fi"
FI,Finland,2018-10-01T00:00:00Z,2018-11-01T00:00:00Z,12064,47,0.003895888594164456,-0.20338797493770897,47,0.003895888594164456,-0.20338797493770897,"yle.fi,hs.fi,iltasanomat.fi,mtvuutiset.fi,is.fi"
FI,Finland,2018-11-01T00:00:00Z,2018-12-01T00:00:00Z,13175,51,0.003870967741935484,-0.8183902322032396,51,0.003870967741935484,-0.8183902322032396,"yle.fi,hs.fi,iltasanomat.fi,mtvuutiset.fi,is.fi"
FI,Finland,2018-12-01T00:00:00Z,2019-01-01T00:00:00Z,11013,39,0.003541269408880414,0.35491541601386906,39,0.003541269408880414,0.35491541601386906,"yle.fi,hs.fi,iltasanomat.fi,mtvuutiset.fi,is.fi"
FI,Finland,2019-01-01T00:00:00Z,2019-02-01T00:00:00Z,12727,95,0.007464445666692857,-3.0074669726421073,95,0.007464445666692857,-3.0074669726421073,"yle.fi,hs.fi,iltasanomat.fi,mtvuutiset.fi,is.fi"
FI,Finland,2019-02-01T00:00:00Z,2019-03-01T00:00:00Z,12168,37,0.0030407626561472717,-1.2651327964980033,37,0.0030407626561472717,-1.2651327964980033,"yle.fi,hs.fi,iltasanomat.fi,mtvuutiset.fi,is.fi"
FI,Finland,2019-03-01T00:00:00Z,2019-04-01T00:00:00Z,12902,34,0.0026352503487831343,0.04526081228614514,34,0.0026352503487831343,0.04526081228614514,"yle.fi,hs.fi,iltasanomat.fi,mtvuutiset.fi,is.fi"
FI,Finland,2019-04-01T00:00:00Z,2019-05-01T00:00:00Z,12216,28,0.0022920759659463,-0.5822971112327124,29,0.0023739358218729536,-0.4913187706262349,"yle.fi,hs.fi,iltasanomat.fi,mtvuutiset.fi,is.fi"
FI,Finland,2019-05-01T00:00:00Z,2019-06-01T00:00:00Z,13040,52,0.003987730061349694,-3.0064969711266905,54,0.004141104294478528,-3.0365445121988754,"yle.fi,hs.fi,iltasanomat.fi,mtvuutiset.fi,is.fi"
FI,Finland,2019-06-01T00:00:00Z,2019-07-01T00:00:00Z,11992,50,0.004169446297531688,-0.9412254702633664,50,0.004169446297531688,-0.9412254702633664,"yle.fi,hs.fi,iltasanomat.fi,mtvuutiset.fi,is.fi"
FI,Finland,2019-07-01T00:00:00Z,2019-08-01T00:00:00Z,11561,35,0.0030274197733760055,-1.3166844261821598,35,0.0030274197733760055,-1.3166844261821598,"yle.fi,hs.fi,iltasanomat.fi,mtvuutiset.fi,is.fi"
FI,Finland,2019-08-01T00:00:00Z,2019-09-01T00:00:00Z,11227,21,0.0018704907811525786,-0.3678853472947923,21,0.0018704907811525786,-0.3678853472947923,"yle.fi,hs.fi,iltasanomat.fi,mtvuutiset.fi,is.fi"
FI,Finland,2019-09-01T00:00:00Z,2019-10-01T00:00:00Z,12885,28,0.002173069460613116,-0.9690827609098127,28,0.002173069460613116,-0.9690827609098127,"yle.fi,hs.fi,iltasanomat.fi,mtvuutiset.fi,is.fi"
FI,Finland,2019-10-01T00:00:00Z,2019-11-01T00:00:00Z,12853,29,0.0022562825799424258,-0.5921156235375102,29,0.0022562825799424258,-0.5921156235375102,"yle.fi,hs.fi,iltasanomat.fi,mtvuutiset.fi,is.fi"
FI,Finland,2019-11-01T00:00:00Z,2019-12-01T00:00:00Z,12467,19,0.0015240234218336407,-0.5670490486406684,19,0.0015240234218336407,-0.5670490486406684,"yle.fi,hs.fi,iltasanomat.fi,mtvuutiset.fi,is.fi"
FI,Finland,2019-12-01T00:00:00Z,2020-01-01T00:00:00Z,11140,37,0.0033213644524236986,-1.069433777681428,37,0.0033213644524236986,-1.069433777681428,"yle.fi,hs.fi,iltasanomat.fi,mtvuutiset.fi,is.fi"
FI,Finland,2020-01-01T00:00:00Z,2020-02-01T00:00:00Z,11510,45,0.003909643788010426,-0.7092679493069688,45,0.003909643788010426,-0.7092679493069688,"yle.fi,hs.fi,iltasanomat.fi,mtvuutiset.fi,is.fi"
FI,Finland,2020-02-01T00:00:00Z,2020-03-01T00:00:00Z,10928,37,0.0033857979502196194,-0.5573180634733681,37,0.0033857979502196194,-0.5573180634733681,"yle.fi,hs.fi,iltasanomat.fi,mtvuutiset.fi,is.fi"
FI,Finland,2020-03-01T00:00:00Z,2020-04-01T00:00:00Z,10422,14,0.0013433122241412398,-1.7197223532859576,14,0.0013433122241412398,-1.7197223532859576,"yle.fi,hs.fi,iltasanomat.fi,mtvuutiset.fi,is.fi"
FI,Finland,2020-04-01T00:00:00Z,2020-05-01T00:00:00Z,9796,24,0.002449979583503471,-0.9303956224451949,24,0.002449979583503471,-0.9303956224451949,"yle.fi,hs.fi,iltasanomat.fi,mtvuutiset.fi,is.fi"
FI,Finland,2020-05-01T00:00:00Z,2020-06-01T00:00:00Z,9433,8,0.000848086504823492,-1.5102010683973548,9,0.0009540973179264285,-1.7064786195894497,"yle.fi,hs.fi,iltasanomat.fi,mtvuutiset.fi,is.fi"
FI,Finland,2020-06-01T00:00:00Z,2020-07-01T00:00:00Z,8390,26,0.003098927294398093,-1.2087597115418414,27,0.0032181168057210966,-1.5096698456822664,"yle.fi,hs.fi,iltasanomat.fi,mtvuutiset.fi,is.fi"
FI,Finland,2020-07-01T00:00:00Z,2020-08-01T00:00:00Z,7672,7,0.0009124087591240876,-3.038228931261527,7,0.0009124087591240876,-3.038228931261527,"yle.fi,hs.fi,iltasanomat.fi,mtvuutiset.fi,is.fi"
FI,Finland,2020-08-01T00:00:00Z,2020-09-01T00:00:00Z,7778,11,0.001414245307276935,-1.3528299143705294,11,0.001414245307276935,-1.3528299143705294,"yle.fi,hs.fi,iltasanomat.fi,mtvuutiset.fi,is.fi"
FI,Finland,2020-09-01T00:00:00Z,2020-10-01T00:00:00Z,7154,3,0.0004193458205199888,0.6683164841455957,3,0.0004193458205199888,0.6683164841455957,"yle.fi,hs.fi,iltasanomat.fi,mtvuutiset.fi,is.fi"
FI,Finland,2020-10-01T00:00:00Z,2020-11-01T00:00:00Z,5233,10,0.0019109497420217848,-2.3395726644889003,10,0.0019109497420217848,-2.3395726644889003,"yle.fi,hs.fi,iltasanomat.fi,mtvuutiset.fi,is.fi"
FI,Finland,2020-11-01T00:00:00Z,2020-12-01T00:00:00Z,5382,9,0.0016722408026755853,0.12759957069392164,9,0.0016722408026755853,0.12759957069392164,"yle.fi,hs.fi,iltasanomat.fi,mtvuutiset.fi,is.fi"
FI,Finland,2020-12-01T00:00:00Z,2021-01-01T00:00:00Z,8211,15,0.001826817683595177,-0.7629711976148581,15,0.001826817683595177,-0.7629711976148581,"yle.fi,hs.fi,iltasanomat.fi,mtvuutiset.fi,is.fi"
FI,Finland,2021-01-01T00:00:00Z,2021-02-01T00:00:00Z,8327,11,0.001321003963011889,-0.9417838649837443,11,0.001321003963011889,-0.9417838649837443,"yle.fi,hs.fi,iltasanomat.fi,mtvuutiset.fi,is.fi"
FI,Finland,2021-02-01T00:00:00Z,2021-03-01T00:00:00Z,7893,13,0.0016470290130495375,0.3308282732933932,13,0.0016470290130495375,0.3308282732933932,"yle.fi,hs.fi,iltasanomat.fi,mtvuutiset.fi,is.fi"
FI,Finland,2021-03-01T00:00:00Z,2021-04-01T00:00:00Z,8495,13,0.0015303119482048264,-1.947581810409114,13,0.0015303119482048264,-1.947581810409114,"yle.fi,hs.fi,iltasanomat.fi,mtvuutiset.fi,is.fi"
FI,Finland,2021-04-01T00:00:00Z,2021-05-01T00:00:00Z,7252,17,0.002344180915609487,-0.9591117935780991,17,0.002344180915609487,-0.9591117935780991,"yle.fi,hs.fi,iltasanomat.fi,mtvuutiset.fi,is.fi"
FI,Finland,2021-05-01T00:00:00Z,2021-06-01T00:00:00Z,7839,12,0.0015308075009567547,-0.6907750589053123,12,0.0015308075009567547,-0.6907750589053123,"yle.fi,hs.fi,iltasanomat.fi,mtvuutiset.fi,is.fi"
FI,Finland,2021-06-01T00:00:00Z,2021-07-01T00:00:00Z,7416,22,0.0029665587918015104,-0.01983671209140897,22,0.0029665587918015104,-0.01983671209140897,"yle.fi,hs.fi,iltasanomat.fi,mtvuutiset.fi,is.fi"
FI,Finland,2021-07-01T00:00:00Z,2021-08-01T00:00:00Z,7023,16,0.0022782286772034745,-4.208801248791066,16,0.0022782286772034745,-4.208801248791066,"yle.fi,hs.fi,iltasanomat.fi,mtvuutiset.fi,is.fi"
FI,Finland,2021-08-01T00:00:00Z,2021-09-01T00:00:00Z,4486,10,0.002229157378510923,-1.8503859958391395,10,0.002229157378510923,-1.8503859958391395,"yle.fi,hs.fi,iltasanomat.fi,mtvuutiset.fi,is.fi"
FI,Finland,2021-09-01T00:00:00Z,2021-10-01T00:00:00Z,4594,14,0.0030474531998258597,-1.831551356501095,14,0.0030474531998258597,-1.831551356501095,"yle.fi,hs.fi,iltasanomat.fi,mtvuutiset.fi,is.fi"
FI,Finland,2021-10-01T00:00:00Z,2021-11-01T00:00:00Z,5111,9,0.0017609078458227353,-0.09230169264646054,10,0.0019565642731363725,-0.10112206489806,"yle.fi,hs.fi,iltasanomat.fi,mtvuutiset.fi,is.fi"
FI,Finland,2021-11-01T00:00:00Z,2021-12-01T00:00:00Z,4792,13,0.002712854757929883,-1.578226787408333,14,0.002921535893155259,-1.7102052973024473,"yle.fi,hs.fi,iltasanomat.fi,mtvuutiset.fi,is.fi"
FI,Finland,2021-12-01T00:00:00Z,2022-01-01T00:00:00Z,4322,14,0.003239241092086997,-0.19421625952257107,14,0.003239241092086997,-0.19421625952257107,"yle.fi,hs.fi,iltasanomat.fi,mtvuutiset.fi,is.fi"
FI,Finland,2022-01-01T00:00:00Z,2022-02-01T00:00:00Z,4207,9,0.0021392916567625386,-2.3718992924883935,9,0.0021392916567625386,-2.3718992924883935,"yle.fi,hs.fi,iltasanomat.fi,mtvuutiset.fi,is.fi"
FI,Finland,2022-02-01T00:00:00Z,2022-03-01T00:00:00Z,4066,2,0.0004918839153959665,0.601374570446735,2,0.0004918839153959665,0.601374570446735,"yle.fi,hs.fi,iltasanomat.fi,mtvuutiset.fi,is.fi"
FI,Finland,2022-03-01T00:00:00Z,2022-04-01T00:00:00Z,4378,4,0.0009136592051164915,-2.3040335599336426,4,0.0009136592051164915,-2.3040335599336426,"yle.fi,hs.fi,iltasanomat.fi,mtvuutiset.fi,is.fi"
FI,Finland,2022-04-01T00:00:00Z,2022-05-01T00:00:00Z,4092,8,0.0019550342130987292,-0.19652599929215292,8,0.0019550342130987292,-0.19652599929215292,"yle.fi,hs.fi,iltasanomat.fi,mtvuutiset.fi,is.fi"
FI,Finland,2022-05-01T00:00:00Z,2022-06-01T00:00:00Z,4163,19,0.004564016334374249,-0.07998110866922802,19,0.004564016334374249,-0.07998110866922802,"yle.fi,hs.fi,iltasanomat.fi,mtvuutiset.fi,is.fi"
FI,Finland,2022-06-01T00:00:00Z,2022-07-01T00:00:00Z,4041,15,0.003711952487008166,0.01617422288914039,15,0.003711952487008166,0.01617422288914039,"yle.fi,hs.fi,iltasanomat.fi,mtvuutiset.fi,is.fi"
FI,Finland,2022-07-01T00:00:00Z,2022-08-01T00:00:00Z,3706,8,0.0021586616297895305,-0.19106893396311264,8,0.0021586616297895305,-0.19106893396311264,"yle.fi,hs.fi,iltasanomat.fi,mtvuutiset.fi,is.fi"
FI,Finland,2022-08-01T00:00:00Z,2022-09-01T00:00:00Z,4069,11,0.002703366920619317,0.028440521954750553,14,0.0034406488080609486,-0.541275914771108,"yle.fi,hs.fi,iltasanomat.fi,mtvuutiset.fi,is.fi"
FI,Finland,2022-09-01T00:00:00Z,2022-10-01T00:00:00Z,4491,10,0.00222667557336896,0.2046135486888025,10,0.00222667557336896,0.2046135486888025,"yle.fi,hs.fi,iltasanomat.fi,mtvuutiset.fi,is.fi"
FI,Finland,2022-10-01T00:00:00Z,2022-11-01T00:00:00Z,4379,6,0.0013701758392327015,-0.6943015723188786,6,0.0013701758392327015,-0.6943015723188786,"yle.fi,hs.fi,iltasanomat.fi,mtvuutiset.fi,is.fi"
FI,Finland,2022-11-01T00:00:00Z,2022-12-01T00:00:00Z,4713,10,0.0021217907914279654,-0.6649590415402074,11,0.0023339698705707617,-1.1509563070137,"yle.fi,hs.fi,iltasanomat.fi,mtvuutiset.fi,is.fi"
FI,Finland,2022-12-01T00:00:00Z,2023-01-01T00:00:00Z,5102,10,0.001960015680125441,0.3700144616347032,10,0.001960015680125441,0.3700144616347032,"yle.fi,hs.fi,iltasanomat.fi,mtvuutiset.fi,is.fi"
FI,Finland,2023-01-01T00:00:00Z,2023-02-01T00:00:00Z,5396,12,0.002223869532987398,-1.5048565490236994,13,0.0024091919940696814,-1.6215433499718195,"yle.fi,hs.fi,iltasanomat.fi,mtvuutiset.fi,is.fi"
FI,Finland,2023-02-01T00:00:00Z,2023-03-01T00:00:00Z,5317,15,0.0028211397404551437,-0.2552443449934031,15,0.0028211397404551437,-0.2552443449934031,"yle.fi,hs.fi,iltasanomat.fi,mtvuutiset.fi,is.fi"
FI,Finland,2023-03-01T00:00:00Z,2023-04-01T00:00:00Z,6173,26,0.004211890490847238,0.49583173940663783,26,0.004211890490847238,0.49583173940663783,"yle.fi,hs.fi,iltasanomat.fi,mtvuutiset.fi,is.fi"
FI,Finland,2023-04-01T00:00:00Z,2023-05-01T00:00:00Z,7978,29,0.0036349962396590623,-1.0654878711306714,29,0.0036349962396590623,-1.0654878711306714,"yle.fi,hs.fi,iltasanomat.fi,mtvuutiset.fi,is.fi"
FI,Finland,2023-05-01T00:00:00Z,2023-06-01T00:00:00Z,7944,40,0.005035246727089627,-0.6438535435684132,40,0.005035246727089627,-0.6438535435684132,"yle.fi,hs.fi,iltasanomat.fi,mtvuutiset.fi,is.fi"
FI,Finland,2023-06-01T00:00:00Z,2023-07-01T00:00:00Z,7862,30,0.003815822945815314,-1.1103384791733284,31,0.003943017044009158,-1.4329440479455147,"yle.fi,hs.fi,iltasanomat.fi,mtvuutiset.fi,is.fi"
FI,Finland,2023-07-01T00:00:00Z,2023-08-01T00:00:00Z,7450,22,0.002953020134228188,-0.05158301249578705,22,0.002953020134228188,-0.05158301249578705,"yle.fi,hs.fi,iltasanomat.fi,mtvuutiset.fi,is.fi"
FI,Finland,2023-08-01T00:00:00Z,2023-09-01T00:00:00Z,8124,22,0.0027080256031511572,-0.11168738893893644,23,0.002831117676021664,-0.2319487129731836,"yle.fi,hs.fi,iltasanomat.fi,mtvuutiset.fi,is.fi"
FI,Finland,2023-09-01T00:00:00Z,2023-10-01T00:00:00Z,8249,35,0.004242938538004607,-1.1361664179178157,36,0.004364165353376167,-1.157582101075894,"yle.fi,hs.fi,iltasanomat.fi,mtvuutiset.fi,is.fi"
FI,Finland,2023-10-01T00:00:00Z,2023-11-01T00:00:00Z,7111,28,0.003937561524398819,-0.49974571206071006,29,0.004078188721698776,-0.4663543578038903,"yle.fi,hs.fi,iltasanomat.fi,mtvuutiset.fi,is.fi"
FI,Finland,2023-11-01T00:00:00Z,2023-12-01T00:00:00Z,6921,26,0.003756682560323653,0.9367224294400923,27,0.0039011703511053317,0.8799455939248337,"yle.fi,hs.fi,iltasanomat.fi,mtvuutiset.fi,is.fi"
FI,Finland,2023-12-01T00:00:00Z,2024-01-01T00:00:00Z,6516,42,0.006445672191528545,0.22034225321303097,43,0.006599140577041129,0.12240893375459716,"yle.fi,hs.fi,iltasanomat.fi,mtvuutiset.fi,is.fi"
FI,Finland,2024-01-01T00:00:00Z,2024-02-01T00:00:00Z,7434,36,0.004842615012106538,0.3909786934129367,37,0.0049771320957761635,0.32301840106252977,"yle.fi,hs.fi,iltasanomat.fi,mtvuutiset.fi,is.fi"
FI,Finland,2024-02-01T00:00:00Z,2024-03-01T00:00:00Z,7080,21,0.0029661016949152543,-1.0182715142683407,21,0.0029661016949152543,-1.0182715142683407,"yle.fi,hs.fi,iltasanomat.fi,mtvuutiset.fi,is.fi"
FI,Finland,2024-03-01T00:00:00Z,2024-04-01T00:00:00Z,7006,36,0.005138452754781616,-1.4472734763290687,36,0.005138452754781616,-1.4472734763290687,"yle.fi,hs.fi,iltasanomat.fi,mtvuutiset.fi,is.fi"
FI,Finland,2024-04-01T00:00:00Z,2024-05-01T00:00:00Z,6547,27,0.004124026271574767,0.42435867528137544,28,0.0042767679853367956,0.2975958654498979,"yle.fi,hs.fi,iltasanomat.fi,mtvuutiset.fi,is.fi"
FI,Finland,2024-05-01T00:00:00Z,2024-06-01T00:00:00Z,6712,26,0.0038736591179976162,-0.9297227169557342,27,0.004022646007151371,-0.9585396491480408,"yle.fi,hs.fi,iltasanomat.fi,mtvuutiset.fi,is.fi"
FI,Finland,2024-06-01T00:00:00Z,2024-07-01T00:00:00Z,7459,30,0.004021986861509586,-0.005924091608721316,30,0.004021986861509586,-0.005924091608721316,"yle.fi,hs.fi,iltasanomat.fi,mtvuutiset.fi,is.fi"
FI,Finland,2024-07-01T00:00:00Z,2024-08-01T00:00:00Z,7949,16,0.0020128318027424832,-1.086299915284023,16,0.0020128318027424832,-1.086299915284023,"yle.fi,hs.fi,iltasanomat.fi,mtvuutiset.fi,is.fi"
FI,Finland,2024-08-01T00:00:00Z,2024-09-01T00:00:00Z,8478,24,0.0028308563340410475,-0.37787878547162823,24,0.0028308563340410475,-0.37787878547162823,"yle.fi,hs.fi,iltasanomat.fi,mtvuutiset.fi,is.fi"
FI,Finland,2024-09-01T00:00:00Z,2024-10-01T00:00:00Z,8796,32,0.0036380172805820826,-0.7516897306733997,32,0.0036380172805820826,-0.7516897306733997,"yle.fi,hs.fi,iltasanomat.fi,mtvuutiset.fi,is.fi"
FI,Finland,2024-10-01T00:00:00Z,2024-11-01T00:00:00Z,8978,21,0.0023390510135887724,-0.36556296091281376,22,0.002450434395188238,-0.5383404020834436,"yle.fi,hs.fi,iltasanomat.fi,mtvuutiset.fi,is.fi"
FI,Finland,2024-11-01T00:00:00Z,2024-12-01T00:00:00Z,8998,24,0.0026672593909757725,-0.23218796388640606,24,0.0026672593909757725,-0.23218796388640606,"yle.fi,hs.fi,iltasanomat.fi,mtvuutiset.fi,is.fi"
FI,Finland,2024-12-01T00:00:00Z,2025-01-01T00:00:00Z,8141,30,0.003685050976538509,-0.8580263649499461,30,0.003685050976538509,-0.8580263649499461,"yle.fi,hs.fi,iltasanomat.fi,mtvuutiset.fi,is.fi"
FI,Finland,2025-01-01T00:00:00Z,2025-02-01T00:00:00Z,8663,23,0.002654969410135057,0.6145260984030041,23,0.002654969410135057,0.6145260984030041,"yle.fi,hs.fi,iltasanomat.fi,mtvuutiset.fi,is.fi"
FI,Finland,2025-02-01T00:00:00Z,2025-03-01T00:00:00Z,8064,33,0.004092261904761905,-1.7007881774391567,34,0.004216269841269841,-1.6300524853935145,"yle.fi,hs.fi,iltasanomat.fi,mtvuutiset.fi,is.fi"
FI,Finland,2025-03-01T00:00:00Z,2025-04-01T00:00:00Z,8489,23,0.0027093886205677934,-1.111847408483687,23,0.0027093886205677934,-1.111847408483687,"yle.fi,hs.fi,iltasanomat.fi,mtvuutiset.fi,is.fi"
FI,Finland,2025-04-01T00:00:00Z,2025-05-01T00:00:00Z,8323,26,0.0031238736032680524,0.8294338737275966,26,0.0031238736032680524,0.8294338737275966,"yle.fi,hs.fi,iltasanomat.fi,mtvuutiset.fi,is.fi"
FI,Finland,2025-05-01T00:00:00Z,2025-06-01T00:00:00Z,8258,58,0.007023492371034149,-1.9044342570152837,58,0.007023492371034149,-1.9044342570152837,"yle.fi,hs.fi,iltasanomat.fi,mtvuutiset.fi,is.fi"
FI,Finland,2025-06-01T00:00:00Z,2025-07-01T00:00:00Z,3661,7,0.0019120458891013384,-0.9585181066104825,7,0.0019120458891013384,-0.9585181066104825,"yle.fi,hs.fi,iltasanomat.fi,mtvuutiset.fi,is.fi"
FI,Finland,2025-07-01T00:00:00Z,2025-08-01T00:00:00Z,7768,25,0.0032183316168898045,-2.0435031646648016,25,0.0032183316168898045,-2.0435031646648016,"yle.fi,hs.fi,iltasanomat.fi,mtvuutiset.fi,is.fi"
FI,Finland,2025-08-01T00:00:00Z,2025-09-01T00:00:00Z,7727,27,0.0034942409732108192,-1.7239195527847562,27,0.0034942409732108192,-1.7239195527847562,"yle.fi,hs.fi,iltasanomat.fi,mtvuutiset.fi,is.fi"
FI,Finland,2025-09-01T00:00:00Z,2025-10-01T00:00:00Z,8209,24,0.0029236204166159093,-0.672456425140221,24,0.0029236204166159093,-0.672456425140221,"yle.fi,hs.fi,iltasanomat.fi,mtvuutiset.fi,is.fi"
FI,Finland,2025-10-01T00:00:00Z,2025-11-01T00:00:00Z,8292,42,0.005065123010130246,-0.015993255189167402,42,0.005065123010130246,-0.015993255189167402,"yle.fi,hs.fi,iltasanomat.fi,mtvuutiset.fi,is.fi"
FI,Finland,2025-11-01T00:00:00Z,2025-12-01T00:00:00Z,7752,50,0.006449948400412796,-0.41437974357990676,50,0.006449948400412796,-0.41437974357990676,"yle.fi,hs.fi,iltasanomat.fi,mtvuutiset.fi,is.fi"
FI,Finland,2025-12-01T00:00:00Z,2026-01-01T00:00:00Z,7212,26,0.0036051026067665,-1.7508339845143663,26,0.0036051026067665,-1.7508339845143663,"yle.fi,hs.fi,iltasanomat.fi,mtvuutiset.fi,is.fi"
FI,Finland,2026-01-01T00:00:00Z,2026-02-01T00:00:00Z,8174,37,0.004526547589919256,-1.2435738307461366,37,0.004526547589919256,-1.2435738307461366,"yle.fi,hs.fi,iltasanomat.fi,mtvuutiset.fi,is.fi"
FI,Finland,2026-02-01T00:00:00Z,2026-03-01T00:00:00Z,7801,30,0.0038456608127163186,0.20819494980416958,30,0.0038456608127163186,0.20819494980416958,"yle.fi,hs.fi,iltasanomat.fi,mtvuutiset.fi,is.fi"
FI,Finland,2026-03-01T00:00:00Z,2026-04-01T00:00:00Z,2991,21,0.007021063189568706,-1.4602676454316734,21,0.007021063189568706,-1.4602676454316734,"yle.fi,hs.fi,iltasanomat.fi,mtvuutiset.fi,is.fi"
FR,France,2018-06-01T00:00:00Z,2018-07-01T00:00:00Z,17368,224,0.012897282358360202,-1.116067419572341,228,0.01312759097190235,-1.096638008554905,"lemonde.fr,lefigaro.fr,franceinfo.fr,liberation.fr,ouest-france.fr"
FR,France,2018-07-01T00:00:00Z,2018-08-01T00:00:00Z,13620,277,0.020337738619676946,-1.3845911930641117,284,0.020851688693098384,-1.4384337019492806,"lemonde.fr,lefigaro.fr,franceinfo.fr,liberation.fr,ouest-france.fr"
FR,France,2018-08-01T00:00:00Z,2018-09-01T00:00:00Z,11724,121,0.01032070965540771,-1.447126754856331,135,0.01151484135107472,-1.433951255397374,"lemonde.fr,lefigaro.fr,franceinfo.fr,liberation.fr,ouest-france.fr"
FR,France,2018-09-01T00:00:00Z,2018-10-01T00:00:00Z,12652,181,0.01430603857097692,-1.2168799863676445,185,0.014622194119506797,-1.2050272640801711,"lemonde.fr,lefigaro.fr,franceinfo.fr,liberation.fr,ouest-france.fr"
FR,France,2018-10-01T00:00:00Z,2018-11-01T00:00:00Z,14316,184,0.012852752165409332,-1.0613674738069514,195,0.013621123218776194,-1.0975577383556823,"lemonde.fr,lefigaro.fr,franceinfo.fr,liberation.fr,ouest-france.fr"
FR,France,2018-11-01T00:00:00Z,2018-12-01T00:00:00Z,12022,186,0.015471635335218765,-1.7147713532946136,193,0.016053901181167857,-1.6644386563867708,"lemonde.fr,lefigaro.fr,franceinfo.fr,liberation.fr,ouest-france.fr"
FR,France,2018-12-01T00:00:00Z,2019-01-01T00:00:00Z,9695,137,0.014130995358432182,-1.0657914829306845,139,0.014337287261474986,-1.1557892807642594,"lemonde.fr,lefigaro.fr,franceinfo.fr,liberation.fr,ouest-france.fr"
FR,France,2019-01-01T00:00:00Z,2019-02-01T00:00:00Z,10474,113,0.01078861943860989,-1.8537074038273427,116,0.011075042963528738,-1.8400437424536376,"lemonde.fr,lefigaro.fr,franceinfo.fr,liberation.fr,ouest-france.fr"
FR,France,2019-02-01T00:00:00Z,2019-03-01T00:00:00Z,9808,118,0.01203099510603589,-1.1340542782055565,120,0.012234910277324634,-1.1429438463299793,"lemonde.fr,lefigaro.fr,franceinfo.fr,liberation.fr,ouest-france.fr"
FR,France,2019-03-01T00:00:00Z,2019-04-01T00:00:00Z,9999,159,0.0159015901590159,-1.9489348370207118,162,0.016201620162016202,-1.9427545119084695,"lemonde.fr,lefigaro.fr,franceinfo.fr,liberation.fr,ouest-france.fr"
FR,France,2019-04-01T00:00:00Z,2019-05-01T00:00:00Z,9521,134,0.014074151874803067,-1.4388990474578547,138,0.014494275811364353,-1.3771558774308839,"lemonde.fr,lefigaro.fr,franceinfo.fr,liberation.fr,ouest-france.fr"
FR,France,2019-05-01T00:00:00Z,2019-06-01T00:00:00Z,10170,131,0.01288102261553589,-0.9238366548042182,139,0.01366764995083579,-0.738279195631606,"lemonde.fr,lefigaro.fr,franceinfo.fr,liberation.fr,ouest-france.fr"
FR,France,2019-06-01T00:00:00Z,2019-07-01T00:00:00Z,9389,122,0.012993929065928214,-1.2864217609953914,128,0.013632974757695175,-1.4362022486394357,"lemonde.fr,lefigaro.fr,franceinfo.fr,liberation.fr,ouest-france.fr"
FR,France,2019-07-01T00:00:00Z,2019-08-01T00:00:00Z,11898,153,0.012859304084720122,-1.3006424067042994,161,0.013531685997646663,-1.3589844091674348,"lemonde.fr,lefigaro.fr,franceinfo.fr,liberation.fr,ouest-france.fr"
FR,France,2019-08-01T00:00:00Z,2019-09-01T00:00:00Z,9780,100,0.010224948875255624,-2.005664399683466,103,0.010531697341513293,-2.046506303476412,"lemonde.fr,lefigaro.fr,franceinfo.fr,liberation.fr,ouest-france.fr"
FR,France,2019-09-01T00:00:00Z,2019-10-01T00:00:00Z,14176,205,0.014461060948081264,-1.034084210486729,214,0.015095936794582392,-0.975822937553381,"lemonde.fr,lefigaro.fr,franceinfo.fr,liberation.fr,ouest-france.fr"
FR,France,2019-10-01T00:00:00Z,2019-11-01T00:00:00Z,16415,222,0.013524215656411818,-1.4891576874773398,226,0.013767895217788609,-1.483302759217072,"lemonde.fr,lefigaro.fr,franceinfo.fr,liberation.fr,ouest-france.fr"
FR,France,2019-11-01T00:00:00Z,2019-12-01T00:00:00Z,16866,201,0.01191746709356101,-1.5384923863830944,206,0.012213921498873473,-1.593745730512209,"lemonde.fr,lefigaro.fr,franceinfo.fr,liberation.fr,ouest-france.fr"
FR,France,2019-12-01T00:00:00Z,2020-01-01T00:00:00Z,16779,173,0.010310507181596042,-1.1664045420108906,177,0.01054890041122832,-1.1808470366583181,"lemonde.fr,lefigaro.fr,franceinfo.fr,liberation.fr,ouest-france.fr"
FR,France,2020-01-01T00:00:00Z,2020-02-01T00:00:00Z,18386,158,0.008593495050581965,-1.3232209822387824,172,0.009354943979114544,-1.313562155713477,"lemonde.fr,lefigaro.fr,franceinfo.fr,liberation.fr,ouest-france.fr"
FR,France,2020-02-01T00:00:00Z,2020-03-01T00:00:00Z,16840,172,0.010213776722090262,-0.6155937556075812,176,0.010451306413301662,-0.7034389309623302,"lemonde.fr,lefigaro.fr,franceinfo.fr,liberation.fr,ouest-france.fr"
FR,France,2020-03-01T00:00:00Z,2020-04-01T00:00:00Z,17225,127,0.007373004354136429,-1.345149055916102,141,0.00818577648766328,-1.5398320966788386,"lemonde.fr,lefigaro.fr,franceinfo.fr,liberation.fr,ouest-france.fr"
FR,France,2020-04-01T00:00:00Z,2020-05-01T00:00:00Z,17767,142,0.00799234535937412,-0.4740025868977099,147,0.008273765970619688,-0.5152401139917628,"lemonde.fr,lefigaro.fr,franceinfo.fr,liberation.fr,ouest-france.fr"
FR,France,2020-05-01T00:00:00Z,2020-06-01T00:00:00Z,16032,133,0.008295908183632735,-0.11758118204058891,143,0.008919660678642714,-0.40458017600042595,"lemonde.fr,lefigaro.fr,franceinfo.fr,liberation.fr,ouest-france.fr"
FR,France,2020-06-01T00:00:00Z,2020-07-01T00:00:00Z,16800,178,0.010595238095238095,-0.721858363480686,181,0.010773809523809524,-0.7467396194329291,"lemonde.fr,lefigaro.fr,franceinfo.fr,liberation.fr,ouest-france.fr"
FR,France,2020-07-01T00:00:00Z,2020-08-01T00:00:00Z,14379,121,0.008415049725293831,-0.8740669387987292,126,0.008762779052785313,-0.9316953006191772,"lemonde.fr,lefigaro.fr,franceinfo.fr,liberation.fr,ouest-france.fr"
FR,France,2020-08-01T00:00:00Z,2020-09-01T00:00:00Z,12800,83,0.006484375,-1.2790938567666117,90,0.00703125,-1.286269572721398,"lemonde.fr,lefigaro.fr,franceinfo.fr,liberation.fr,ouest-france.fr"
FR,France,2020-09-01T00:00:00Z,2020-10-01T00:00:00Z,14799,109,0.007365362524494898,-0.8341345976936029,116,0.007838367457260626,-0.9384403518220054,"lemonde.fr,lefigaro.fr,franceinfo.fr,liberation.fr,ouest-france.fr"
FR,France,2020-10-01T00:00:00Z,2020-11-01T00:00:00Z,12638,69,0.005459724639974679,-0.2060038038845268,76,0.006013609748377908,-0.46605743790576765,"lemonde.fr,lefigaro.fr,franceinfo.fr,liberation.fr,ouest-france.fr"
FR,France,2020-11-01T00:00:00Z,2020-12-01T00:00:00Z,12344,63,0.005103694102397926,-0.6421281241097977,63,0.005103694102397926,-0.6421281241097977,"lemonde.fr,lefigaro.fr,franceinfo.fr,liberation.fr,ouest-france.fr"
FR,France,2020-12-01T00:00:00Z,2021-01-01T00:00:00Z,18220,146,0.008013172338090012,-0.19776758430477082,146,0.008013172338090012,-0.19776758430477082,"lemonde.fr,lefigaro.fr,franceinfo.fr,liberation.fr,ouest-france.fr"
FR,France,2021-01-01T00:00:00Z,2021-02-01T00:00:00Z,18793,114,0.006066088437184058,-0.2771025974757502,116,0.006172511041345182,-0.2847785002861091,"lemonde.fr,lefigaro.fr,franceinfo.fr,liberation.fr,ouest-france.fr"
FR,France,2021-02-01T00:00:00Z,2021-03-01T00:00:00Z,15725,109,0.006931637519872814,-0.6405982442473132,110,0.0069952305246422895,-0.6798821880365983,"lemonde.fr,lefigaro.fr,franceinfo.fr,liberation.fr,ouest-france.fr"
FR,France,2021-03-01T00:00:00Z,2021-04-01T00:00:00Z,18985,130,0.006847511193047142,-0.9104458747325538,131,0.006900184356070582,-0.9346231573904169,"lemonde.fr,lefigaro.fr,franceinfo.fr,liberation.fr,ouest-france.fr"
FR,France,2021-04-01T00:00:00Z,2021-05-01T00:00:00Z,15713,126,0.008018837904919493,-0.5961456381002405,129,0.008209762616941386,-0.6559171413552684,"lemonde.fr,lefigaro.fr,franceinfo.fr,liberation.fr,ouest-france.fr"
FR,France,2021-05-01T00:00:00Z,2021-06-01T00:00:00Z,13093,105,0.008019552432597572,-0.22395677944032066,110,0.008401435881768884,-0.25696807909202046,"lemonde.fr,lefigaro.fr,franceinfo.fr,liberation.fr,ouest-france.fr"
FR,France,2021-06-01T00:00:00Z,2021-07-01T00:00:00Z,16181,136,0.008404919349854769,-0.0027945193727410625,138,0.00852852110499969,0.001434638024551741,"lemonde.fr,lefigaro.fr,franceinfo.fr,liberation.fr,ouest-france.fr"
FR,France,2021-07-01T00:00:00Z,2021-08-01T00:00:00Z,9721,64,0.006583684806089909,-1.142937726077897,65,0.006686554881185063,-1.1553728304797002,"lemonde.fr,lefigaro.fr,franceinfo.fr,liberation.fr,ouest-france.fr"
FR,France,2021-08-01T00:00:00Z,2021-09-01T00:00:00Z,3128,31,0.009910485933503837,1.3575758607886321,33,0.010549872122762148,1.382119819184223,"lemonde.fr,lefigaro.fr,franceinfo.fr,liberation.fr,ouest-france.fr"
FR,France,2021-09-01T00:00:00Z,2021-10-01T00:00:00Z,4216,54,0.012808349146110056,-0.7342830726835471,59,0.013994307400379507,-0.8691664113167519,"lemonde.fr,lefigaro.fr,franceinfo.fr,liberation.fr,ouest-france.fr"
FR,France,2021-10-01T00:00:00Z,2021-11-01T00:00:00Z,4364,55,0.012603116406966087,-0.15172158702876573,65,0.014894592117323557,-0.5209479364230004,"lemonde.fr,lefigaro.fr,franceinfo.fr,liberation.fr,ouest-france.fr"
FR,France,2021-11-01T00:00:00Z,2021-12-01T00:00:00Z,4452,51,0.011455525606469003,-0.7611811334638376,57,0.012803234501347708,-0.9225521650652827,"lemonde.fr,lefigaro.fr,franceinfo.fr,liberation.fr,ouest-france.fr"
FR,France,2021-12-01T00:00:00Z,2022-01-01T00:00:00Z,4319,64,0.014818244964112062,0.04259842291684882,64,0.014818244964112062,0.04259842291684882,"lemonde.fr,lefigaro.fr,franceinfo.fr,liberation.fr,ouest-france.fr"
FR,France,2022-01-01T00:00:00Z,2022-02-01T00:00:00Z,4895,44,0.008988764044943821,-0.6865129004901565,45,0.009193054136874362,-0.7021212557879064,"lemonde.fr,lefigaro.fr,franceinfo.fr,liberation.fr,ouest-france.fr"
FR,France,2022-02-01T00:00:00Z,2022-03-01T00:00:00Z,4095,33,0.00805860805860806,0.32423812813912517,34,0.008302808302808303,0.2734702667562538,"lemonde.fr,lefigaro.fr,franceinfo.fr,liberation.fr,ouest-france.fr"
FR,France,2022-03-01T00:00:00Z,2022-04-01T00:00:00Z,4695,59,0.012566560170394037,-1.8064100802184233,61,0.012992545260915868,-1.7969377574209513,"lemonde.fr,lefigaro.fr,franceinfo.fr,liberation.fr,ouest-france.fr"
FR,France,2022-04-01T00:00:00Z,2022-05-01T00:00:00Z,5070,34,0.0067061143984220905,-1.7357891457539412,34,0.0067061143984220905,-1.7357891457539412,"lemonde.fr,lefigaro.fr,franceinfo.fr,liberation.fr,ouest-france.fr"
FR,France,2022-05-01T00:00:00Z,2022-06-01T00:00:00Z,5292,30,0.005668934240362812,-0.6003843904310878,35,0.006613756613756613,-0.9915558690826586,"lemonde.fr,lefigaro.fr,franceinfo.fr,liberation.fr,ouest-france.fr"
FR,France,2022-06-01T00:00:00Z,2022-07-01T00:00:00Z,5615,51,0.009082813891362422,-0.06531532980142694,57,0.010151380231522707,-0.17550651746341547,"lemonde.fr,lefigaro.fr,franceinfo.fr,liberation.fr,ouest-france.fr"
FR,France,2022-07-01T00:00:00Z,2022-08-01T00:00:00Z,4715,26,0.005514316012725344,-0.9501068307107657,30,0.006362672322375398,-1.1930872136336574,"lemonde.fr,lefigaro.fr,franceinfo.fr,liberation.fr,ouest-france.fr"
FR,France,2022-08-01T00:00:00Z,2022-09-01T00:00:00Z,3167,27,0.008525418377012947,-1.398748997898168,56,0.01768234922639722,-2.1094354857021678,"lemonde.fr,lefigaro.fr,franceinfo.fr,liberation.fr,ouest-france.fr"
FR,France,2022-09-01T00:00:00Z,2022-10-01T00:00:00Z,4130,33,0.007990314769975786,-1.6588130832828543,38,0.009200968523002421,-1.7531563143802877,"lemonde.fr,lefigaro.fr,franceinfo.fr,liberation.fr,ouest-france.fr"
FR,France,2022-10-01T00:00:00Z,2022-11-01T00:00:00Z,4120,50,0.012135922330097087,-1.205563372660613,56,0.013592233009708738,-1.3917329004381065,"lemonde.fr,lefigaro.fr,franceinfo.fr,liberation.fr,ouest-france.fr"
FR,France,2022-11-01T00:00:00Z,2022-12-01T00:00:00Z,4227,40,0.009462976105985333,-1.817838807239487,48,0.0113555713271824,-2.023817052082921,"lemonde.fr,lefigaro.fr,franceinfo.fr,liberation.fr,ouest-france.fr"
FR,France,2022-12-01T00:00:00Z,2023-01-01T00:00:00Z,3747,40,0.010675206832132373,-0.48174941193257614,45,0.01200960768614892,-0.68354348547843,"lemonde.fr,lefigaro.fr,franceinfo.fr,liberation.fr,ouest-france.fr"
FR,France,2023-01-01T00:00:00Z,2023-02-01T00:00:00Z,3920,35,0.008928571428571428,-0.86884327591283,36,0.009183673469387756,-0.9445634971883089,"lemonde.fr,lefigaro.fr,franceinfo.fr,liberation.fr,ouest-france.fr"
FR,France,2023-02-01T00:00:00Z,2023-03-01T00:00:00Z,3365,35,0.010401188707280832,-0.7329135050238396,37,0.01099554234769688,-0.7804411068523538,"lemonde.fr,lefigaro.fr,franceinfo.fr,liberation.fr,ouest-france.fr"
FR,France,2023-03-01T00:00:00Z,2023-04-01T00:00:00Z,4125,34,0.008242424242424242,-0.3159817873795424,41,0.009939393939393939,-0.2867091256610016,"lemonde.fr,lefigaro.fr,franceinfo.fr,liberation.fr,ouest-france.fr"
FR,France,2023-04-01T00:00:00Z,2023-05-01T00:00:00Z,4963,36,0.007253677211364095,-1.202563327168116,51,0.010276042716099134,-1.2214982854372063,"lemonde.fr,lefigaro.fr,franceinfo.fr,liberation.fr,ouest-france.fr"
FR,France,2023-05-01T00:00:00Z,2023-06-01T00:00:00Z,5078,44,0.00866482867270579,-1.5241789001652852,55,0.010831035840882236,-1.5874769117590792,"lemonde.fr,lefigaro.fr,franceinfo.fr,liberation.fr,ouest-france.fr"
FR,France,2023-06-01T00:00:00Z,2023-07-01T00:00:00Z,5111,40,0.00782625709254549,-1.3469387187218271,43,0.008413226374486401,-1.3065355633994344,"lemonde.fr,lefigaro.fr,franceinfo.fr,liberation.fr,ouest-france.fr"
FR,France,2023-07-01T00:00:00Z,2023-08-01T00:00:00Z,5152,34,0.006599378881987578,-0.8472582587150763,37,0.00718167701863354,-1.0205003060652051,"lemonde.fr,lefigaro.fr,franceinfo.fr,liberation.fr,ouest-france.fr"
FR,France,2023-08-01T00:00:00Z,2023-09-01T00:00:00Z,5817,30,0.005157297576070139,-0.7277750407601995,34,0.005844937252879491,-0.6708852132675326,"lemonde.fr,lefigaro.fr,franceinfo.fr,liberation.fr,ouest-france.fr"
FR,France,2023-09-01T00:00:00Z,2023-10-01T00:00:00Z,6983,37,0.00529858227123013,-0.8144902123053579,46,0.006587426607475297,-1.0572816758729509,"lemonde.fr,lefigaro.fr,franceinfo.fr,liberation.fr,ouest-france.fr"
FR,France,2023-10-01T00:00:00Z,2023-11-01T00:00:00Z,6345,44,0.006934594168636721,-0.45918142743228213,48,0.007565011820330969,-0.4567470742073072,"lemonde.fr,lefigaro.fr,franceinfo.fr,liberation.fr,ouest-france.fr"
FR,France,2023-11-01T00:00:00Z,2023-12-01T00:00:00Z,5727,40,0.006984459577440196,-1.2691113679741932,41,0.0071590710668762,-1.302681886938302,"lemonde.fr,lefigaro.fr,franceinfo.fr,liberation.fr,ouest-france.fr"
FR,France,2023-12-01T00:00:00Z,2024-01-01T00:00:00Z,3877,47,0.012122775341759092,0.13994691865482506,53,0.013670363683260254,-0.011151382747036824,"lemonde.fr,lefigaro.fr,franceinfo.fr,liberation.fr,ouest-france.fr"
FR,France,2024-01-01T00:00:00Z,2024-02-01T00:00:00Z,4273,39,0.00912707699508542,-0.9533003358261734,55,0.012871518839223028,-0.8832907407020022,"lemonde.fr,lefigaro.fr,franceinfo.fr,liberation.fr,ouest-france.fr"
FR,France,2024-02-01T00:00:00Z,2024-03-01T00:00:00Z,4297,39,0.009076099604375146,-0.7772970686859453,43,0.010006981615080289,-0.7689388955368408,"lemonde.fr,lefigaro.fr,franceinfo.fr,liberation.fr,ouest-france.fr"
FR,France,2024-03-01T00:00:00Z,2024-04-01T00:00:00Z,6283,44,0.007003024033105204,-1.2266057417229115,45,0.007162183670221232,-1.2747757446773722,"lemonde.fr,lefigaro.fr,franceinfo.fr,liberation.fr,ouest-france.fr"
FR,France,2024-04-01T00:00:00Z,2024-05-01T00:00:00Z,6937,40,0.005766181346403345,-0.7301110476549365,50,0.00720772668300418,-1.2085455864431456,"lemonde.fr,lefigaro.fr,franceinfo.fr,liberation.fr,ouest-france.fr"
FR,France,2024-05-01T00:00:00Z,2024-06-01T00:00:00Z,8189,71,0.008670167297594334,-0.658666565769331,86,0.010501892783001588,-0.9391711295167118,"lemonde.fr,lefigaro.fr,franceinfo.fr,liberation.fr,ouest-france.fr"
FR,France,2024-06-01T00:00:00Z,2024-07-01T00:00:00Z,7635,38,0.004977079240340537,-0.7483379581818649,40,0.005239030779305829,-0.8802400938886397,"lemonde.fr,lefigaro.fr,franceinfo.fr,liberation.fr,ouest-france.fr"
FR,France,2024-07-01T00:00:00Z,2024-08-01T00:00:00Z,7429,51,0.006864988558352402,-0.5382712493822986,59,0.007941849508682191,-0.9100727628392904,"lemonde.fr,lefigaro.fr,franceinfo.fr,liberation.fr,ouest-france.fr"
FR,France,2024-08-01T00:00:00Z,2024-09-01T00:00:00Z,5306,25,0.004711647191858273,0.19593608718108285,25,0.004711647191858273,0.19593608718108285,"lemonde.fr,lefigaro.fr,franceinfo.fr,liberation.fr,ouest-france.fr"
FR,France,2024-09-01T00:00:00Z,2024-10-01T00:00:00Z,7292,60,0.008228195282501372,-1.132015296931397,69,0.009462424574876577,-1.2200804621084569,"lemonde.fr,lefigaro.fr,franceinfo.fr,liberation.fr,ouest-france.fr"
FR,France,2024-10-01T00:00:00Z,2024-11-01T00:00:00Z,7971,57,0.007150922092585623,-1.1079206765896175,71,0.008907288922343496,-1.4244660467392476,"lemonde.fr,lefigaro.fr,franceinfo.fr,liberation.fr,ouest-france.fr"
FR,France,2024-11-01T00:00:00Z,2024-12-01T00:00:00Z,8748,40,0.004572473708276178,-0.38513512113973525,48,0.0054869684499314125,-0.7618384301139581,"lemonde.fr,lefigaro.fr,franceinfo.fr,liberation.fr,ouest-france.fr"
FR,France,2024-12-01T00:00:00Z,2025-01-01T00:00:00Z,6272,29,0.004623724489795918,-2.188405969185321,36,0.005739795918367347,-2.189286929708239,"lemonde.fr,lefigaro.fr,franceinfo.fr,liberation.fr,ouest-france.fr"
FR,France,2025-01-01T00:00:00Z,2025-02-01T00:00:00Z,5467,66,0.012072434607645875,-2.2093780636947162,67,0.012255350283519298,-2.201915730048552,"lemonde.fr,lefigaro.fr,franceinfo.fr,liberation.fr,ouest-france.fr"
FR,France,2025-02-01T00:00:00Z,2025-03-01T00:00:00Z,4793,41,0.008554141456290423,-1.6642719663357426,44,0.00918005424577509,-1.737470998925514,"lemonde.fr,lefigaro.fr,franceinfo.fr,liberation.fr,ouest-france.fr"
FR,France,2025-03-01T00:00:00Z,2025-04-01T00:00:00Z,5331,44,0.008253610954792722,-2.757792077630314,47,0.008816357156255863,-2.7842009761729583,"lemonde.fr,lefigaro.fr,franceinfo.fr,liberation.fr,ouest-france.fr"
FR,France,2025-04-01T00:00:00Z,2025-05-01T00:00:00Z,4915,30,0.006103763987792472,-1.134572611435225,48,0.009766022380467955,-1.508077298864272,"lemonde.fr,lefigaro.fr,franceinfo.fr,liberation.fr,ouest-france.fr"
FR,France,2025-05-01T00:00:00Z,2025-06-01T00:00:00Z,8034,48,0.00597460791635549,-0.7696797481419804,51,0.006348020911127707,-0.7836838678705845,"lemonde.fr,lefigaro.fr,franceinfo.fr,liberation.fr,ouest-france.fr"
FR,France,2025-06-01T00:00:00Z,2025-07-01T00:00:00Z,4104,23,0.005604288499025341,-0.0878194571972204,25,0.0060916179337231965,-0.3590650882810019,"lemonde.fr,lefigaro.fr,franceinfo.fr,liberation.fr,ouest-france.fr"
FR,France,2025-07-01T00:00:00Z,2025-08-01T00:00:00Z,8904,50,0.005615453728661276,-1.0580042715637692,55,0.0061769991015274035,-1.110440669000597,"lemonde.fr,lefigaro.fr,franceinfo.fr,liberation.fr,ouest-france.fr"
FR,France,2025-08-01T00:00:00Z,2025-09-01T00:00:00Z,7624,34,0.004459601259181532,-0.3064511507144567,40,0.005246589716684155,-0.5214079029578177,"lemonde.fr,lefigaro.fr,franceinfo.fr,liberation.fr,ouest-france.fr"
FR,France,2025-09-01T00:00:00Z,2025-10-01T00:00:00Z,10284,106,0.010307273434461299,-1.9784340150633144,111,0.010793465577596266,-1.9192505589538715,"lemonde.fr,lefigaro.fr,franceinfo.fr,liberation.fr,ouest-france.fr"
FR,France,2025-10-01T00:00:00Z,2025-11-01T00:00:00Z,11054,79,0.007146734213859237,-1.8849891003929384,81,0.007327664193956938,-1.872988951914829,"lemonde.fr,lefigaro.fr,franceinfo.fr,liberation.fr,ouest-france.fr"
FR,France,2025-11-01T00:00:00Z,2025-12-01T00:00:00Z,10423,67,0.0064280917202340975,-2.5476894584423255,71,0.00681185839009882,-2.467180314414619,"lemonde.fr,lefigaro.fr,franceinfo.fr,liberation.fr,ouest-france.fr"
FR,France,2025-12-01T00:00:00Z,2026-01-01T00:00:00Z,10181,76,0.0074648855711619685,-0.7435986509040128,88,0.008643551713977016,-1.0392192035184364,"lemonde.fr,lefigaro.fr,franceinfo.fr,liberation.fr,ouest-france.fr"
FR,France,2026-01-01T00:00:00Z,2026-02-01T00:00:00Z,9689,96,0.009908143255237898,-1.1543110676821826,103,0.010630612034265663,-1.2045071749828171,"lemonde.fr,lefigaro.fr,franceinfo.fr,liberation.fr,ouest-france.fr"
FR,France,2026-02-01T00:00:00Z,2026-03-01T00:00:00Z,9129,78,0.008544199802826159,-1.010940140795413,80,0.00876328184905247,-0.9323004632196984,"lemonde.fr,lefigaro.fr,franceinfo.fr,liberation.fr,ouest-france.fr"
FR,France,2026-03-01T00:00:00Z,2026-04-01T00:00:00Z,3771,33,0.008750994431185362,-2.1372495504184443,36,0.00954653937947494,-2.330806648820289,"lemonde.fr,lefigaro.fr,franceinfo.fr,liberation.fr,ouest-france.fr"
HU,Hungary,2018-06-01T00:00:00Z,2018-07-01T00:00:00Z,9203,50,0.005433010974682169,-1.3319854915676157,50,0.005433010974682169,-1.3319854915676157,"telex.hu,24.hu,hvg.hu,index.hu,portfolio.hu"
HU,Hungary,2018-07-01T00:00:00Z,2018-08-01T00:00:00Z,8937,80,0.008951549737048226,-1.4087614955792898,80,0.008951549737048226,-1.4087614955792898,"telex.hu,24.hu,hvg.hu,index.hu,portfolio.hu"
HU,Hungary,2018-08-01T00:00:00Z,2018-09-01T00:00:00Z,4181,27,0.006457785218847166,-0.7627408697211517,27,0.006457785218847166,-0.7627408697211517,"telex.hu,24.hu,hvg.hu,index.hu,portfolio.hu"
HU,Hungary,2018-09-01T00:00:00Z,2018-10-01T00:00:00Z,9085,84,0.009246009906439185,-0.3303437745146204,84,0.009246009906439185,-0.3303437745146204,"telex.hu,24.hu,hvg.hu,index.hu,portfolio.hu"
HU,Hungary,2018-10-01T00:00:00Z,2018-11-01T00:00:00Z,9602,74,0.007706727765048948,-0.20760379332989667,74,0.007706727765048948,-0.20760379332989667,"telex.hu,24.hu,hvg.hu,index.hu,portfolio.hu"
HU,Hungary,2018-11-01T00:00:00Z,2018-12-01T00:00:00Z,9451,62,0.006560152364829119,0.12166358555776559,62,0.006560152364829119,0.12166358555776559,"telex.hu,24.hu,hvg.hu,index.hu,portfolio.hu"
HU,Hungary,2018-12-01T00:00:00Z,2019-01-01T00:00:00Z,8408,74,0.008801141769743101,-0.12705281269036578,74,0.008801141769743101,-0.12705281269036578,"telex.hu,24.hu,hvg.hu,index.hu,portfolio.hu"
HU,Hungary,2019-01-01T00:00:00Z,2019-02-01T00:00:00Z,9401,61,0.006488671417934262,-0.45175208069406714,61,0.006488671417934262,-0.45175208069406714,"telex.hu,24.hu,hvg.hu,index.hu,portfolio.hu"
HU,Hungary,2019-02-01T00:00:00Z,2019-03-01T00:00:00Z,8785,119,0.013545816733067729,-0.6296884971559065,119,0.013545816733067729,-0.6296884971559065,"telex.hu,24.hu,hvg.hu,index.hu,portfolio.hu"
HU,Hungary,2019-03-01T00:00:00Z,2019-04-01T00:00:00Z,9481,158,0.016664908764898217,0.1902858595092142,158,0.016664908764898217,0.1902858595092142,"telex.hu,24.hu,hvg.hu,index.hu,portfolio.hu"
HU,Hungary,2019-04-01T00:00:00Z,2019-05-01T00:00:00Z,9172,84,0.009158307893589184,-1.318821488987762,84,0.009158307893589184,-1.318821488987762,"telex.hu,24.hu,hvg.hu,index.hu,portfolio.hu"
HU,Hungary,2019-05-01T00:00:00Z,2019-06-01T00:00:00Z,9967,130,0.013043042038727802,-0.021580254545848443,130,0.013043042038727802,-0.021580254545848443,"telex.hu,24.hu,hvg.hu,index.hu,portfolio.hu"
HU,Hungary,2019-06-01T00:00:00Z,2019-07-01T00:00:00Z,9016,80,0.008873114463176575,-0.36231014829768554,80,0.008873114463176575,-0.36231014829768554,"telex.hu,24.hu,hvg.hu,index.hu,portfolio.hu"
HU,Hungary,2019-07-01T00:00:00Z,2019-08-01T00:00:00Z,9403,65,0.006912687440178667,-0.2662067592157084,65,0.006912687440178667,-0.2662067592157084,"telex.hu,24.hu,hvg.hu,index.hu,portfolio.hu"
HU,Hungary,2019-08-01T00:00:00Z,2019-09-01T00:00:00Z,8578,49,0.005712287246444393,-0.782040998134173,49,0.005712287246444393,-0.782040998134173,"telex.hu,24.hu,hvg.hu,index.hu,portfolio.hu"
HU,Hungary,2019-09-01T00:00:00Z,2019-10-01T00:00:00Z,9688,75,0.007741535920726672,-0.34831505889597025,75,0.007741535920726672,-0.34831505889597025,"telex.hu,24.hu,hvg.hu,index.hu,portfolio.hu"
HU,Hungary,2019-10-01T00:00:00Z,2019-11-01T00:00:00Z,10098,89,0.008813626460685285,-0.7408866273025211,89,0.008813626460685285,-0.7408866273025211,"telex.hu,24.hu,hvg.hu,index.hu,portfolio.hu"
HU,Hungary,2019-11-01T00:00:00Z,2019-12-01T00:00:00Z,9367,49,0.005231130564748585,-0.6298408648925962,49,0.005231130564748585,-0.6298408648925962,"telex.hu,24.hu,hvg.hu,index.hu,portfolio.hu"
HU,Hungary,2019-12-01T00:00:00Z,2020-01-01T00:00:00Z,8049,34,0.004224127220772767,-0.501122921478333,34,0.004224127220772767,-0.501122921478333,"telex.hu,24.hu,hvg.hu,index.hu,portfolio.hu"
HU,Hungary,2020-01-01T00:00:00Z,2020-02-01T00:00:00Z,9424,33,0.00350169779286927,0.507281522210392,33,0.00350169779286927,0.507281522210392,"telex.hu,24.hu,hvg.hu,index.hu,portfolio.hu"
HU,Hungary,2020-02-01T00:00:00Z,2020-03-01T00:00:00Z,7888,33,0.004183569979716024,-0.5357703995706211,33,0.004183569979716024,-0.5357703995706211,"telex.hu,24.hu,hvg.hu,index.hu,portfolio.hu"
HU,Hungary,2020-03-01T00:00:00Z,2020-04-01T00:00:00Z,5907,20,0.0033858134416793633,-1.2153222932451744,20,0.0033858134416793633,-1.2153222932451744,"telex.hu,24.hu,hvg.hu,index.hu,portfolio.hu"
HU,Hungary,2020-04-01T00:00:00Z,2020-05-01T00:00:00Z,5553,17,0.0030614082477939853,-1.2780024886849881,17,0.0030614082477939853,-1.2780024886849881,"telex.hu,24.hu,hvg.hu,index.hu,portfolio.hu"
HU,Hungary,2020-05-01T00:00:00Z,2020-06-01T00:00:00Z,5383,16,0.002972320267508824,-1.7136007698060558,16,0.002972320267508824,-1.7136007698060558,"telex.hu,24.hu,hvg.hu,index.hu,portfolio.hu"
HU,Hungary,2020-06-01T00:00:00Z,2020-07-01T00:00:00Z,5031,9,0.0017889087656529517,0.6796817700102984,9,0.0017889087656529517,0.6796817700102984,"telex.hu,24.hu,hvg.hu,index.hu,portfolio.hu"
HU,Hungary,2020-07-01T00:00:00Z,2020-08-01T00:00:00Z,4299,16,0.0037217957664573155,-0.8431240214632991,16,0.0037217957664573155,-0.8431240214632991,"telex.hu,24.hu,hvg.hu,index.hu,portfolio.hu"
HU,Hungary,2020-08-01T00:00:00Z,2020-09-01T00:00:00Z,3986,11,0.0027596588058203713,-1.8393171307996377,11,0.0027596588058203713,-1.8393171307996377,"telex.hu,24.hu,hvg.hu,index.hu,portfolio.hu"
HU,Hungary,2020-09-01T00:00:00Z,2020-10-01T00:00:00Z,4411,14,0.0031738834731353436,-1.7254273360665728,14,0.0031738834731353436,-1.7254273360665728,"telex.hu,24.hu,hvg.hu,index.hu,portfolio.hu"
HU,Hungary,2020-10-01T00:00:00Z,2020-11-01T00:00:00Z,3732,11,0.002947481243301179,-0.8418645887371683,11,0.002947481243301179,-0.8418645887371683,"telex.hu,24.hu,hvg.hu,index.hu,portfolio.hu"
HU,Hungary,2020-11-01T00:00:00Z,2020-12-01T00:00:00Z,3415,6,0.0017569546120058566,-1.67491506870252,6,0.0017569546120058566,-1.67491506870252,"telex.hu,24.hu,hvg.hu,index.hu,portfolio.hu"
HU,Hungary,2020-12-01T00:00:00Z,2021-01-01T00:00:00Z,4640,7,0.0015086206896551724,-1.7747988814147835,7,0.0015086206896551724,-1.7747988814147835,"telex.hu,24.hu,hvg.hu,index.hu,portfolio.hu"
HU,Hungary,2021-01-01T00:00:00Z,2021-02-01T00:00:00Z,4653,4,0.0008596604341285192,-1.4726095857751162,4,0.0008596604341285192,-1.4726095857751162,"telex.hu,24.hu,hvg.hu,index.hu,portfolio.hu"
HU,Hungary,2021-02-01T00:00:00Z,2021-03-01T00:00:00Z,4808,13,0.0027038269550748754,-1.600615986583125,13,0.0027038269550748754,-1.600615986583125,"telex.hu,24.hu,hvg.hu,index.hu,portfolio.hu"
HU,Hungary,2021-03-01T00:00:00Z,2021-04-01T00:00:00Z,5232,17,0.003249235474006116,-1.8070386016103677,17,0.003249235474006116,-1.8070386016103677,"telex.hu,24.hu,hvg.hu,index.hu,portfolio.hu"
HU,Hungary,2021-04-01T00:00:00Z,2021-05-01T00:00:00Z,4758,12,0.0025220680958385876,-1.2827248734552135,12,0.0025220680958385876,-1.2827248734552135,"telex.hu,24.hu,hvg.hu,index.hu,portfolio.hu"
HU,Hungary,2021-05-01T00:00:00Z,2021-06-01T00:00:00Z,5385,11,0.002042711234911792,0.4007645461364237,11,0.002042711234911792,0.4007645461364237,"telex.hu,24.hu,hvg.hu,index.hu,portfolio.hu"
HU,Hungary,2021-06-01T00:00:00Z,2021-07-01T00:00:00Z,5304,20,0.003770739064856712,-1.2640848368128927,20,0.003770739064856712,-1.2640848368128927,"telex.hu,24.hu,hvg.hu,index.hu,portfolio.hu"
HU,Hungary,2021-07-01T00:00:00Z,2021-08-01T00:00:00Z,5139,25,0.004864759680871765,-4.017174805603863,26,0.005059350068106636,-3.9307463455116207,"telex.hu,24.hu,hvg.hu,index.hu,portfolio.hu"
HU,Hungary,2021-08-01T00:00:00Z,2021-09-01T00:00:00Z,4531,12,0.0026484219819024497,-0.38561809502972844,12,0.0026484219819024497,-0.38561809502972844,"telex.hu,24.hu,hvg.hu,index.hu,portfolio.hu"
HU,Hungary,2021-09-01T00:00:00Z,2021-10-01T00:00:00Z,5094,16,0.0031409501374165686,-1.7785575402936398,16,0.0031409501374165686,-1.7785575402936398,"telex.hu,24.hu,hvg.hu,index.hu,portfolio.hu"
HU,Hungary,2021-10-01T00:00:00Z,2021-11-01T00:00:00Z,2496,5,0.002003205128205128,-0.25497927408755405,5,0.002003205128205128,-0.25497927408755405,"telex.hu,24.hu,hvg.hu,index.hu,portfolio.hu"
HU,Hungary,2021-11-01T00:00:00Z,2021-12-01T00:00:00Z,2540,4,0.0015748031496062992,-0.323867223544267,4,0.0015748031496062992,-0.323867223544267,"telex.hu,24.hu,hvg.hu,index.hu,portfolio.hu"
HU,Hungary,2021-12-01T00:00:00Z,2022-01-01T00:00:00Z,2462,2,0.0008123476848090983,1.6506784201884,2,0.0008123476848090983,1.6506784201884,"telex.hu,24.hu,hvg.hu,index.hu,portfolio.hu"
HU,Hungary,2022-01-01T00:00:00Z,2022-02-01T00:00:00Z,2416,5,0.0020695364238410598,-1.0828687354696396,5,0.0020695364238410598,-1.0828687354696396,"telex.hu,24.hu,hvg.hu,index.hu,portfolio.hu"
HU,Hungary,2022-02-01T00:00:00Z,2022-03-01T00:00:00Z,2270,8,0.003524229074889868,-0.7672547971142745,8,0.003524229074889868,-0.7672547971142745,"telex.hu,24.hu,hvg.hu,index.hu,portfolio.hu"
HU,Hungary,2022-03-01T00:00:00Z,2022-04-01T00:00:00Z,2739,7,0.002555677254472435,-0.1157576535514673,7,0.002555677254472435,-0.1157576535514673,"telex.hu,24.hu,hvg.hu,index.hu,portfolio.hu"
HU,Hungary,2022-04-01T00:00:00Z,2022-05-01T00:00:00Z,2752,14,0.005087209302325582,-1.8304755738691292,14,0.005087209302325582,-1.8304755738691292,"telex.hu,24.hu,hvg.hu,index.hu,portfolio.hu"
HU,Hungary,2022-05-01T00:00:00Z,2022-06-01T00:00:00Z,2807,7,0.0024937655860349127,-1.022916821435087,7,0.0024937655860349127,-1.022916821435087,"telex.hu,24.hu,hvg.hu,index.hu,portfolio.hu"
HU,Hungary,2022-06-01T00:00:00Z,2022-07-01T00:00:00Z,2926,9,0.0030758714969241286,-0.3602043832481652,9,0.0030758714969241286,-0.3602043832481652,"telex.hu,24.hu,hvg.hu,index.hu,portfolio.hu"
HU,Hungary,2022-07-01T00:00:00Z,2022-08-01T00:00:00Z,2642,4,0.001514004542013626,-0.7686369292784443,4,0.001514004542013626,-0.7686369292784443,"telex.hu,24.hu,hvg.hu,index.hu,portfolio.hu"
HU,Hungary,2022-08-01T00:00:00Z,2022-09-01T00:00:00Z,2688,9,0.0033482142857142855,-1.8624446029026032,9,0.0033482142857142855,-1.8624446029026032,"telex.hu,24.hu,hvg.hu,index.hu,portfolio.hu"
HU,Hungary,2022-09-01T00:00:00Z,2022-10-01T00:00:00Z,2818,9,0.00319375443577005,-2.01900264062943,9,0.00319375443577005,-2.01900264062943,"telex.hu,24.hu,hvg.hu,index.hu,portfolio.hu"
HU,Hungary,2022-10-01T00:00:00Z,2022-11-01T00:00:00Z,3010,10,0.0033222591362126247,-1.9518325782587556,10,0.0033222591362126247,-1.9518325782587556,"telex.hu,24.hu,hvg.hu,index.hu,portfolio.hu"
HU,Hungary,2022-11-01T00:00:00Z,2022-12-01T00:00:00Z,3037,9,0.0029634507737899243,1.0133227813749501,9,0.0029634507737899243,1.0133227813749501,"telex.hu,24.hu,hvg.hu,index.hu,portfolio.hu"
HU,Hungary,2022-12-01T00:00:00Z,2023-01-01T00:00:00Z,2974,7,0.0023537323470073975,-0.16084386473148327,7,0.0023537323470073975,-0.16084386473148327,"telex.hu,24.hu,hvg.hu,index.hu,portfolio.hu"
HU,Hungary,2023-01-01T00:00:00Z,2023-02-01T00:00:00Z,2986,6,0.0020093770931011385,-0.5797161539254698,6,0.0020093770931011385,-0.5797161539254698,"telex.hu,24.hu,hvg.hu,index.hu,portfolio.hu"
HU,Hungary,2023-02-01T00:00:00Z,2023-03-01T00:00:00Z,2314,4,0.001728608470181504,0.736113743324885,4,0.001728608470181504,0.736113743324885,"telex.hu,24.hu,hvg.hu,index.hu,portfolio.hu"
HU,Hungary,2023-03-01T00:00:00Z,2023-04-01T00:00:00Z,4951,24,0.004847505554433448,-1.3719448960796035,24,0.004847505554433448,-1.3719448960796035,"telex.hu,24.hu,hvg.hu,index.hu,portfolio.hu"
HU,Hungary,2023-04-01T00:00:00Z,2023-05-01T00:00:00Z,10079,37,0.003670999107054271,-0.1258727460414548,37,0.003670999107054271,-0.1258727460414548,"telex.hu,24.hu,hvg.hu,index.hu,portfolio.hu"
HU,Hungary,2023-05-01T00:00:00Z,2023-06-01T00:00:00Z,8461,40,0.0047275735728637275,0.7344334087251694,40,0.0047275735728637275,0.7344334087251694,"telex.hu,24.hu,hvg.hu,index.hu,portfolio.hu"
HU,Hungary,2023-06-01T00:00:00Z,2023-07-01T00:00:00Z,8283,21,0.0025353132922854038,-0.8203816732053878,21,0.0025353132922854038,-0.8203816732053878,"telex.hu,24.hu,hvg.hu,index.hu,portfolio.hu"
HU,Hungary,2023-07-01T00:00:00Z,2023-08-01T00:00:00Z,7867,22,0.002796491674081607,-1.6085195781707202,22,0.002796491674081607,-1.6085195781707202,"telex.hu,24.hu,hvg.hu,index.hu,portfolio.hu"
HU,Hungary,2023-08-01T00:00:00Z,2023-09-01T00:00:00Z,8045,27,0.003356121814791796,-1.4293505089882448,27,0.003356121814791796,-1.4293505089882448,"telex.hu,24.hu,hvg.hu,index.hu,portfolio.hu"
HU,Hungary,2023-09-01T00:00:00Z,2023-10-01T00:00:00Z,9542,26,0.0027247956403269754,-1.1214337567877146,26,0.0027247956403269754,-1.1214337567877146,"telex.hu,24.hu,hvg.hu,index.hu,portfolio.hu"
HU,Hungary,2023-10-01T00:00:00Z,2023-11-01T00:00:00Z,8997,44,0.0048905190619095255,-0.37342152793190775,44,0.0048905190619095255,-0.37342152793190775,"telex.hu,24.hu,hvg.hu,index.hu,portfolio.hu"
HU,Hungary,2023-11-01T00:00:00Z,2023-12-01T00:00:00Z,8096,20,0.0024703557312252965,-0.2974376535357084,20,0.0024703557312252965,-0.2974376535357084,"telex.hu,24.hu,hvg.hu,index.hu,portfolio.hu"
HU,Hungary,2023-12-01T00:00:00Z,2024-01-01T00:00:00Z,7672,30,0.003910323253388947,-1.208643643746593,30,0.003910323253388947,-1.208643643746593,"telex.hu,24.hu,hvg.hu,index.hu,portfolio.hu"
HU,Hungary,2024-01-01T00:00:00Z,2024-02-01T00:00:00Z,8101,47,0.005801752870016047,-0.11785367388020138,47,0.005801752870016047,-0.11785367388020138,"telex.hu,24.hu,hvg.hu,index.hu,portfolio.hu"
HU,Hungary,2024-02-01T00:00:00Z,2024-03-01T00:00:00Z,7933,49,0.006176730114710702,-1.9322954616814265,49,0.006176730114710702,-1.9322954616814265,"telex.hu,24.hu,hvg.hu,index.hu,portfolio.hu"
HU,Hungary,2024-03-01T00:00:00Z,2024-04-01T00:00:00Z,8040,43,0.005348258706467662,-0.9088064830708906,43,0.005348258706467662,-0.9088064830708906,"telex.hu,24.hu,hvg.hu,index.hu,portfolio.hu"
HU,Hungary,2024-04-01T00:00:00Z,2024-05-01T00:00:00Z,8146,24,0.0029462312791554137,-0.9753840602069465,24,0.0029462312791554137,-0.9753840602069465,"telex.hu,24.hu,hvg.hu,index.hu,portfolio.hu"
HU,Hungary,2024-05-01T00:00:00Z,2024-06-01T00:00:00Z,8342,36,0.004315511867657636,-0.5210137744168492,36,0.004315511867657636,-0.5210137744168492,"telex.hu,24.hu,hvg.hu,index.hu,portfolio.hu"
HU,Hungary,2024-06-01T00:00:00Z,2024-07-01T00:00:00Z,8002,31,0.003874031492126968,-1.7642809999471267,31,0.003874031492126968,-1.7642809999471267,"telex.hu,24.hu,hvg.hu,index.hu,portfolio.hu"
HU,Hungary,2024-07-01T00:00:00Z,2024-08-01T00:00:00Z,7850,24,0.003057324840764331,-2.205987978870956,24,0.003057324840764331,-2.205987978870956,"telex.hu,24.hu,hvg.hu,index.hu,portfolio.hu"
HU,Hungary,2024-08-01T00:00:00Z,2024-09-01T00:00:00Z,7333,15,0.002045547524887495,-1.972684640831586,15,0.002045547524887495,-1.972684640831586,"telex.hu,24.hu,hvg.hu,index.hu,portfolio.hu"
HU,Hungary,2024-09-01T00:00:00Z,2024-10-01T00:00:00Z,8246,23,0.002789231142372059,-2.118360962536358,24,0.002910502061605627,-2.0796499363058008,"telex.hu,24.hu,hvg.hu,index.hu,portfolio.hu"
HU,Hungary,2024-10-01T00:00:00Z,2024-11-01T00:00:00Z,8741,18,0.002059260954124242,-1.067396614313268,18,0.002059260954124242,-1.067396614313268,"telex.hu,24.hu,hvg.hu,index.hu,portfolio.hu"
HU,Hungary,2024-11-01T00:00:00Z,2024-12-01T00:00:00Z,8642,18,0.0020828511918537375,-0.897730686541936,18,0.0020828511918537375,-0.897730686541936,"telex.hu,24.hu,hvg.hu,index.hu,portfolio.hu"
HU,Hungary,2024-12-01T00:00:00Z,2025-01-01T00:00:00Z,7783,17,0.0021842477193884107,-0.6978719246019539,17,0.0021842477193884107,-0.6978719246019539,"telex.hu,24.hu,hvg.hu,index.hu,portfolio.hu"
HU,Hungary,2025-01-01T00:00:00Z,2025-02-01T00:00:00Z,8488,29,0.0034165881244109333,-1.0762809514407738,29,0.0034165881244109333,-1.0762809514407738,"telex.hu,24.hu,hvg.hu,index.hu,portfolio.hu"
HU,Hungary,2025-02-01T00:00:00Z,2025-03-01T00:00:00Z,8300,22,0.002650602409638554,-0.23480353852763058,22,0.002650602409638554,-0.23480353852763058,"telex.hu,24.hu,hvg.hu,index.hu,portfolio.hu"
HU,Hungary,2025-03-01T00:00:00Z,2025-04-01T00:00:00Z,9305,30,0.0032240730789897904,-0.32363410618704747,30,0.0032240730789897904,-0.32363410618704747,"telex.hu,24.hu,hvg.hu,index.hu,portfolio.hu"
HU,Hungary,2025-04-01T00:00:00Z,2025-05-01T00:00:00Z,9009,49,0.005439005439005439,-1.8660341086871353,49,0.005439005439005439,-1.8660341086871353,"telex.hu,24.hu,hvg.hu,index.hu,portfolio.hu"
HU,Hungary,2025-05-01T00:00:00Z,2025-06-01T00:00:00Z,8951,32,0.003575019550888169,-0.8246188781738356,32,0.003575019550888169,-0.8246188781738356,"telex.hu,24.hu,hvg.hu,index.hu,portfolio.hu"
HU,Hungary,2025-06-01T00:00:00Z,2025-07-01T00:00:00Z,4008,19,0.004740518962075849,-1.754115854984135,19,0.004740518962075849,-1.754115854984135,"telex.hu,24.hu,hvg.hu,index.hu,portfolio.hu"
HU,Hungary,2025-07-01T00:00:00Z,2025-08-01T00:00:00Z,6975,18,0.0025806451612903226,-1.6900334541520743,18,0.0025806451612903226,-1.6900334541520743,"telex.hu,24.hu,hvg.hu,index.hu,portfolio.hu"
HU,Hungary,2025-08-01T00:00:00Z,2025-09-01T00:00:00Z,6389,22,0.003443418375332603,-0.8330963718316968,22,0.003443418375332603,-0.8330963718316968,"telex.hu,24.hu,hvg.hu,index.hu,portfolio.hu"
HU,Hungary,2025-09-01T00:00:00Z,2025-10-01T00:00:00Z,7145,23,0.003219034289713086,0.5895856736204181,24,0.0033589923023093072,0.5155974627670128,"telex.hu,24.hu,hvg.hu,index.hu,portfolio.hu"
HU,Hungary,2025-10-01T00:00:00Z,2025-11-01T00:00:00Z,7149,19,0.002657714365645545,-0.6313366048763305,19,0.002657714365645545,-0.6313366048763305,"telex.hu,24.hu,hvg.hu,index.hu,portfolio.hu"
HU,Hungary,2025-11-01T00:00:00Z,2025-12-01T00:00:00Z,6863,23,0.00335130409441935,-1.1599341154468517,23,0.00335130409441935,-1.1599341154468517,"telex.hu,24.hu,hvg.hu,index.hu,portfolio.hu"
HU,Hungary,2025-12-01T00:00:00Z,2026-01-01T00:00:00Z,6169,30,0.004863024801426487,-1.5267723195668852,30,0.004863024801426487,-1.5267723195668852,"telex.hu,24.hu,hvg.hu,index.hu,portfolio.hu"
HU,Hungary,2026-01-01T00:00:00Z,2026-02-01T00:00:00Z,6264,27,0.004310344827586207,-2.1105211996512385,27,0.004310344827586207,-2.1105211996512385,"telex.hu,24.hu,hvg.hu,index.hu,portfolio.hu"
HU,Hungary,2026-02-01T00:00:00Z,2026-03-01T00:00:00Z,5761,32,0.0055545912168026386,0.21179403973368807,32,0.0055545912168026386,0.21179403973368807,"telex.hu,24.hu,hvg.hu,index.hu,portfolio.hu"
HU,Hungary,2026-03-01T00:00:00Z,2026-04-01T00:00:00Z,2486,18,0.007240547063555913,-1.5803486804677924,18,0.007240547063555913,-1.5803486804677924,"telex.hu,24.hu,hvg.hu,index.hu,portfolio.hu"
IS,Iceland,2018-06-01T00:00:00Z,2018-07-01T00:00:00Z,9287,10,0.001076773985140519,0.2225842384821172,10,0.001076773985140519,0.2225842384821172,"ruv.is,mbl.is,visir.is,dv.is,stundin.is"
IS,Iceland,2018-07-01T00:00:00Z,2018-08-01T00:00:00Z,7060,11,0.0015580736543909348,0.23413844851291318,11,0.0015580736543909348,0.23413844851291318,"ruv.is,mbl.is,visir.is,dv.is,stundin.is"
IS,Iceland,2018-08-01T00:00:00Z,2018-09-01T00:00:00Z,5845,6,0.001026518391787853,-0.6927983842992036,6,0.001026518391787853,-0.6927983842992036,"ruv.is,mbl.is,visir.is,dv.is,stundin.is"
IS,Iceland,2018-09-01T00:00:00Z,2018-10-01T00:00:00Z,6301,1,0.00015870496746548166,2.63504611330698,1,0.00015870496746548166,2.63504611330698,"ruv.is,mbl.is,visir.is,dv.is,stundin.is"
IS,Iceland,2018-10-01T00:00:00Z,2018-11-01T00:00:00Z,7236,6,0.0008291873963515755,0.16107187525215405,6,0.0008291873963515755,0.16107187525215405,"ruv.is,mbl.is,visir.is,dv.is,stundin.is"
IS,Iceland,2018-11-01T00:00:00Z,2018-12-01T00:00:00Z,7854,6,0.0007639419404125286,1.1589249598848237,6,0.0007639419404125286,1.1589249598848237,"ruv.is,mbl.is,visir.is,dv.is,stundin.is"
IS,Iceland,2018-12-01T00:00:00Z,2019-01-01T00:00:00Z,6845,5,0.0007304601899196494,1.7977443371083244,5,0.0007304601899196494,1.7977443371083244,"ruv.is,mbl.is,visir.is,dv.is,stundin.is"
IS,Iceland,2019-01-01T00:00:00Z,2019-02-01T00:00:00Z,6535,9,0.0013771996939556236,0.5882104859277351,9,0.0013771996939556236,0.5882104859277351,"ruv.is,mbl.is,visir.is,dv.is,stundin.is"
IS,Iceland,2019-02-01T00:00:00Z,2019-03-01T00:00:00Z,6441,7,0.001086787765874864,0.6076638276068371,7,0.001086787765874864,0.6076638276068371,"ruv.is,mbl.is,visir.is,dv.is,stundin.is"
IS,Iceland,2019-03-01T00:00:00Z,2019-04-01T00:00:00Z,6123,5,0.0008165931732810714,0.026069119592772194,5,0.0008165931732810714,0.026069119592772194,"ruv.is,mbl.is,visir.is,dv.is,stundin.is"
IS,Iceland,2019-04-01T00:00:00Z,2019-05-01T00:00:00Z,3628,4,0.0011025358324145535,1.0885773853004599,4,0.0011025358324145535,1.0885773853004599,"ruv.is,mbl.is,visir.is,dv.is,stundin.is"
IS,Iceland,2019-05-01T00:00:00Z,2019-06-01T00:00:00Z,4077,6,0.0014716703458425313,-1.1204467383708772,6,0.0014716703458425313,-1.1204467383708772,"ruv.is,mbl.is,visir.is,dv.is,stundin.is"
IS,Iceland,2019-06-01T00:00:00Z,2019-07-01T00:00:00Z,4564,2,0.00043821209465381246,1.5144650288629324,2,0.00043821209465381246,1.5144650288629324,"ruv.is,mbl.is,visir.is,dv.is,stundin.is"
IS,Iceland,2019-07-01T00:00:00Z,2019-08-01T00:00:00Z,4000,1,0.00025,0.492610837438424,1,0.00025,0.492610837438424,"ruv.is,mbl.is,visir.is,dv.is,stundin.is"
IS,Iceland,2019-08-01T00:00:00Z,2019-09-01T00:00:00Z,3818,1,0.00026191723415400735,-0.540540540540541,1,0.00026191723415400735,-0.540540540540541,"ruv.is,mbl.is,visir.is,dv.is,stundin.is"
IS,Iceland,2019-09-01T00:00:00Z,2019-10-01T00:00:00Z,4516,4,0.0008857395925597874,0.7236738012752232,4,0.0008857395925597874,0.7236738012752232,"ruv.is,mbl.is,visir.is,dv.is,stundin.is"
IS,Iceland,2019-10-01T00:00:00Z,2019-11-01T00:00:00Z,4609,12,0.002603601648947711,-1.9319302034759862,12,0.002603601648947711,-1.9319302034759862,"ruv.is,mbl.is,visir.is,dv.is,stundin.is"
IS,Iceland,2019-11-01T00:00:00Z,2019-12-01T00:00:00Z,4565,4,0.0008762322015334064,0.01055945801130953,4,0.0008762322015334064,0.01055945801130953,"ruv.is,mbl.is,visir.is,dv.is,stundin.is"
IS,Iceland,2019-12-01T00:00:00Z,2020-01-01T00:00:00Z,4302,1,0.00023245002324500232,0.578034682080925,1,0.00023245002324500232,0.578034682080925,"ruv.is,mbl.is,visir.is,dv.is,stundin.is"
IS,Iceland,2020-01-01T00:00:00Z,2020-02-01T00:00:00Z,4363,4,0.0009168003667201467,0.7179688938121588,4,0.0009168003667201467,0.7179688938121588,"ruv.is,mbl.is,visir.is,dv.is,stundin.is"
IS,Iceland,2020-02-01T00:00:00Z,2020-03-01T00:00:00Z,4042,1,0.00024740227610094015,1.61943319838057,1,0.00024740227610094015,1.61943319838057,"ruv.is,mbl.is,visir.is,dv.is,stundin.is"
IS,Iceland,2020-03-01T00:00:00Z,2020-04-01T00:00:00Z,4375,3,0.0006857142857142857,1.2043273144385194,3,0.0006857142857142857,1.2043273144385194,"ruv.is,mbl.is,visir.is,dv.is,stundin.is"
IS,Iceland,2020-04-01T00:00:00Z,2020-05-01T00:00:00Z,4074,2,0.0004909180166912126,0.742014994351443,2,0.0004909180166912126,0.742014994351443,"ruv.is,mbl.is,visir.is,dv.is,stundin.is"
IS,Iceland,2020-05-01T00:00:00Z,2020-06-01T00:00:00Z,4277,1,0.00023380874444704232,-4.31372549019608,1,0.00023380874444704232,-4.31372549019608,"ruv.is,mbl.is,visir.is,dv.is,stundin.is"
IS,Iceland,2020-06-01T00:00:00Z,2020-07-01T00:00:00Z,4155,5,0.0012033694344163659,-0.8088407979131534,5,0.0012033694344163659,-0.8088407979131534,"ruv.is,mbl.is,visir.is,dv.is,stundin.is"
IS,Iceland,2020-07-01T00:00:00Z,2020-08-01T00:00:00Z,3516,1,0.0002844141069397042,-2.29885057471264,1,0.0002844141069397042,-2.29885057471264,"ruv.is,mbl.is,visir.is,dv.is,stundin.is"
IS,Iceland,2020-08-01T00:00:00Z,2020-09-01T00:00:00Z,3454,2,0.0005790387955993051,1.4621458537244465,2,0.0005790387955993051,1.4621458537244465,"ruv.is,mbl.is,visir.is,dv.is,stundin.is"
IS,Iceland,2020-09-01T00:00:00Z,2020-10-01T00:00:00Z,3864,4,0.0010351966873706005,1.925730073277025,4,0.0010351966873706005,1.925730073277025,"ruv.is,mbl.is,visir.is,dv.is,stundin.is"
IS,Iceland,2020-10-01T00:00:00Z,2020-11-01T00:00:00Z,2875,5,0.0017391304347826088,2.2817031410336512,5,0.0017391304347826088,2.2817031410336512,"ruv.is,mbl.is,visir.is,dv.is,stundin.is"
IS,Iceland,2020-11-01T00:00:00Z,2020-12-01T00:00:00Z,3229,5,0.001548467017652524,1.725731066574208,5,0.001548467017652524,1.725731066574208,"ruv.is,mbl.is,visir.is,dv.is,stundin.is"
IS,Iceland,2020-12-01T00:00:00Z,2021-01-01T00:00:00Z,5404,2,0.0003700962250185048,-5.310747983043894,2,0.0003700962250185048,-5.310747983043894,"ruv.is,mbl.is,visir.is,dv.is,stundin.is"
IS,Iceland,2021-01-01T00:00:00Z,2021-02-01T00:00:00Z,5396,1,0.00018532246108228317,1.92926045016077,1,0.00018532246108228317,1.92926045016077,"ruv.is,mbl.is,visir.is,dv.is,stundin.is"
IS,Iceland,2021-02-01T00:00:00Z,2021-03-01T00:00:00Z,5256,5,0.0009512937595129375,1.4862920071165069,5,0.0009512937595129375,1.4862920071165069,"ruv.is,mbl.is,visir.is,dv.is,stundin.is"
IS,Iceland,2021-03-01T00:00:00Z,2021-04-01T00:00:00Z,5765,2,0.0003469210754553339,1.1579059704678198,2,0.0003469210754553339,1.1579059704678198,"ruv.is,mbl.is,visir.is,dv.is,stundin.is"
IS,Iceland,2021-04-01T00:00:00Z,2021-05-01T00:00:00Z,5308,9,0.0016955538809344385,0.4124979089625369,9,0.0016955538809344385,0.4124979089625369,"ruv.is,mbl.is,visir.is,dv.is,stundin.is"
IS,Iceland,2021-05-01T00:00:00Z,2021-06-01T00:00:00Z,5811,1,0.00017208742040956807,2.23880597014925,1,0.00017208742040956807,2.23880597014925,"ruv.is,mbl.is,visir.is,dv.is,stundin.is"
IS,Iceland,2021-06-01T00:00:00Z,2021-07-01T00:00:00Z,5571,3,0.0005385029617662897,0.8114643764609133,3,0.0005385029617662897,0.8114643764609133,"ruv.is,mbl.is,visir.is,dv.is,stundin.is"
IS,Iceland,2021-07-01T00:00:00Z,2021-08-01T00:00:00Z,5156,4,0.0007757951900698216,-1.2849251163627262,4,0.0007757951900698216,-1.2849251163627262,"ruv.is,mbl.is,visir.is,dv.is,stundin.is"
IS,Iceland,2021-08-01T00:00:00Z,2021-09-01T00:00:00Z,4619,1,0.00021649707728945658,-1.03092783505155,1,0.00021649707728945658,-1.03092783505155,"ruv.is,mbl.is,visir.is,dv.is,stundin.is"
IS,Iceland,2021-09-01T00:00:00Z,2021-10-01T00:00:00Z,5522,6,0.0010865628395508873,-1.0230413049571259,6,0.0010865628395508873,-1.0230413049571259,"ruv.is,mbl.is,visir.is,dv.is,stundin.is"
IS,Iceland,2021-10-01T00:00:00Z,2021-11-01T00:00:00Z,5705,5,0.0008764241893076249,1.786574434890056,5,0.0008764241893076249,1.786574434890056,"ruv.is,mbl.is,visir.is,dv.is,stundin.is"
IS,Iceland,2021-11-01T00:00:00Z,2021-12-01T00:00:00Z,5504,4,0.0007267441860465116,0.2984472307660451,4,0.0007267441860465116,0.2984472307660451,"ruv.is,mbl.is,visir.is,dv.is,stundin.is"
IS,Iceland,2021-12-01T00:00:00Z,2022-01-01T00:00:00Z,5602,4,0.0007140307033202428,-1.1213182453758574,4,0.0007140307033202428,-1.1213182453758574,"ruv.is,mbl.is,visir.is,dv.is,stundin.is"
IS,Iceland,2022-01-01T00:00:00Z,2022-02-01T00:00:00Z,5474,2,0.00036536353671903543,-1.0724323946858476,2,0.00036536353671903543,-1.0724323946858476,"ruv.is,mbl.is,visir.is,dv.is,stundin.is"
IS,Iceland,2022-02-01T00:00:00Z,2022-03-01T00:00:00Z,4756,2,0.00042052144659377626,1.92351280732867,2,0.00042052144659377626,1.92351280732867,"ruv.is,mbl.is,visir.is,dv.is,stundin.is"
IS,Iceland,2022-03-01T00:00:00Z,2022-04-01T00:00:00Z,5273,5,0.0009482268158543523,0.7599458281009923,5,0.0009482268158543523,0.7599458281009923,"ruv.is,mbl.is,visir.is,dv.is,stundin.is"
IS,Iceland,2022-04-01T00:00:00Z,2022-05-01T00:00:00Z,4711,5,0.0010613457864572277,0.9728657979704305,5,0.0010613457864572277,0.9728657979704305,"ruv.is,mbl.is,visir.is,dv.is,stundin.is"
IS,Iceland,2022-05-01T00:00:00Z,2022-06-01T00:00:00Z,5446,5,0.000918105031215571,0.09532613144013713,5,0.000918105031215571,0.09532613144013713,"ruv.is,mbl.is,visir.is,dv.is,stundin.is"
IS,Iceland,2022-06-01T00:00:00Z,2022-07-01T00:00:00Z,4787,2,0.0004177982034677251,0.5897938443670145,2,0.0004177982034677251,0.5897938443670145,"ruv.is,mbl.is,visir.is,dv.is,stundin.is"
IS,Iceland,2022-07-01T00:00:00Z,2022-08-01T00:00:00Z,4545,2,0.00044004400440044003,0.5585772252438909,2,0.00044004400440044003,0.5585772252438909,"ruv.is,mbl.is,visir.is,dv.is,stundin.is"
IS,Iceland,2022-08-01T00:00:00Z,2022-09-01T00:00:00Z,4965,1,0.0002014098690835851,-0.458715596330275,1,0.0002014098690835851,-0.458715596330275,"ruv.is,mbl.is,visir.is,dv.is,stundin.is"
IS,Iceland,2022-09-01T00:00:00Z,2022-10-01T00:00:00Z,4964,2,0.00040290088638195,-3.18220219656435,2,0.00040290088638195,-3.18220219656435,"ruv.is,mbl.is,visir.is,dv.is,stundin.is"
IS,Iceland,2022-10-01T00:00:00Z,2022-11-01T00:00:00Z,5035,4,0.0007944389275074479,-1.9248086379381324,4,0.0007944389275074479,-1.9248086379381324,"ruv.is,mbl.is,visir.is,dv.is,stundin.is"
IS,Iceland,2022-11-01T00:00:00Z,2022-12-01T00:00:00Z,4588,2,0.00043591979075850045,-0.11214416381807651,2,0.00043591979075850045,-0.11214416381807651,"ruv.is,mbl.is,visir.is,dv.is,stundin.is"
IS,Iceland,2022-12-01T00:00:00Z,2023-01-01T00:00:00Z,4336,2,0.00046125461254612545,-2.6170070677277497,2,0.00046125461254612545,-2.6170070677277497,"ruv.is,mbl.is,visir.is,dv.is,stundin.is"
IS,Iceland,2023-01-01T00:00:00Z,2023-02-01T00:00:00Z,3940,4,0.0010152284263959391,0.7564105265258616,4,0.0010152284263959391,0.7564105265258616,"ruv.is,mbl.is,visir.is,dv.is,stundin.is"
IS,Iceland,2023-02-01T00:00:00Z,2023-03-01T00:00:00Z,3438,5,0.0014543339150668994,-0.1635190720694918,5,0.0014543339150668994,-0.1635190720694918,"ruv.is,mbl.is,visir.is,dv.is,stundin.is"
IS,Iceland,2023-03-01T00:00:00Z,2023-04-01T00:00:00Z,4475,6,0.001340782122905028,0.4101411685863551,6,0.001340782122905028,0.4101411685863551,"ruv.is,mbl.is,visir.is,dv.is,stundin.is"
IS,Iceland,2023-04-01T00:00:00Z,2023-05-01T00:00:00Z,5834,4,0.0006856359273225917,-1.8152370462159828,4,0.0006856359273225917,-1.8152370462159828,"ruv.is,mbl.is,visir.is,dv.is,stundin.is"
IS,Iceland,2023-05-01T00:00:00Z,2023-06-01T00:00:00Z,6452,9,0.0013949163050216986,0.40061264517566064,9,0.0013949163050216986,0.40061264517566064,"ruv.is,mbl.is,visir.is,dv.is,stundin.is"
IS,Iceland,2023-06-01T00:00:00Z,2023-07-01T00:00:00Z,6493,5,0.0007700600646850454,0.1113123604199272,5,0.0007700600646850454,0.1113123604199272,"ruv.is,mbl.is,visir.is,dv.is,stundin.is"
IS,Iceland,2023-07-01T00:00:00Z,2023-08-01T00:00:00Z,6569,5,0.0007611508601004719,0.36279057615717647,5,0.0007611508601004719,0.36279057615717647,"ruv.is,mbl.is,visir.is,dv.is,stundin.is"
IS,Iceland,2023-08-01T00:00:00Z,2023-09-01T00:00:00Z,6520,2,0.00030674846625766873,1.1108714408973244,2,0.00030674846625766873,1.1108714408973244,"ruv.is,mbl.is,visir.is,dv.is,stundin.is"
IS,Iceland,2023-09-01T00:00:00Z,2023-10-01T00:00:00Z,6774,0,0.0,,0,0.0,,"ruv.is,mbl.is,visir.is,dv.is,stundin.is"
IS,Iceland,2023-10-01T00:00:00Z,2023-11-01T00:00:00Z,7449,8,0.0010739696603570949,-0.43760457733876124,8,0.0010739696603570949,-0.43760457733876124,"ruv.is,mbl.is,visir.is,dv.is,stundin.is"
IS,Iceland,2023-11-01T00:00:00Z,2023-12-01T00:00:00Z,8034,6,0.0007468259895444362,0.909261813784025,6,0.0007468259895444362,0.909261813784025,"ruv.is,mbl.is,visir.is,dv.is,stundin.is"
IS,Iceland,2023-12-01T00:00:00Z,2024-01-01T00:00:00Z,7669,6,0.0007823705828660843,2.371671265905738,6,0.0007823705828660843,2.371671265905738,"ruv.is,mbl.is,visir.is,dv.is,stundin.is"
IS,Iceland,2024-01-01T00:00:00Z,2024-02-01T00:00:00Z,8763,8,0.0009129293620906082,2.358888312105803,8,0.0009129293620906082,2.358888312105803,"ruv.is,mbl.is,visir.is,dv.is,stundin.is"
IS,Iceland,2024-02-01T00:00:00Z,2024-03-01T00:00:00Z,8475,7,0.0008259587020648968,1.1953201734946168,7,0.0008259587020648968,1.1953201734946168,"ruv.is,mbl.is,visir.is,dv.is,stundin.is"
IS,Iceland,2024-03-01T00:00:00Z,2024-04-01T00:00:00Z,8673,2,0.00023060071486221607,-0.01906470786139014,2,0.00023060071486221607,-0.01906470786139014,"ruv.is,mbl.is,visir.is,dv.is,stundin.is"
IS,Iceland,2024-04-01T00:00:00Z,2024-05-01T00:00:00Z,8549,4,0.0004678909814013335,0.6661386572900376,4,0.0004678909814013335,0.6661386572900376,"ruv.is,mbl.is,visir.is,dv.is,stundin.is"
IS,Iceland,2024-05-01T00:00:00Z,2024-06-01T00:00:00Z,9310,6,0.0006444683136412459,-0.45953020002746314,6,0.0006444683136412459,-0.45953020002746314,"ruv.is,mbl.is,visir.is,dv.is,stundin.is"
IS,Iceland,2024-06-01T00:00:00Z,2024-07-01T00:00:00Z,8239,11,0.0013351134846461949,2.8757982501113397,11,0.0013351134846461949,2.8757982501113397,"ruv.is,mbl.is,visir.is,dv.is,stundin.is"
IS,Iceland,2024-07-01T00:00:00Z,2024-08-01T00:00:00Z,7362,10,0.0013583265417006249,-0.6411707258567841,10,0.0013583265417006249,-0.6411707258567841,"ruv.is,mbl.is,visir.is,dv.is,stundin.is"
IS,Iceland,2024-08-01T00:00:00Z,2024-09-01T00:00:00Z,7528,14,0.0018597236981934113,0.1525596025165452,14,0.0018597236981934113,0.1525596025165452,"ruv.is,mbl.is,visir.is,dv.is,stundin.is"
IS,Iceland,2024-09-01T00:00:00Z,2024-10-01T00:00:00Z,8056,8,0.0009930486593843098,-0.2418444053540152,8,0.0009930486593843098,-0.2418444053540152,"ruv.is,mbl.is,visir.is,dv.is,stundin.is"
IS,Iceland,2024-10-01T00:00:00Z,2024-11-01T00:00:00Z,9062,6,0.0006621054954756124,2.5809228300671125,6,0.0006621054954756124,2.5809228300671125,"ruv.is,mbl.is,visir.is,dv.is,stundin.is"
IS,Iceland,2024-11-01T00:00:00Z,2024-12-01T00:00:00Z,9275,3,0.00032345013477088946,-0.9515605167779064,3,0.00032345013477088946,-0.9515605167779064,"ruv.is,mbl.is,visir.is,dv.is,stundin.is"
IS,Iceland,2024-12-01T00:00:00Z,2025-01-01T00:00:00Z,7942,1,0.00012591286829513975,1.12359550561798,1,0.00012591286829513975,1.12359550561798,"ruv.is,mbl.is,visir.is,dv.is,stundin.is"
IS,Iceland,2025-01-01T00:00:00Z,2025-02-01T00:00:00Z,7818,4,0.0005116398055768739,-1.0231578872204372,4,0.0005116398055768739,-1.0231578872204372,"ruv.is,mbl.is,visir.is,dv.is,stundin.is"
IS,Iceland,2025-02-01T00:00:00Z,2025-03-01T00:00:00Z,7441,5,0.0006719526945303051,-0.08378416046123541,5,0.0006719526945303051,-0.08378416046123541,"ruv.is,mbl.is,visir.is,dv.is,stundin.is"
IS,Iceland,2025-03-01T00:00:00Z,2025-04-01T00:00:00Z,7909,4,0.0005057529396889619,0.7879087246242045,4,0.0005057529396889619,0.7879087246242045,"ruv.is,mbl.is,visir.is,dv.is,stundin.is"
IS,Iceland,2025-04-01T00:00:00Z,2025-05-01T00:00:00Z,7250,3,0.00041379310344827585,-1.2473986793272536,3,0.00041379310344827585,-1.2473986793272536,"ruv.is,mbl.is,visir.is,dv.is,stundin.is"
IS,Iceland,2025-05-01T00:00:00Z,2025-06-01T00:00:00Z,8012,10,0.0012481278082875687,1.7452523272453557,10,0.0012481278082875687,1.7452523272453557,"ruv.is,mbl.is,visir.is,dv.is,stundin.is"
IS,Iceland,2025-06-01T00:00:00Z,2025-07-01T00:00:00Z,3620,2,0.0005524861878453039,0.7617161716171614,2,0.0005524861878453039,0.7617161716171614,"ruv.is,mbl.is,visir.is,dv.is,stundin.is"
IS,Iceland,2025-07-01T00:00:00Z,2025-08-01T00:00:00Z,6818,6,0.0008800234672924611,2.6183625070702403,6,0.0008800234672924611,2.6183625070702403,"ruv.is,mbl.is,visir.is,dv.is,stundin.is"
IS,Iceland,2025-08-01T00:00:00Z,2025-09-01T00:00:00Z,7207,6,0.0008325239350631331,0.27666323080764293,6,0.0008325239350631331,0.27666323080764293,"ruv.is,mbl.is,visir.is,dv.is,stundin.is"
IS,Iceland,2025-09-01T00:00:00Z,2025-10-01T00:00:00Z,8169,5,0.0006120700208103807,1.366696479191692,5,0.0006120700208103807,1.366696479191692,"ruv.is,mbl.is,visir.is,dv.is,stundin.is"
IS,Iceland,2025-10-01T00:00:00Z,2025-11-01T00:00:00Z,8755,5,0.0005711022272986865,2.098475933778884,5,0.0005711022272986865,2.098475933778884,"ruv.is,mbl.is,visir.is,dv.is,stundin.is"
IS,Iceland,2025-11-01T00:00:00Z,2025-12-01T00:00:00Z,7983,9,0.0011273957158962795,0.4493178891279123,9,0.0011273957158962795,0.4493178891279123,"ruv.is,mbl.is,visir.is,dv.is,stundin.is"
IS,Iceland,2025-12-01T00:00:00Z,2026-01-01T00:00:00Z,5215,3,0.0005752636625119846,-0.5070546737213406,3,0.0005752636625119846,-0.5070546737213406,"ruv.is,mbl.is,visir.is,dv.is,stundin.is"
IS,Iceland,2026-01-01T00:00:00Z,2026-02-01T00:00:00Z,5358,6,0.0011198208286674132,-0.32981530343007837,6,0.0011198208286674132,-0.32981530343007837,"ruv.is,mbl.is,visir.is,dv.is,stundin.is"
IS,Iceland,2026-02-01T00:00:00Z,2026-03-01T00:00:00Z,4995,0,0.0,,0,0.0,,"ruv.is,mbl.is,visir.is,dv.is,stundin.is"
IS,Iceland,2026-03-01T00:00:00Z,2026-04-01T00:00:00Z,2130,3,0.0014084507042253522,-0.007785107095919674,3,0.0014084507042253522,-0.007785107095919674,"ruv.is,mbl.is,visir.is,dv.is,stundin.is"
PL,Poland,2018-06-01T00:00:00Z,2018-07-01T00:00:00Z,13514,739,0.054684031374870504,-3.79475814334611,743,0.054980020719254105,-3.784258552297785,"tvn24.pl,onet.pl,gazeta.pl,rp.pl,wyborcza.pl"
PL,Poland,2018-07-01T00:00:00Z,2018-08-01T00:00:00Z,12150,580,0.047736625514403296,-4.376018314074986,583,0.0479835390946502,-4.362747871461516,"tvn24.pl,onet.pl,gazeta.pl,rp.pl,wyborcza.pl"
PL,Poland,2018-08-01T00:00:00Z,2018-09-01T00:00:00Z,10681,490,0.045875854320756485,-4.517129291097246,490,0.045875854320756485,-4.517129291097246,"tvn24.pl,onet.pl,gazeta.pl,rp.pl,wyborcza.pl"
PL,Poland,2018-09-01T00:00:00Z,2018-10-01T00:00:00Z,9062,411,0.04535422644007945,-4.844353638563229,412,0.045464577355992054,-4.835592022695924,"tvn24.pl,onet.pl,gazeta.pl,rp.pl,wyborcza.pl"
PL,Poland,2018-10-01T00:00:00Z,2018-11-01T00:00:00Z,9955,306,0.030738322451029632,-4.492468617203483,306,0.030738322451029632,-4.492468617203483,"tvn24.pl,onet.pl,gazeta.pl,rp.pl,wyborcza.pl"
PL,Poland,2018-11-01T00:00:00Z,2018-12-01T00:00:00Z,8289,249,0.030039811798769453,-3.2600672569186617,249,0.030039811798769453,-3.2600672569186617,"tvn24.pl,onet.pl,gazeta.pl,rp.pl,wyborcza.pl"
PL,Poland,2018-12-01T00:00:00Z,2019-01-01T00:00:00Z,8676,201,0.023167358229598894,-3.7076077789927453,203,0.023397879207007838,-3.7359712283651856,"tvn24.pl,onet.pl,gazeta.pl,rp.pl,wyborcza.pl"
PL,Poland,2019-01-01T00:00:00Z,2019-02-01T00:00:00Z,9643,181,0.018770092294928965,-4.37354730442524,183,0.018977496629679562,-4.32903397062014,"tvn24.pl,onet.pl,gazeta.pl,rp.pl,wyborcza.pl"
PL,Poland,2019-02-01T00:00:00Z,2019-03-01T00:00:00Z,8686,180,0.02072300253281142,-4.380867564180771,181,0.02083813032466037,-4.364129905546355,"tvn24.pl,onet.pl,gazeta.pl,rp.pl,wyborcza.pl"
PL,Poland,2019-03-01T00:00:00Z,2019-04-01T00:00:00Z,9477,225,0.023741690408357077,-3.7926661222082236,228,0.0240582462804685,-3.768619244867862,"tvn24.pl,onet.pl,gazeta.pl,rp.pl,wyborcza.pl"
PL,Poland,2019-04-01T00:00:00Z,2019-05-01T00:00:00Z,9128,217,0.023773006134969327,-4.087693783475838,219,0.02399211218229623,-4.052876641463981,"tvn24.pl,onet.pl,gazeta.pl,rp.pl,wyborcza.pl"
PL,Poland,2019-05-01T00:00:00Z,2019-06-01T00:00:00Z,9154,176,0.019226567620712256,-3.3133344606427784,177,0.019335809482193576,-3.2895706662727213,"tvn24.pl,onet.pl,gazeta.pl,rp.pl,wyborcza.pl"
PL,Poland,2019-06-01T00:00:00Z,2019-07-01T00:00:00Z,8040,179,0.0222636815920398,-3.965003544882446,180,0.022388059701492536,-3.9535914586635306,"tvn24.pl,onet.pl,gazeta.pl,rp.pl,wyborcza.pl"
PL,Poland,2019-07-01T00:00:00Z,2019-08-01T00:00:00Z,8361,187,0.02236574572419567,-3.846214071136373,189,0.022604951560818085,-3.8090644033973486,"tvn24.pl,onet.pl,gazeta.pl,rp.pl,wyborcza.pl"
PL,Poland,2019-08-01T00:00:00Z,2019-09-01T00:00:00Z,6712,144,0.021454112038140644,-3.9896285980251442,144,0.021454112038140644,-3.9896285980251442,"tvn24.pl,onet.pl,gazeta.pl,rp.pl,wyborcza.pl"
PL,Poland,2019-09-01T00:00:00Z,2019-10-01T00:00:00Z,8208,156,0.019005847953216373,-4.577943757282828,158,0.0192495126705653,-4.540074912751949,"tvn24.pl,onet.pl,gazeta.pl,rp.pl,wyborcza.pl"
PL,Poland,2019-10-01T00:00:00Z,2019-11-01T00:00:00Z,8886,150,0.01688048615800135,-3.681726263299789,150,0.01688048615800135,-3.681726263299789,"tvn24.pl,onet.pl,gazeta.pl,rp.pl,wyborcza.pl"
PL,Poland,2019-11-01T00:00:00Z,2019-12-01T00:00:00Z,6625,159,0.024,-4.245340542483965,160,0.024150943396226414,-4.232513304444319,"tvn24.pl,onet.pl,gazeta.pl,rp.pl,wyborcza.pl"
PL,Poland,2019-12-01T00:00:00Z,2020-01-01T00:00:00Z,6657,138,0.020730058584948176,-4.203799183395254,138,0.020730058584948176,-4.203799183395254,"tvn24.pl,onet.pl,gazeta.pl,rp.pl,wyborcza.pl"
PL,Poland,2020-01-01T00:00:00Z,2020-02-01T00:00:00Z,8486,276,0.03252415743577657,-4.707150070883025,280,0.03299552203629508,-4.695327513991486,"tvn24.pl,onet.pl,gazeta.pl,rp.pl,wyborcza.pl"
PL,Poland,2020-02-01T00:00:00Z,2020-03-01T00:00:00Z,7783,307,0.03944494410895542,-4.282948347515896,307,0.03944494410895542,-4.282948347515896,"tvn24.pl,onet.pl,gazeta.pl,rp.pl,wyborcza.pl"
PL,Poland,2020-03-01T00:00:00Z,2020-04-01T00:00:00Z,9483,232,0.024464831804281346,-4.221536291458184,234,0.024675735526732048,-4.2032343531561125,"tvn24.pl,onet.pl,gazeta.pl,rp.pl,wyborcza.pl"
PL,Poland,2020-04-01T00:00:00Z,2020-05-01T00:00:00Z,9425,311,0.032997347480106104,-4.1900582146888175,312,0.03310344827586207,-4.194077662957442,"tvn24.pl,onet.pl,gazeta.pl,rp.pl,wyborcza.pl"
PL,Poland,2020-05-01T00:00:00Z,2020-06-01T00:00:00Z,9278,341,0.036753610691959475,-4.710419594393015,341,0.036753610691959475,-4.710419594393015,"tvn24.pl,onet.pl,gazeta.pl,rp.pl,wyborcza.pl"
PL,Poland,2020-06-01T00:00:00Z,2020-07-01T00:00:00Z,9004,308,0.034207019102621056,-4.716833272426039,311,0.03454020435362061,-4.719859327007166,"tvn24.pl,onet.pl,gazeta.pl,rp.pl,wyborcza.pl"
PL,Poland,2020-07-01T00:00:00Z,2020-08-01T00:00:00Z,8553,350,0.0409213141587747,-4.475082602997452,351,0.04103823219922834,-4.472655554002579,"tvn24.pl,onet.pl,gazeta.pl,rp.pl,wyborcza.pl"
PL,Poland,2020-08-01T00:00:00Z,2020-09-01T00:00:00Z,8218,306,0.037235337064979314,-4.065955549415899,308,0.03747870528109029,-4.052008533866492,"tvn24.pl,onet.pl,gazeta.pl,rp.pl,wyborcza.pl"
PL,Poland,2020-09-01T00:00:00Z,2020-10-01T00:00:00Z,8174,284,0.03474431123073159,-4.627173131142879,293,0.035845363347198435,-4.570910270644642,"tvn24.pl,onet.pl,gazeta.pl,rp.pl,wyborcza.pl"
PL,Poland,2020-10-01T00:00:00Z,2020-11-01T00:00:00Z,6895,254,0.03683828861493836,-5.215376800541647,259,0.03756345177664975,-5.153738352633744,"tvn24.pl,onet.pl,gazeta.pl,rp.pl,wyborcza.pl"
PL,Poland,2020-11-01T00:00:00Z,2020-12-01T00:00:00Z,6379,290,0.04546167110832419,-4.547759609473475,296,0.046402257407117106,-4.486921698994258,"tvn24.pl,onet.pl,gazeta.pl,rp.pl,wyborcza.pl"
PL,Poland,2020-12-01T00:00:00Z,2021-01-01T00:00:00Z,9415,350,0.03717472118959108,-4.103578908444539,354,0.03759957514604355,-4.115468696521468,"tvn24.pl,onet.pl,gazeta.pl,rp.pl,wyborcza.pl"
PL,Poland,2021-01-01T00:00:00Z,2021-02-01T00:00:00Z,9964,343,0.0344239261340827,-4.519533517544552,349,0.03502609393817744,-4.4303894394685726,"tvn24.pl,onet.pl,gazeta.pl,rp.pl,wyborcza.pl"
PL,Poland,2021-02-01T00:00:00Z,2021-03-01T00:00:00Z,9931,401,0.04037861242573759,-4.576712429845309,401,0.04037861242573759,-4.576712429845309,"tvn24.pl,onet.pl,gazeta.pl,rp.pl,wyborcza.pl"
PL,Poland,2021-03-01T00:00:00Z,2021-04-01T00:00:00Z,11646,381,0.032715095311695,-4.543500265466125,384,0.03297269448737764,-4.5274072807660835,"tvn24.pl,onet.pl,gazeta.pl,rp.pl,wyborcza.pl"
PL,Poland,2021-04-01T00:00:00Z,2021-05-01T00:00:00Z,10302,382,0.0370801786060959,-4.730291627070628,386,0.0374684527276257,-4.681510348112909,"tvn24.pl,onet.pl,gazeta.pl,rp.pl,wyborcza.pl"
PL,Poland,2021-05-01T00:00:00Z,2021-06-01T00:00:00Z,9810,438,0.044648318042813454,-4.321316168060752,443,0.04515800203873598,-4.320061068721978,"tvn24.pl,onet.pl,gazeta.pl,rp.pl,wyborcza.pl"
PL,Poland,2021-06-01T00:00:00Z,2021-07-01T00:00:00Z,9736,468,0.04806902218570255,-3.9497018405618305,474,0.04868529170090386,-3.9048097391585674,"tvn24.pl,onet.pl,gazeta.pl,rp.pl,wyborcza.pl"
PL,Poland,2021-07-01T00:00:00Z,2021-08-01T00:00:00Z,9578,497,0.05188974733764878,-4.570765386832628,500,0.05220296512841929,-4.538173430677068,"tvn24.pl,onet.pl,gazeta.pl,rp.pl,wyborcza.pl"
PL,Poland,2021-08-01T00:00:00Z,2021-09-01T00:00:00Z,8799,484,0.05500625071030799,-4.796243389699506,488,0.05546084782361632,-4.772750517630006,"tvn24.pl,onet.pl,gazeta.pl,rp.pl,wyborcza.pl"
PL,Poland,2021-09-01T00:00:00Z,2021-10-01T00:00:00Z,8120,488,0.060098522167487685,-4.801476778507652,492,0.06059113300492611,-4.772026405996333,"tvn24.pl,onet.pl,gazeta.pl,rp.pl,wyborcza.pl"
PL,Poland,2021-10-01T00:00:00Z,2021-11-01T00:00:00Z,10053,543,0.05401372724559833,-4.434144245289657,552,0.05490898239331543,-4.396412019354253,"tvn24.pl,onet.pl,gazeta.pl,rp.pl,wyborcza.pl"
PL,Poland,2021-11-01T00:00:00Z,2021-12-01T00:00:00Z,10118,539,0.05327139750938921,-4.761463250984198,558,0.05514923898003558,-4.634240701901386,"tvn24.pl,onet.pl,gazeta.pl,rp.pl,wyborcza.pl"
PL,Poland,2021-12-01T00:00:00Z,2022-01-01T00:00:00Z,10351,417,0.04028596270891701,-4.903064530656896,427,0.041252052941744756,-4.815773394617112,"tvn24.pl,onet.pl,gazeta.pl,rp.pl,wyborcza.pl"
PL,Poland,2022-01-01T00:00:00Z,2022-02-01T00:00:00Z,10282,476,0.0462944952343902,-5.048057857332345,486,0.04726706866368411,-4.97398168409482,"tvn24.pl,onet.pl,gazeta.pl,rp.pl,wyborcza.pl"
PL,Poland,2022-02-01T00:00:00Z,2022-03-01T00:00:00Z,9916,391,0.03943122226704316,-4.616759043093381,394,0.03973376361436063,-4.597775148158518,"tvn24.pl,onet.pl,gazeta.pl,rp.pl,wyborcza.pl"
PL,Poland,2022-03-01T00:00:00Z,2022-04-01T00:00:00Z,9181,205,0.022328722361398542,-4.517387815030056,211,0.022982245942707764,-4.461523581535957,"tvn24.pl,onet.pl,gazeta.pl,rp.pl,wyborcza.pl"
PL,Poland,2022-04-01T00:00:00Z,2022-05-01T00:00:00Z,6506,144,0.022133415308945588,-4.013866122628522,145,0.022287119581924378,-4.019662693727902,"tvn24.pl,onet.pl,gazeta.pl,rp.pl,wyborcza.pl"
PL,Poland,2022-05-01T00:00:00Z,2022-06-01T00:00:00Z,6769,228,0.033682966464765846,-3.5637948675322493,233,0.0344216280100458,-3.481454043230057,"tvn24.pl,onet.pl,gazeta.pl,rp.pl,wyborcza.pl"
PL,Poland,2022-06-01T00:00:00Z,2022-07-01T00:00:00Z,6666,165,0.024752475247524754,-3.7243757905244643,168,0.025202520252025202,-3.6979579371753597,"tvn24.pl,onet.pl,gazeta.pl,rp.pl,wyborcza.pl"
PL,Poland,2022-07-01T00:00:00Z,2022-08-01T00:00:00Z,6437,183,0.02842939257418052,-4.008143747237239,187,0.02905080006214075,-3.9886804300597802,"tvn24.pl,onet.pl,gazeta.pl,rp.pl,wyborcza.pl"
PL,Poland,2022-08-01T00:00:00Z,2022-09-01T00:00:00Z,5016,143,0.02850877192982456,-4.397781017246178,207,0.04126794258373206,-3.8299265292958955,"tvn24.pl,onet.pl,gazeta.pl,rp.pl,wyborcza.pl"
PL,Poland,2022-09-01T00:00:00Z,2022-10-01T00:00:00Z,3818,84,0.022001047668936617,-3.229047992401984,90,0.02357255107386066,-3.1574193078655735,"tvn24.pl,onet.pl,gazeta.pl,rp.pl,wyborcza.pl"
PL,Poland,2022-10-01T00:00:00Z,2022-11-01T00:00:00Z,4101,104,0.025359668373567422,-4.464520224645671,107,0.02609119726895879,-4.383255697917473,"tvn24.pl,onet.pl,gazeta.pl,rp.pl,wyborcza.pl"
PL,Poland,2022-11-01T00:00:00Z,2022-12-01T00:00:00Z,4145,127,0.030639324487334137,-3.8111417952517357,130,0.031363088057901084,-3.777996156120543,"tvn24.pl,onet.pl,gazeta.pl,rp.pl,wyborcza.pl"
PL,Poland,2022-12-01T00:00:00Z,2023-01-01T00:00:00Z,3970,136,0.03425692695214106,-3.7740402470304284,137,0.0345088161209068,-3.7745666236663653,"tvn24.pl,onet.pl,gazeta.pl,rp.pl,wyborcza.pl"
PL,Poland,2023-01-01T00:00:00Z,2023-02-01T00:00:00Z,24553,419,0.017065124424713883,-3.8449129276396135,420,0.017105852645297927,-3.8459624546826485,"tvn24.pl,onet.pl,gazeta.pl,rp.pl,wyborcza.pl"
PL,Poland,2023-02-01T00:00:00Z,2023-03-01T00:00:00Z,4335,128,0.02952710495963091,-3.426671305934213,132,0.03044982698961938,-3.3889454873948908,"tvn24.pl,onet.pl,gazeta.pl,rp.pl,wyborcza.pl"
PL,Poland,2023-03-01T00:00:00Z,2023-04-01T00:00:00Z,7295,301,0.04126113776559287,-4.274598653316475,311,0.042631939684715556,-4.187864450482004,"tvn24.pl,onet.pl,gazeta.pl,rp.pl,wyborcza.pl"
PL,Poland,2023-04-01T00:00:00Z,2023-05-01T00:00:00Z,10795,681,0.06308476146364057,-3.9852733700530485,699,0.06475220009263548,-3.941082140749394,"tvn24.pl,onet.pl,gazeta.pl,rp.pl,wyborcza.pl"
PL,Poland,2023-05-01T00:00:00Z,2023-06-01T00:00:00Z,11070,726,0.06558265582655827,-3.9572710606637247,735,0.06639566395663957,-3.9325311843669035,"tvn24.pl,onet.pl,gazeta.pl,rp.pl,wyborcza.pl"
PL,Poland,2023-06-01T00:00:00Z,2023-07-01T00:00:00Z,10478,570,0.05439969459820576,-4.611146474989923,576,0.0549723229623974,-4.588629945096958,"tvn24.pl,onet.pl,gazeta.pl,rp.pl,wyborcza.pl"
PL,Poland,2023-07-01T00:00:00Z,2023-08-01T00:00:00Z,10672,685,0.06418665667166416,-4.42899234729832,691,0.0647488755622189,-4.3846895128777295,"tvn24.pl,onet.pl,gazeta.pl,rp.pl,wyborcza.pl"
PL,Poland,2023-08-01T00:00:00Z,2023-09-01T00:00:00Z,11021,759,0.06886852372742945,-4.084974800563375,766,0.06950367480264949,-4.076535303109165,"tvn24.pl,onet.pl,gazeta.pl,rp.pl,wyborcza.pl"
PL,Poland,2023-09-01T00:00:00Z,2023-10-01T00:00:00Z,10802,583,0.0539714867617108,-4.696604883165074,607,0.05619329753749306,-4.602974708921666,"tvn24.pl,onet.pl,gazeta.pl,rp.pl,wyborcza.pl"
PL,Poland,2023-10-01T00:00:00Z,2023-11-01T00:00:00Z,11697,639,0.0546293921518338,-4.808313843386933,645,0.055142344190818156,-4.779805831230895,"tvn24.pl,onet.pl,gazeta.pl,rp.pl,wyborcza.pl"
PL,Poland,2023-11-01T00:00:00Z,2023-12-01T00:00:00Z,10761,608,0.056500325248582846,-4.608339565456804,615,0.057150822414273765,-4.565297650738318,"tvn24.pl,onet.pl,gazeta.pl,rp.pl,wyborcza.pl"
PL,Poland,2023-12-01T00:00:00Z,2024-01-01T00:00:00Z,10328,632,0.061192873741285826,-4.607568370533728,641,0.062064291247095275,-4.559404523715007,"tvn24.pl,onet.pl,gazeta.pl,rp.pl,wyborcza.pl"
PL,Poland,2024-01-01T00:00:00Z,2024-02-01T00:00:00Z,11308,583,0.05155642023346303,-4.414239308721398,602,0.05323664662186063,-4.314079779921842,"tvn24.pl,onet.pl,gazeta.pl,rp.pl,wyborcza.pl"
PL,Poland,2024-02-01T00:00:00Z,2024-03-01T00:00:00Z,10703,578,0.054003550406428104,-4.657167604221618,588,0.05493786788750817,-4.638124295749738,"tvn24.pl,onet.pl,gazeta.pl,rp.pl,wyborcza.pl"
PL,Poland,2024-03-01T00:00:00Z,2024-04-01T00:00:00Z,11068,661,0.059721720274665706,-4.406789393163772,670,0.06053487531622696,-4.381968010904158,"tvn24.pl,onet.pl,gazeta.pl,rp.pl,wyborcza.pl"
PL,Poland,2024-04-01T00:00:00Z,2024-05-01T00:00:00Z,10778,607,0.05631842642419744,-4.573711146875519,617,0.05724624234551865,-4.564288391321273,"tvn24.pl,onet.pl,gazeta.pl,rp.pl,wyborcza.pl"
PL,Poland,2024-05-01T00:00:00Z,2024-06-01T00:00:00Z,10280,675,0.06566147859922179,-4.188071368156914,682,0.06634241245136187,-4.171689214074832,"tvn24.pl,onet.pl,gazeta.pl,rp.pl,wyborcza.pl"
PL,Poland,2024-06-01T00:00:00Z,2024-07-01T00:00:00Z,10079,656,0.0650858220061514,-4.412768821192091,662,0.06568111915864669,-4.402400500382721,"tvn24.pl,onet.pl,gazeta.pl,rp.pl,wyborcza.pl"
PL,Poland,2024-07-01T00:00:00Z,2024-08-01T00:00:00Z,10648,755,0.0709053343350864,-4.548534271309758,764,0.07175056348610068,-4.519021676645909,"tvn24.pl,onet.pl,gazeta.pl,rp.pl,wyborcza.pl"
PL,Poland,2024-08-01T00:00:00Z,2024-09-01T00:00:00Z,9916,752,0.07583703106091166,-4.5618938405579135,757,0.0763412666397741,-4.559843933456567,"tvn24.pl,onet.pl,gazeta.pl,rp.pl,wyborcza.pl"
PL,Poland,2024-09-01T00:00:00Z,2024-10-01T00:00:00Z,10144,659,0.06496451104100946,-4.8837043789605925,664,0.06545741324921135,-4.859057414745642,"tvn24.pl,onet.pl,gazeta.pl,rp.pl,wyborcza.pl"
PL,Poland,2024-10-01T00:00:00Z,2024-11-01T00:00:00Z,10831,640,0.05908965007847844,-5.07605339688867,650,0.06001292586095467,-5.072287271152894,"tvn24.pl,onet.pl,gazeta.pl,rp.pl,wyborcza.pl"
PL,Poland,2024-11-01T00:00:00Z,2024-12-01T00:00:00Z,10274,637,0.06200116799688534,-4.532008108287943,642,0.06248783336577769,-4.507694253684837,"tvn24.pl,onet.pl,gazeta.pl,rp.pl,wyborcza.pl"
PL,Poland,2024-12-01T00:00:00Z,2025-01-01T00:00:00Z,10013,615,0.06142015380005992,-5.320915700922767,626,0.06251872565664636,-5.2446448852195315,"tvn24.pl,onet.pl,gazeta.pl,rp.pl,wyborcza.pl"
PL,Poland,2025-01-01T00:00:00Z,2025-02-01T00:00:00Z,10975,726,0.0661503416856492,-4.679268237662978,731,0.06660592255125285,-4.662333118127683,"tvn24.pl,onet.pl,gazeta.pl,rp.pl,wyborcza.pl"
PL,Poland,2025-02-01T00:00:00Z,2025-03-01T00:00:00Z,9830,556,0.05656154628687691,-4.941679148993026,560,0.056968463886063074,-4.9346476773059855,"tvn24.pl,onet.pl,gazeta.pl,rp.pl,wyborcza.pl"
PL,Poland,2025-03-01T00:00:00Z,2025-04-01T00:00:00Z,11333,648,0.05717815229859702,-4.855396878037169,656,0.05788405541339451,-4.839948296337892,"tvn24.pl,onet.pl,gazeta.pl,rp.pl,wyborcza.pl"
PL,Poland,2025-04-01T00:00:00Z,2025-05-01T00:00:00Z,11033,816,0.07395993836671803,-4.767584396290012,824,0.07468503580168585,-4.745298864516411,"tvn24.pl,onet.pl,gazeta.pl,rp.pl,wyborcza.pl"
PL,Poland,2025-05-01T00:00:00Z,2025-06-01T00:00:00Z,10819,663,0.06128107958221647,-4.47284280146531,669,0.061835659487937886,-4.453581701277179,"tvn24.pl,onet.pl,gazeta.pl,rp.pl,wyborcza.pl"
PL,Poland,2025-06-01T00:00:00Z,2025-07-01T00:00:00Z,4875,281,0.05764102564102564,-4.0193114655177515,282,0.057846153846153846,-4.012465583888088,"tvn24.pl,onet.pl,gazeta.pl,rp.pl,wyborcza.pl"
PL,Poland,2025-07-01T00:00:00Z,2025-08-01T00:00:00Z,10511,754,0.07173437351346208,-4.234022673008208,754,0.07173437351346208,-4.234022673008208,"tvn24.pl,onet.pl,gazeta.pl,rp.pl,wyborcza.pl"
PL,Poland,2025-08-01T00:00:00Z,2025-09-01T00:00:00Z,10464,880,0.08409785932721713,-4.339511029394534,884,0.08448012232415902,-4.325400812615853,"tvn24.pl,onet.pl,gazeta.pl,rp.pl,wyborcza.pl"
PL,Poland,2025-09-01T00:00:00Z,2025-10-01T00:00:00Z,10713,988,0.09222440026136469,-4.218122486433415,994,0.09278446746942967,-4.197779453027687,"tvn24.pl,onet.pl,gazeta.pl,rp.pl,wyborcza.pl"
PL,Poland,2025-10-01T00:00:00Z,2025-11-01T00:00:00Z,11402,896,0.07858270478863358,-4.620138252093766,905,0.07937203999298369,-4.612855259003486,"tvn24.pl,onet.pl,gazeta.pl,rp.pl,wyborcza.pl"
PL,Poland,2025-11-01T00:00:00Z,2025-12-01T00:00:00Z,10130,738,0.07285291214215202,-4.250211978383243,746,0.0736426456071076,-4.232489175619693,"tvn24.pl,onet.pl,gazeta.pl,rp.pl,wyborcza.pl"
PL,Poland,2025-12-01T00:00:00Z,2026-01-01T00:00:00Z,11417,740,0.0648156258211439,-4.274943515544719,754,0.06604186739073312,-4.258324212508106,"tvn24.pl,onet.pl,gazeta.pl,rp.pl,wyborcza.pl"
PL,Poland,2026-01-01T00:00:00Z,2026-02-01T00:00:00Z,11600,811,0.06991379310344828,-4.272840198610646,823,0.07094827586206896,-4.2558383900268995,"tvn24.pl,onet.pl,gazeta.pl,rp.pl,wyborcza.pl"
PL,Poland,2026-02-01T00:00:00Z,2026-03-01T00:00:00Z,9970,691,0.06930792377131394,-4.369473255823051,696,0.06980942828485456,-4.351617358909819,"tvn24.pl,onet.pl,gazeta.pl,rp.pl,wyborcza.pl"
PL,Poland,2026-03-01T00:00:00Z,2026-04-01T00:00:00Z,3380,251,0.07426035502958579,-4.621390008191279,252,0.07455621301775148,-4.609785793624396,"tvn24.pl,onet.pl,gazeta.pl,rp.pl,wyborcza.pl"
PT,Portugal,2018-06-01T00:00:00Z,2018-07-01T00:00:00Z,11567,151,0.013054378836344773,-2.5704855947925473,154,0.013313737356272153,-2.5443717742939977,"rtp.pt,publico.pt,observador.pt,sicnoticias.pt,jornaldenegocios.pt"
PT,Portugal,2018-07-01T00:00:00Z,2018-08-01T00:00:00Z,10906,118,0.010819732257472951,-2.6496462133544436,122,0.011186502842472034,-2.6705601952267712,"rtp.pt,publico.pt,observador.pt,sicnoticias.pt,jornaldenegocios.pt"
PT,Portugal,2018-08-01T00:00:00Z,2018-09-01T00:00:00Z,6387,158,0.024737748551745733,-2.370863198571719,164,0.025677156724596837,-2.2343806342036423,"rtp.pt,publico.pt,observador.pt,sicnoticias.pt,jornaldenegocios.pt"
PT,Portugal,2018-09-01T00:00:00Z,2018-10-01T00:00:00Z,6529,86,0.013172001837953745,-1.8156946794358952,88,0.013478327462092205,-1.71514035371749,"rtp.pt,publico.pt,observador.pt,sicnoticias.pt,jornaldenegocios.pt"
PT,Portugal,2018-10-01T00:00:00Z,2018-11-01T00:00:00Z,6488,88,0.013563501849568433,-2.050435823576654,89,0.013717632552404439,-2.03060749169056,"rtp.pt,publico.pt,observador.pt,sicnoticias.pt,jornaldenegocios.pt"
PT,Portugal,2018-11-01T00:00:00Z,2018-12-01T00:00:00Z,6312,117,0.0185361216730038,-1.58823313243246,120,0.019011406844106463,-1.5015585051772344,"rtp.pt,publico.pt,observador.pt,sicnoticias.pt,jornaldenegocios.pt"
PT,Portugal,2018-12-01T00:00:00Z,2019-01-01T00:00:00Z,5349,139,0.02598616563843709,-2.823285855057677,143,0.0267339689661619,-2.707631858419101,"rtp.pt,publico.pt,observador.pt,sicnoticias.pt,jornaldenegocios.pt"
PT,Portugal,2019-01-01T00:00:00Z,2019-02-01T00:00:00Z,6334,130,0.020524155352068203,-3.2375228123274105,137,0.02162930217871803,-3.06824553454514,"rtp.pt,publico.pt,observador.pt,sicnoticias.pt,jornaldenegocios.pt"
PT,Portugal,2019-02-01T00:00:00Z,2019-03-01T00:00:00Z,5647,117,0.02071896582256065,-2.791617653961325,118,0.020896051000531254,-2.7840123077922385,"rtp.pt,publico.pt,observador.pt,sicnoticias.pt,jornaldenegocios.pt"
PT,Portugal,2019-03-01T00:00:00Z,2019-04-01T00:00:00Z,5899,91,0.015426343448042041,-1.5690654450929946,100,0.016952025767079167,-1.2729598593794227,"rtp.pt,publico.pt,observador.pt,sicnoticias.pt,jornaldenegocios.pt"
PT,Portugal,2019-04-01T00:00:00Z,2019-05-01T00:00:00Z,5428,84,0.015475313190862197,-1.978119327997,85,0.01565954310980103,-1.9672573632049777,"rtp.pt,publico.pt,observador.pt,sicnoticias.pt,jornaldenegocios.pt"
PT,Portugal,2019-05-01T00:00:00Z,2019-06-01T00:00:00Z,5738,102,0.017776228651097944,-2.3248778360195033,105,0.018299058905542,-2.2241176515187377,"rtp.pt,publico.pt,observador.pt,sicnoticias.pt,jornaldenegocios.pt"
PT,Portugal,2019-06-01T00:00:00Z,2019-07-01T00:00:00Z,5257,88,0.016739585314818336,-2.9677799588711697,90,0.017120030435609664,-2.8480767546408874,"rtp.pt,publico.pt,observador.pt,sicnoticias.pt,jornaldenegocios.pt"
PT,Portugal,2019-07-01T00:00:00Z,2019-08-01T00:00:00Z,5909,124,0.02098493822981892,-2.869828401394515,131,0.022169571839566762,-2.72720712494113,"rtp.pt,publico.pt,observador.pt,sicnoticias.pt,jornaldenegocios.pt"
PT,Portugal,2019-08-01T00:00:00Z,2019-09-01T00:00:00Z,4465,116,0.025979843225083985,-3.1225271883232852,119,0.026651735722284433,-3.1252394125406204,"rtp.pt,publico.pt,observador.pt,sicnoticias.pt,jornaldenegocios.pt"
PT,Portugal,2019-09-01T00:00:00Z,2019-10-01T00:00:00Z,5760,110,0.019097222222222224,-3.0241289991575204,116,0.02013888888888889,-2.899396000771461,"rtp.pt,publico.pt,observador.pt,sicnoticias.pt,jornaldenegocios.pt"
PT,Portugal,2019-10-01T00:00:00Z,2019-11-01T00:00:00Z,5650,80,0.01415929203539823,-2.013583923433608,81,0.014336283185840707,-2.006072420981642,"rtp.pt,publico.pt,observador.pt,sicnoticias.pt,jornaldenegocios.pt"
PT,Portugal,2019-11-01T00:00:00Z,2019-12-01T00:00:00Z,4846,91,0.018778373916632275,-3.1367487905928177,91,0.018778373916632275,-3.1367487905928177,"rtp.pt,publico.pt,observador.pt,sicnoticias.pt,jornaldenegocios.pt"
PT,Portugal,2019-12-01T00:00:00Z,2020-01-01T00:00:00Z,4337,70,0.016140189070786258,-3.1990942940907936,73,0.01683191145953424,-3.0583878640084,"rtp.pt,publico.pt,observador.pt,sicnoticias.pt,jornaldenegocios.pt"
PT,Portugal,2020-01-01T00:00:00Z,2020-02-01T00:00:00Z,4047,70,0.017296763034346428,-2.465544396529151,73,0.01803805287867556,-2.3627542802459365,"rtp.pt,publico.pt,observador.pt,sicnoticias.pt,jornaldenegocios.pt"
PT,Portugal,2020-02-01T00:00:00Z,2020-03-01T00:00:00Z,3132,35,0.011174968071519796,-1.6974517586176905,36,0.011494252873563218,-1.7266128971908865,"rtp.pt,publico.pt,observador.pt,sicnoticias.pt,jornaldenegocios.pt"
PT,Portugal,2020-03-01T00:00:00Z,2020-04-01T00:00:00Z,3358,31,0.009231685527099465,-2.3062644617402266,31,0.009231685527099465,-2.3062644617402266,"rtp.pt,publico.pt,observador.pt,sicnoticias.pt,jornaldenegocios.pt"
PT,Portugal,2020-04-01T00:00:00Z,2020-05-01T00:00:00Z,3198,34,0.010631644777986242,-2.8484380169656203,34,0.010631644777986242,-2.8484380169656203,"rtp.pt,publico.pt,observador.pt,sicnoticias.pt,jornaldenegocios.pt"
PT,Portugal,2020-05-01T00:00:00Z,2020-06-01T00:00:00Z,3045,31,0.010180623973727421,-3.198050048369644,31,0.010180623973727421,-3.198050048369644,"rtp.pt,publico.pt,observador.pt,sicnoticias.pt,jornaldenegocios.pt"
PT,Portugal,2020-06-01T00:00:00Z,2020-07-01T00:00:00Z,2991,41,0.013707790036776997,-2.8354406153077654,41,0.013707790036776997,-2.8354406153077654,"rtp.pt,publico.pt,observador.pt,sicnoticias.pt,jornaldenegocios.pt"
PT,Portugal,2020-07-01T00:00:00Z,2020-08-01T00:00:00Z,3099,55,0.017747660535656663,-2.4356664965597,55,0.017747660535656663,-2.4356664965597,"rtp.pt,publico.pt,observador.pt,sicnoticias.pt,jornaldenegocios.pt"
PT,Portugal,2020-08-01T00:00:00Z,2020-09-01T00:00:00Z,2286,54,0.023622047244094488,-2.927434741769541,58,0.02537182852143482,-2.761215841069468,"rtp.pt,publico.pt,observador.pt,sicnoticias.pt,jornaldenegocios.pt"
PT,Portugal,2020-09-01T00:00:00Z,2020-10-01T00:00:00Z,2502,31,0.012390087929656275,-2.453817651356928,34,0.013589128697042365,-2.367872562362318,"rtp.pt,publico.pt,observador.pt,sicnoticias.pt,jornaldenegocios.pt"
PT,Portugal,2020-10-01T00:00:00Z,2020-11-01T00:00:00Z,1974,22,0.011144883485309016,-1.1336826951381394,24,0.0121580547112462,-1.3397853361120073,"rtp.pt,publico.pt,observador.pt,sicnoticias.pt,jornaldenegocios.pt"
PT,Portugal,2020-11-01T00:00:00Z,2020-12-01T00:00:00Z,1741,12,0.0068925904652498565,-2.277480341107002,12,0.0068925904652498565,-2.277480341107002,"rtp.pt,publico.pt,observador.pt,sicnoticias.pt,jornaldenegocios.pt"
PT,Portugal,2020-12-01T00:00:00Z,2021-01-01T00:00:00Z,2503,22,0.008789452656811825,-3.149147664567981,24,0.009588493807431082,-2.9676515182752725,"rtp.pt,publico.pt,observador.pt,sicnoticias.pt,jornaldenegocios.pt"
PT,Portugal,2021-01-01T00:00:00Z,2021-02-01T00:00:00Z,1937,15,0.007743933918430563,-2.227703577605263,15,0.007743933918430563,-2.227703577605263,"rtp.pt,publico.pt,observador.pt,sicnoticias.pt,jornaldenegocios.pt"
PT,Portugal,2021-02-01T00:00:00Z,2021-03-01T00:00:00Z,2091,18,0.00860832137733142,-1.4548224123856157,19,0.009086561453849833,-1.5753748302632111,"rtp.pt,publico.pt,observador.pt,sicnoticias.pt,jornaldenegocios.pt"
PT,Portugal,2021-03-01T00:00:00Z,2021-04-01T00:00:00Z,2657,31,0.011667293940534437,-3.1569629198655793,32,0.012043658261196839,-3.052552764163058,"rtp.pt,publico.pt,observador.pt,sicnoticias.pt,jornaldenegocios.pt"
PT,Portugal,2021-04-01T00:00:00Z,2021-05-01T00:00:00Z,2741,34,0.012404232032105071,-2.757518587269824,40,0.014593214155417731,-2.3522719695126972,"rtp.pt,publico.pt,observador.pt,sicnoticias.pt,jornaldenegocios.pt"
PT,Portugal,2021-05-01T00:00:00Z,2021-06-01T00:00:00Z,3113,46,0.014776742691937038,-2.1392880240281054,46,0.014776742691937038,-2.1392880240281054,"rtp.pt,publico.pt,observador.pt,sicnoticias.pt,jornaldenegocios.pt"
PT,Portugal,2021-06-01T00:00:00Z,2021-07-01T00:00:00Z,3062,45,0.014696276943174396,-1.9134460951471872,47,0.01534944480731548,-1.9955277307587838,"rtp.pt,publico.pt,observador.pt,sicnoticias.pt,jornaldenegocios.pt"
PT,Portugal,2021-07-01T00:00:00Z,2021-08-01T00:00:00Z,2493,57,0.02286401925391095,-2.1092857546141595,58,0.023265142398716406,-2.102773961113945,"rtp.pt,publico.pt,observador.pt,sicnoticias.pt,jornaldenegocios.pt"
PT,Portugal,2021-08-01T00:00:00Z,2021-09-01T00:00:00Z,2232,54,0.024193548387096774,-2.9131643249212913,54,0.024193548387096774,-2.9131643249212913,"rtp.pt,publico.pt,observador.pt,sicnoticias.pt,jornaldenegocios.pt"
PT,Portugal,2021-09-01T00:00:00Z,2021-10-01T00:00:00Z,3130,62,0.019808306709265176,-2.6719975676305547,64,0.020447284345047924,-2.6038795450602468,"rtp.pt,publico.pt,observador.pt,sicnoticias.pt,jornaldenegocios.pt"
PT,Portugal,2021-10-01T00:00:00Z,2021-11-01T00:00:00Z,3986,50,0.012543903662819869,-2.213276058051732,57,0.014300050175614651,-2.153380695261786,"rtp.pt,publico.pt,observador.pt,sicnoticias.pt,jornaldenegocios.pt"
PT,Portugal,2021-11-01T00:00:00Z,2021-12-01T00:00:00Z,3380,49,0.014497041420118343,-2.173517589354014,55,0.016272189349112426,-2.186131893741152,"rtp.pt,publico.pt,observador.pt,sicnoticias.pt,jornaldenegocios.pt"
PT,Portugal,2021-12-01T00:00:00Z,2022-01-01T00:00:00Z,3119,52,0.01667201025969862,-2.8997332861675784,53,0.016992625841615903,-2.797851526051209,"rtp.pt,publico.pt,observador.pt,sicnoticias.pt,jornaldenegocios.pt"
PT,Portugal,2022-01-01T00:00:00Z,2022-02-01T00:00:00Z,3400,33,0.009705882352941177,-3.2025966156324435,36,0.010588235294117647,-2.976011574997137,"rtp.pt,publico.pt,observador.pt,sicnoticias.pt,jornaldenegocios.pt"
PT,Portugal,2022-02-01T00:00:00Z,2022-03-01T00:00:00Z,3369,48,0.014247551202137132,-4.51412007449531,51,0.015138023152270703,-4.259102405004743,"rtp.pt,publico.pt,observador.pt,sicnoticias.pt,jornaldenegocios.pt"
PT,Portugal,2022-03-01T00:00:00Z,2022-04-01T00:00:00Z,3780,41,0.010846560846560847,-3.033813321607067,44,0.01164021164021164,-3.031459044212974,"rtp.pt,publico.pt,observador.pt,sicnoticias.pt,jornaldenegocios.pt"
PT,Portugal,2022-04-01T00:00:00Z,2022-05-01T00:00:00Z,3321,42,0.012646793134598013,-3.592463481484178,42,0.012646793134598013,-3.592463481484178,"rtp.pt,publico.pt,observador.pt,sicnoticias.pt,jornaldenegocios.pt"
PT,Portugal,2022-05-01T00:00:00Z,2022-06-01T00:00:00Z,3578,52,0.014533258803801007,-3.244012456965841,56,0.015651201788708775,-2.9526696922990294,"rtp.pt,publico.pt,observador.pt,sicnoticias.pt,jornaldenegocios.pt"
PT,Portugal,2022-06-01T00:00:00Z,2022-07-01T00:00:00Z,3186,38,0.011927181418706842,-2.102873355912812,42,0.013182674199623353,-2.0391573367109257,"rtp.pt,publico.pt,observador.pt,sicnoticias.pt,jornaldenegocios.pt"
PT,Portugal,2022-07-01T00:00:00Z,2022-08-01T00:00:00Z,3409,101,0.029627456732179525,-3.141170608405541,103,0.030214139043707833,-3.116853767268302,"rtp.pt,publico.pt,observador.pt,sicnoticias.pt,jornaldenegocios.pt"
PT,Portugal,2022-08-01T00:00:00Z,2022-09-01T00:00:00Z,3011,63,0.020923281301893058,-3.2477277649472267,92,0.030554633012288276,-2.7437254309255223,"rtp.pt,publico.pt,observador.pt,sicnoticias.pt,jornaldenegocios.pt"
PT,Portugal,2022-09-01T00:00:00Z,2022-10-01T00:00:00Z,3461,51,0.01473562554175094,-2.3120466984986137,53,0.015313493210054898,-2.300276222412831,"rtp.pt,publico.pt,observador.pt,sicnoticias.pt,jornaldenegocios.pt"
PT,Portugal,2022-10-01T00:00:00Z,2022-11-01T00:00:00Z,5318,75,0.014103046257991726,-3.075274041404725,81,0.015231289958631064,-2.9216445055133162,"rtp.pt,publico.pt,observador.pt,sicnoticias.pt,jornaldenegocios.pt"
PT,Portugal,2022-11-01T00:00:00Z,2022-12-01T00:00:00Z,4665,81,0.017363344051446947,-2.6269520036130145,87,0.01864951768488746,-2.5547722871328538,"rtp.pt,publico.pt,observador.pt,sicnoticias.pt,jornaldenegocios.pt"
PT,Portugal,2022-12-01T00:00:00Z,2023-01-01T00:00:00Z,3650,55,0.015068493150684932,-2.370947550017964,57,0.015616438356164384,-2.3447622470671203,"rtp.pt,publico.pt,observador.pt,sicnoticias.pt,jornaldenegocios.pt"
PT,Portugal,2023-01-01T00:00:00Z,2023-02-01T00:00:00Z,4692,59,0.01257459505541347,-3.16399011319153,67,0.014279624893435636,-2.9871119450577557,"rtp.pt,publico.pt,observador.pt,sicnoticias.pt,jornaldenegocios.pt"
PT,Portugal,2023-02-01T00:00:00Z,2023-03-01T00:00:00Z,4567,69,0.015108386249178892,-2.9721646855401977,73,0.01598423472739216,-2.8498213394291807,"rtp.pt,publico.pt,observador.pt,sicnoticias.pt,jornaldenegocios.pt"
PT,Portugal,2023-03-01T00:00:00Z,2023-04-01T00:00:00Z,6793,112,0.01648756072427499,-3.2990443891460104,125,0.018401295451199763,-2.944175325593618,"rtp.pt,publico.pt,observador.pt,sicnoticias.pt,jornaldenegocios.pt"
PT,Portugal,2023-04-01T00:00:00Z,2023-05-01T00:00:00Z,8005,127,0.015865084322298564,-1.5446633362976419,145,0.01811367895065584,-1.4667803925348504,"rtp.pt,publico.pt,observador.pt,sicnoticias.pt,jornaldenegocios.pt"
PT,Portugal,2023-05-01T00:00:00Z,2023-06-01T00:00:00Z,9193,168,0.0182747742847819,-1.3892113244831823,174,0.01892744479495268,-1.3910004094149797,"rtp.pt,publico.pt,observador.pt,sicnoticias.pt,jornaldenegocios.pt"
PT,Portugal,2023-06-01T00:00:00Z,2023-07-01T00:00:00Z,8310,147,0.01768953068592058,-2.042661420328797,157,0.018892900120336942,-1.9614841602971913,"rtp.pt,publico.pt,observador.pt,sicnoticias.pt,jornaldenegocios.pt"
PT,Portugal,2023-07-01T00:00:00Z,2023-08-01T00:00:00Z,8207,155,0.01888631655903497,-2.8128806002303737,162,0.01973924698428171,-2.718303308543674,"rtp.pt,publico.pt,observador.pt,sicnoticias.pt,jornaldenegocios.pt"
PT,Portugal,2023-08-01T00:00:00Z,2023-09-01T00:00:00Z,7426,141,0.0189873417721519,-3.0858613326494364,153,0.02060328575276057,-2.9278463880736902,"rtp.pt,publico.pt,observador.pt,sicnoticias.pt,jornaldenegocios.pt"
PT,Portugal,2023-09-01T00:00:00Z,2023-10-01T00:00:00Z,8057,133,0.016507384882710686,-1.8224013728757686,139,0.017252078937569814,-1.7347247976472742,"rtp.pt,publico.pt,observador.pt,sicnoticias.pt,jornaldenegocios.pt"
PT,Portugal,2023-10-01T00:00:00Z,2023-11-01T00:00:00Z,8452,115,0.013606247042120208,-2.2331010583301425,123,0.014552768575485093,-2.174283799099581,"rtp.pt,publico.pt,observador.pt,sicnoticias.pt,jornaldenegocios.pt"
PT,Portugal,2023-11-01T00:00:00Z,2023-12-01T00:00:00Z,7900,117,0.01481012658227848,-1.5734440466013435,121,0.015316455696202531,-1.5885120905267283,"rtp.pt,publico.pt,observador.pt,sicnoticias.pt,jornaldenegocios.pt"
PT,Portugal,2023-12-01T00:00:00Z,2024-01-01T00:00:00Z,7462,136,0.018225676762262128,-1.6518383390990456,145,0.019431787724470653,-1.5968512990576147,"rtp.pt,publico.pt,observador.pt,sicnoticias.pt,jornaldenegocios.pt"
PT,Portugal,2024-01-01T00:00:00Z,2024-02-01T00:00:00Z,8737,188,0.021517683415359964,-1.938734353726416,232,0.026553736980656977,-1.6037334730756154,"rtp.pt,publico.pt,observador.pt,sicnoticias.pt,jornaldenegocios.pt"
PT,Portugal,2024-02-01T00:00:00Z,2024-03-01T00:00:00Z,8107,193,0.023806586900209696,-1.8686702960652959,205,0.025286789194523252,-1.8417256365652643,"rtp.pt,publico.pt,observador.pt,sicnoticias.pt,jornaldenegocios.pt"
PT,Portugal,2024-03-01T00:00:00Z,2024-04-01T00:00:00Z,7834,147,0.018764360479959153,-1.9912640452839105,151,0.01927495532295124,-1.965256234617352,"rtp.pt,publico.pt,observador.pt,sicnoticias.pt,jornaldenegocios.pt"
PT,Portugal,2024-04-01T00:00:00Z,2024-05-01T00:00:00Z,8141,174,0.02137329566392335,-1.9751394081029447,190,0.02333865618474389,-1.9038195829218154,"rtp.pt,publico.pt,observador.pt,sicnoticias.pt,jornaldenegocios.pt"
PT,Portugal,2024-05-01T00:00:00Z,2024-06-01T00:00:00Z,9763,203,0.02079278910171054,-1.2684169096775926,217,0.022226774557000922,-1.1825159269786452,"rtp.pt,publico.pt,observador.pt,sicnoticias.pt,jornaldenegocios.pt"
PT,Portugal,2024-06-01T00:00:00Z,2024-07-01T00:00:00Z,8876,153,0.017237494366831908,-1.3912128258990637,158,0.017800811176205498,-1.418541664118738,"rtp.pt,publico.pt,observador.pt,sicnoticias.pt,jornaldenegocios.pt"
PT,Portugal,2024-07-01T00:00:00Z,2024-08-01T00:00:00Z,9026,168,0.018612896077996897,-1.6796679348645691,176,0.019499224462663417,-1.672028967278719,"rtp.pt,publico.pt,observador.pt,sicnoticias.pt,jornaldenegocios.pt"
PT,Portugal,2024-08-01T00:00:00Z,2024-09-01T00:00:00Z,7910,175,0.022123893805309734,-2.325152008377398,183,0.02313527180783818,-2.240659043452703,"rtp.pt,publico.pt,observador.pt,sicnoticias.pt,jornaldenegocios.pt"
PT,Portugal,2024-09-01T00:00:00Z,2024-10-01T00:00:00Z,8169,175,0.021422450728363324,-1.7581204688120973,186,0.022769004774146163,-1.7608448392806582,"rtp.pt,publico.pt,observador.pt,sicnoticias.pt,jornaldenegocios.pt"
PT,Portugal,2024-10-01T00:00:00Z,2024-11-01T00:00:00Z,8911,197,0.02210750757490742,-1.8626738988761233,215,0.02412748288632028,-1.7897994172923772,"rtp.pt,publico.pt,observador.pt,sicnoticias.pt,jornaldenegocios.pt"
PT,Portugal,2024-11-01T00:00:00Z,2024-12-01T00:00:00Z,9030,217,0.024031007751937984,-1.4031683708717677,225,0.024916943521594685,-1.3682639254929605,"rtp.pt,publico.pt,observador.pt,sicnoticias.pt,jornaldenegocios.pt"
PT,Portugal,2024-12-01T00:00:00Z,2025-01-01T00:00:00Z,8272,204,0.024661508704061894,-2.214178352812666,219,0.026474854932301742,-2.115863849032672,"rtp.pt,publico.pt,observador.pt,sicnoticias.pt,jornaldenegocios.pt"
PT,Portugal,2025-01-01T00:00:00Z,2025-02-01T00:00:00Z,9219,261,0.028311096648226487,-1.9187226137618583,268,0.02907039809089923,-1.8705913513289576,"rtp.pt,publico.pt,observador.pt,sicnoticias.pt,jornaldenegocios.pt"
PT,Portugal,2025-02-01T00:00:00Z,2025-03-01T00:00:00Z,9029,254,0.028131576032783254,-1.6981651039184613,257,0.028463838741831875,-1.685971675910563,"rtp.pt,publico.pt,observador.pt,sicnoticias.pt,jornaldenegocios.pt"
PT,Portugal,2025-03-01T00:00:00Z,2025-04-01T00:00:00Z,9344,209,0.022367294520547944,-1.4712526271000113,217,0.023223458904109588,-1.489470007603655,"rtp.pt,publico.pt,observador.pt,sicnoticias.pt,jornaldenegocios.pt"
PT,Portugal,2025-04-01T00:00:00Z,2025-05-01T00:00:00Z,8370,223,0.026642771804062125,-1.7840198662973756,232,0.027718040621266427,-1.781713513194145,"rtp.pt,publico.pt,observador.pt,sicnoticias.pt,jornaldenegocios.pt"
PT,Portugal,2025-05-01T00:00:00Z,2025-06-01T00:00:00Z,8792,233,0.026501364877161055,-1.8016592811249563,238,0.027070063694267517,-1.7768376554216618,"rtp.pt,publico.pt,observador.pt,sicnoticias.pt,jornaldenegocios.pt"
PT,Portugal,2025-06-01T00:00:00Z,2025-07-01T00:00:00Z,3133,83,0.026492180019150973,-2.126300866953639,86,0.027449728694541972,-2.130617275833937,"rtp.pt,publico.pt,observador.pt,sicnoticias.pt,jornaldenegocios.pt"
PT,Portugal,2025-07-01T00:00:00Z,2025-08-01T00:00:00Z,8176,254,0.031066536203522503,-1.9893571585436476,268,0.03277886497064579,-1.9153659345461582,"rtp.pt,publico.pt,observador.pt,sicnoticias.pt,jornaldenegocios.pt"
PT,Portugal,2025-08-01T00:00:00Z,2025-09-01T00:00:00Z,6597,225,0.034106412005457026,-2.205462787846197,233,0.03531908443231772,-2.128215356570096,"rtp.pt,publico.pt,observador.pt,sicnoticias.pt,jornaldenegocios.pt"
PT,Portugal,2025-09-01T00:00:00Z,2025-10-01T00:00:00Z,8274,258,0.03118201595358956,-2.271790512179705,263,0.031786318588349044,-2.2308645510683016,"rtp.pt,publico.pt,observador.pt,sicnoticias.pt,jornaldenegocios.pt"
PT,Portugal,2025-10-01T00:00:00Z,2025-11-01T00:00:00Z,9809,303,0.030889998980528088,-2.317984997380732,317,0.03231725965949638,-2.225650546752351,"rtp.pt,publico.pt,observador.pt,sicnoticias.pt,jornaldenegocios.pt"
PT,Portugal,2025-11-01T00:00:00Z,2025-12-01T00:00:00Z,8738,336,0.038452735179674985,-2.28120932670718,358,0.04097047379262989,-2.2794341253955204,"rtp.pt,publico.pt,observador.pt,sicnoticias.pt,jornaldenegocios.pt"
PT,Portugal,2025-12-01T00:00:00Z,2026-01-01T00:00:00Z,7378,278,0.03767958796421794,-2.3846960585131525,293,0.03971265925725129,-2.3520437519114776,"rtp.pt,publico.pt,observador.pt,sicnoticias.pt,jornaldenegocios.pt"
PT,Portugal,2026-01-01T00:00:00Z,2026-02-01T00:00:00Z,7921,246,0.031056684762024996,-2.317399464563826,271,0.034212851912637295,-2.129717568626889,"rtp.pt,publico.pt,observador.pt,sicnoticias.pt,jornaldenegocios.pt"
PT,Portugal,2026-02-01T00:00:00Z,2026-03-01T00:00:00Z,7116,322,0.04525014052838673,-2.127823836666144,333,0.046795952782462055,-2.0188275853370055,"rtp.pt,publico.pt,observador.pt,sicnoticias.pt,jornaldenegocios.pt"
PT,Portugal,2026-03-01T00:00:00Z,2026-04-01T00:00:00Z,2833,103,0.03635721849629368,-2.306261645878167,105,0.0370631839039887,-2.33287966985528,"rtp.pt,publico.pt,observador.pt,sicnoticias.pt,jornaldenegocios.pt"
SI,Slovenia,2018-06-01T00:00:00Z,2018-07-01T00:00:00Z,6118,88,0.014383785550833606,-0.7585526108384026,89,0.014547237659365806,-0.7813304792678218,"24ur.com,rtvslo.si,delo.si,dnevnik.si,vecer.com"
SI,Slovenia,2018-07-01T00:00:00Z,2018-08-01T00:00:00Z,5962,62,0.01039919490103992,-0.5323678419835373,62,0.01039919490103992,-0.5323678419835373,"24ur.com,rtvslo.si,delo.si,dnevnik.si,vecer.com"
SI,Slovenia,2018-08-01T00:00:00Z,2018-09-01T00:00:00Z,5494,22,0.004004368401892974,0.3414235000220835,22,0.004004368401892974,0.3414235000220835,"24ur.com,rtvslo.si,delo.si,dnevnik.si,vecer.com"
SI,Slovenia,2018-09-01T00:00:00Z,2018-10-01T00:00:00Z,6629,75,0.011313923668728316,-0.5200306827713627,79,0.011917332931060492,-0.43739003396114645,"24ur.com,rtvslo.si,delo.si,dnevnik.si,vecer.com"
SI,Slovenia,2018-10-01T00:00:00Z,2018-11-01T00:00:00Z,7580,59,0.007783641160949868,-0.5319460334566682,59,0.007783641160949868,-0.5319460334566682,"24ur.com,rtvslo.si,delo.si,dnevnik.si,vecer.com"
SI,Slovenia,2018-11-01T00:00:00Z,2018-12-01T00:00:00Z,7856,43,0.005473523421588595,0.32130267279219343,45,0.0057281059063136455,0.3703812836327117,"24ur.com,rtvslo.si,delo.si,dnevnik.si,vecer.com"
SI,Slovenia,2018-12-01T00:00:00Z,2019-01-01T00:00:00Z,7051,22,0.0031201248049922,0.5705047888875606,22,0.0031201248049922,0.5705047888875606,"24ur.com,rtvslo.si,delo.si,dnevnik.si,vecer.com"
SI,Slovenia,2019-01-01T00:00:00Z,2019-02-01T00:00:00Z,7325,55,0.007508532423208191,-1.6845537655548246,55,0.007508532423208191,-1.6845537655548246,"24ur.com,rtvslo.si,delo.si,dnevnik.si,vecer.com"
SI,Slovenia,2019-02-01T00:00:00Z,2019-03-01T00:00:00Z,6866,39,0.005680163122633266,-0.5223492059569597,39,0.005680163122633266,-0.5223492059569597,"24ur.com,rtvslo.si,delo.si,dnevnik.si,vecer.com"
SI,Slovenia,2019-03-01T00:00:00Z,2019-04-01T00:00:00Z,7856,84,0.010692464358452138,-1.321220808794695,85,0.010819755600814664,-1.2687474645392893,"24ur.com,rtvslo.si,delo.si,dnevnik.si,vecer.com"
SI,Slovenia,2019-04-01T00:00:00Z,2019-05-01T00:00:00Z,7576,87,0.01148363252375924,0.09421009997185109,87,0.01148363252375924,0.09421009997185109,"24ur.com,rtvslo.si,delo.si,dnevnik.si,vecer.com"
SI,Slovenia,2019-05-01T00:00:00Z,2019-06-01T00:00:00Z,8019,84,0.010475121586232696,-0.09148952750782559,85,0.010599825414640229,-0.08384988535140403,"24ur.com,rtvslo.si,delo.si,dnevnik.si,vecer.com"
SI,Slovenia,2019-06-01T00:00:00Z,2019-07-01T00:00:00Z,7844,80,0.010198878123406425,0.24210372159088325,80,0.010198878123406425,0.24210372159088325,"24ur.com,rtvslo.si,delo.si,dnevnik.si,vecer.com"
SI,Slovenia,2019-07-01T00:00:00Z,2019-08-01T00:00:00Z,8168,69,0.008447600391772772,0.7038081605394303,69,0.008447600391772772,0.7038081605394303,"24ur.com,rtvslo.si,delo.si,dnevnik.si,vecer.com"
SI,Slovenia,2019-08-01T00:00:00Z,2019-09-01T00:00:00Z,6950,37,0.005323741007194244,-0.8195750232567672,38,0.005467625899280576,-0.7468589806264359,"24ur.com,rtvslo.si,delo.si,dnevnik.si,vecer.com"
SI,Slovenia,2019-09-01T00:00:00Z,2019-10-01T00:00:00Z,7964,53,0.006654947262682069,0.3293904921534945,53,0.006654947262682069,0.3293904921534945,"24ur.com,rtvslo.si,delo.si,dnevnik.si,vecer.com"
SI,Slovenia,2019-10-01T00:00:00Z,2019-11-01T00:00:00Z,8103,57,0.007034431691965938,-0.8303064846877977,57,0.007034431691965938,-0.8303064846877977,"24ur.com,rtvslo.si,delo.si,dnevnik.si,vecer.com"
SI,Slovenia,2019-11-01T00:00:00Z,2019-12-01T00:00:00Z,8153,34,0.004170244081933031,-0.47680586740701375,36,0.004415552557340856,-0.4164727715363784,"24ur.com,rtvslo.si,delo.si,dnevnik.si,vecer.com"
SI,Slovenia,2019-12-01T00:00:00Z,2020-01-01T00:00:00Z,7694,18,0.002339485313231089,0.7178354647174918,21,0.002729399532102937,0.6414008501935082,"24ur.com,rtvslo.si,delo.si,dnevnik.si,vecer.com"
SI,Slovenia,2020-01-01T00:00:00Z,2020-02-01T00:00:00Z,7873,31,0.00393750793852407,0.0632820155398344,34,0.004318557093865108,0.05106164476004514,"24ur.com,rtvslo.si,delo.si,dnevnik.si,vecer.com"
SI,Slovenia,2020-02-01T00:00:00Z,2020-03-01T00:00:00Z,7166,28,0.003907340217694669,-1.7100712226690717,28,0.003907340217694669,-1.7100712226690717,"24ur.com,rtvslo.si,delo.si,dnevnik.si,vecer.com"
SI,Slovenia,2020-03-01T00:00:00Z,2020-04-01T00:00:00Z,8244,18,0.002183406113537118,-0.5246842660975201,18,0.002183406113537118,-0.5246842660975201,"24ur.com,rtvslo.si,delo.si,dnevnik.si,vecer.com"
SI,Slovenia,2020-04-01T00:00:00Z,2020-05-01T00:00:00Z,8001,9,0.0011248593925759281,-1.7214823371583117,9,0.0011248593925759281,-1.7214823371583117,"24ur.com,rtvslo.si,delo.si,dnevnik.si,vecer.com"
SI,Slovenia,2020-05-01T00:00:00Z,2020-06-01T00:00:00Z,7732,9,0.0011639937920331091,-1.2606958230647594,12,0.0015519917227108122,-1.2181816941610677,"24ur.com,rtvslo.si,delo.si,dnevnik.si,vecer.com"
SI,Slovenia,2020-06-01T00:00:00Z,2020-07-01T00:00:00Z,7308,26,0.0035577449370552817,-0.8621000500140155,26,0.0035577449370552817,-0.8621000500140155,"24ur.com,rtvslo.si,delo.si,dnevnik.si,vecer.com"
SI,Slovenia,2020-07-01T00:00:00Z,2020-08-01T00:00:00Z,7151,15,0.0020976087260523003,0.7183729845456186,15,0.0020976087260523003,0.7183729845456186,"24ur.com,rtvslo.si,delo.si,dnevnik.si,vecer.com"
SI,Slovenia,2020-08-01T00:00:00Z,2020-09-01T00:00:00Z,6435,13,0.00202020202020202,-1.1433434328969272,14,0.0021756021756021756,-1.2406006140013326,"24ur.com,rtvslo.si,delo.si,dnevnik.si,vecer.com"
SI,Slovenia,2020-09-01T00:00:00Z,2020-10-01T00:00:00Z,5717,20,0.0034983382893125766,1.3032333927871798,20,0.0034983382893125766,1.3032333927871798,"24ur.com,rtvslo.si,delo.si,dnevnik.si,vecer.com"
SI,Slovenia,2020-10-01T00:00:00Z,2020-11-01T00:00:00Z,3645,10,0.0027434842249657062,-0.04076176800667805,10,0.0027434842249657062,-0.04076176800667805,"24ur.com,rtvslo.si,delo.si,dnevnik.si,vecer.com"
SI,Slovenia,2020-11-01T00:00:00Z,2020-12-01T00:00:00Z,3713,2,0.0005386479935362241,-1.782086702149272,2,0.0005386479935362241,-1.782086702149272,"24ur.com,rtvslo.si,delo.si,dnevnik.si,vecer.com"
SI,Slovenia,2020-12-01T00:00:00Z,2021-01-01T00:00:00Z,5741,11,0.0019160425013063926,-1.3905327685399025,11,0.0019160425013063926,-1.3905327685399025,"24ur.com,rtvslo.si,delo.si,dnevnik.si,vecer.com"
SI,Slovenia,2021-01-01T00:00:00Z,2021-02-01T00:00:00Z,5522,2,0.0003621876131836291,-5.60304689537006,3,0.0005432814197754436,-4.4310167708264165,"24ur.com,rtvslo.si,delo.si,dnevnik.si,vecer.com"
SI,Slovenia,2021-02-01T00:00:00Z,2021-03-01T00:00:00Z,4954,13,0.0026241421073879695,-0.3179424568141891,17,0.003431570448122729,-0.20544260755505572,"24ur.com,rtvslo.si,delo.si,dnevnik.si,vecer.com"
SI,Slovenia,2021-03-01T00:00:00Z,2021-04-01T00:00:00Z,5871,18,0.0030659172202350538,-0.5048917745614084,19,0.003236245954692557,-0.45656993692681486,"24ur.com,rtvslo.si,delo.si,dnevnik.si,vecer.com"
SI,Slovenia,2021-04-01T00:00:00Z,2021-05-01T00:00:00Z,5357,13,0.0024267313795034535,-0.16272985934320597,13,0.0024267313795034535,-0.16272985934320597,"24ur.com,rtvslo.si,delo.si,dnevnik.si,vecer.com"
SI,Slovenia,2021-05-01T00:00:00Z,2021-06-01T00:00:00Z,6126,25,0.004080966372837088,-1.851821304492435,29,0.004733920992491022,-2.1512923444922154,"24ur.com,rtvslo.si,delo.si,dnevnik.si,vecer.com"
SI,Slovenia,2021-06-01T00:00:00Z,2021-07-01T00:00:00Z,7361,8,0.0010868088574921885,0.8570817864507236,8,0.0010868088574921885,0.8570817864507236,"24ur.com,rtvslo.si,delo.si,dnevnik.si,vecer.com"
SI,Slovenia,2021-07-01T00:00:00Z,2021-08-01T00:00:00Z,7467,15,0.002008838891120932,-1.3383605084520924,15,0.002008838891120932,-1.3383605084520924,"24ur.com,rtvslo.si,delo.si,dnevnik.si,vecer.com"
SI,Slovenia,2021-08-01T00:00:00Z,2021-09-01T00:00:00Z,6189,11,0.001777346905800614,-2.667761233216667,13,0.002100500888673453,-2.476349613063867,"24ur.com,rtvslo.si,delo.si,dnevnik.si,vecer.com"
SI,Slovenia,2021-09-01T00:00:00Z,2021-10-01T00:00:00Z,7580,21,0.002770448548812665,-3.6027321726000943,22,0.0029023746701846965,-3.3122289070060473,"24ur.com,rtvslo.si,delo.si,dnevnik.si,vecer.com"
SI,Slovenia,2021-10-01T00:00:00Z,2021-11-01T00:00:00Z,8338,34,0.004077716478771888,-1.7856167242400498,37,0.004437514991604701,-1.7765757453650315,"24ur.com,rtvslo.si,delo.si,dnevnik.si,vecer.com"
SI,Slovenia,2021-11-01T00:00:00Z,2021-12-01T00:00:00Z,8141,17,0.0020881955533718216,-2.0718888211044084,20,0.0024567006510256726,-1.7115383983716481,"24ur.com,rtvslo.si,delo.si,dnevnik.si,vecer.com"
SI,Slovenia,2021-12-01T00:00:00Z,2022-01-01T00:00:00Z,8297,12,0.001446305893696517,-2.642826614955881,12,0.001446305893696517,-2.642826614955881,"24ur.com,rtvslo.si,delo.si,dnevnik.si,vecer.com"
SI,Slovenia,2022-01-01T00:00:00Z,2022-02-01T00:00:00Z,6926,16,0.002310135720473578,-2.434503876955051,21,0.003032053133121571,-1.890022154126311,"24ur.com,rtvslo.si,delo.si,dnevnik.si,vecer.com"
SI,Slovenia,2022-02-01T00:00:00Z,2022-03-01T00:00:00Z,5674,9,0.0015861825872400424,0.8892373655343995,11,0.0019386676066267183,0.7131417231393526,"24ur.com,rtvslo.si,delo.si,dnevnik.si,vecer.com"
SI,Slovenia,2022-03-01T00:00:00Z,2022-04-01T00:00:00Z,6148,13,0.002114508783344177,-0.051665869716178564,13,0.002114508783344177,-0.051665869716178564,"24ur.com,rtvslo.si,delo.si,dnevnik.si,vecer.com"
SI,Slovenia,2022-04-01T00:00:00Z,2022-05-01T00:00:00Z,6050,11,0.0018181818181818182,-1.407820765829609,11,0.0018181818181818182,-1.407820765829609,"24ur.com,rtvslo.si,delo.si,dnevnik.si,vecer.com"
SI,Slovenia,2022-05-01T00:00:00Z,2022-06-01T00:00:00Z,5938,9,0.0015156618390030313,2.115103187801401,12,0.0020208824520040417,1.4819898657918202,"24ur.com,rtvslo.si,delo.si,dnevnik.si,vecer.com"
SI,Slovenia,2022-06-01T00:00:00Z,2022-07-01T00:00:00Z,5868,6,0.0010224948875255625,-2.3934425349357884,6,0.0010224948875255625,-2.3934425349357884,"24ur.com,rtvslo.si,delo.si,dnevnik.si,vecer.com"
SI,Slovenia,2022-07-01T00:00:00Z,2022-08-01T00:00:00Z,6087,11,0.0018071299490717923,1.4952892577839123,11,0.0018071299490717923,1.4952892577839123,"24ur.com,rtvslo.si,delo.si,dnevnik.si,vecer.com"
SI,Slovenia,2022-08-01T00:00:00Z,2022-09-01T00:00:00Z,4348,1,0.00022999080036798528,-1.16666666666667,12,0.0027598896044158236,-2.4605282089788245,"24ur.com,rtvslo.si,delo.si,dnevnik.si,vecer.com"
SI,Slovenia,2022-09-01T00:00:00Z,2022-10-01T00:00:00Z,3152,1,0.00031725888324873094,0.719424460431655,1,0.00031725888324873094,0.719424460431655,"24ur.com,rtvslo.si,delo.si,dnevnik.si,vecer.com"
SI,Slovenia,2022-10-01T00:00:00Z,2022-11-01T00:00:00Z,3454,4,0.0011580775911986102,3.402728546030587,4,0.0011580775911986102,3.402728546030587,"24ur.com,rtvslo.si,delo.si,dnevnik.si,vecer.com"
SI,Slovenia,2022-11-01T00:00:00Z,2022-12-01T00:00:00Z,3217,3,0.0009325458501709667,1.0251285485469963,3,0.0009325458501709667,1.0251285485469963,"24ur.com,rtvslo.si,delo.si,dnevnik.si,vecer.com"
SI,Slovenia,2022-12-01T00:00:00Z,2023-01-01T00:00:00Z,3012,5,0.0016600265604249668,1.3573221044262358,5,0.0016600265604249668,1.3573221044262358,"24ur.com,rtvslo.si,delo.si,dnevnik.si,vecer.com"
SI,Slovenia,2023-01-01T00:00:00Z,2023-02-01T00:00:00Z,3164,7,0.0022123893805309734,-4.037140231203622,7,0.0022123893805309734,-4.037140231203622,"24ur.com,rtvslo.si,delo.si,dnevnik.si,vecer.com"
SI,Slovenia,2023-02-01T00:00:00Z,2023-03-01T00:00:00Z,2845,9,0.003163444639718805,2.743672682597681,9,0.003163444639718805,2.743672682597681,"24ur.com,rtvslo.si,delo.si,dnevnik.si,vecer.com"
SI,Slovenia,2023-03-01T00:00:00Z,2023-04-01T00:00:00Z,4098,6,0.0014641288433382138,1.3831364132087784,8,0.0019521717911176184,1.4314715428560234,"24ur.com,rtvslo.si,delo.si,dnevnik.si,vecer.com"
SI,Slovenia,2023-04-01T00:00:00Z,2023-05-01T00:00:00Z,7025,7,0.00099644128113879,0.03818196430976356,17,0.002419928825622776,-1.1344788918535134,"24ur.com,rtvslo.si,delo.si,dnevnik.si,vecer.com"
SI,Slovenia,2023-05-01T00:00:00Z,2023-06-01T00:00:00Z,7572,17,0.0022451135763338617,1.0283335550914192,17,0.0022451135763338617,1.0283335550914192,"24ur.com,rtvslo.si,delo.si,dnevnik.si,vecer.com"
SI,Slovenia,2023-06-01T00:00:00Z,2023-07-01T00:00:00Z,7129,13,0.0018235376630663486,0.950094943118654,15,0.00210408191892271,0.2781334571753254,"24ur.com,rtvslo.si,delo.si,dnevnik.si,vecer.com"
SI,Slovenia,2023-07-01T00:00:00Z,2023-08-01T00:00:00Z,6961,30,0.0043097256141359,-2.3047384439296392,32,0.004597040655078293,-2.051807273762434,"24ur.com,rtvslo.si,delo.si,dnevnik.si,vecer.com"
SI,Slovenia,2023-08-01T00:00:00Z,2023-09-01T00:00:00Z,7143,48,0.006719865602687947,-2.1097964980148394,50,0.006999860002799944,-2.173552786242394,"24ur.com,rtvslo.si,delo.si,dnevnik.si,vecer.com"
SI,Slovenia,2023-09-01T00:00:00Z,2023-10-01T00:00:00Z,7002,31,0.004427306483861753,-0.9807533171699293,31,0.004427306483861753,-0.9807533171699293,"24ur.com,rtvslo.si,delo.si,dnevnik.si,vecer.com"
SI,Slovenia,2023-10-01T00:00:00Z,2023-11-01T00:00:00Z,7061,33,0.004673558985979323,-0.2314652962271419,35,0.004956804985129585,-0.3192488088814064,"24ur.com,rtvslo.si,delo.si,dnevnik.si,vecer.com"
SI,Slovenia,2023-11-01T00:00:00Z,2023-12-01T00:00:00Z,7239,15,0.0020721094073767096,1.0677824106056195,15,0.0020721094073767096,1.0677824106056195,"24ur.com,rtvslo.si,delo.si,dnevnik.si,vecer.com"
SI,Slovenia,2023-12-01T00:00:00Z,2024-01-01T00:00:00Z,7248,22,0.0030353200883002206,-0.30173464503130254,23,0.0031732891832229582,-0.35162771969597806,"24ur.com,rtvslo.si,delo.si,dnevnik.si,vecer.com"
SI,Slovenia,2024-01-01T00:00:00Z,2024-02-01T00:00:00Z,7674,8,0.0010424811050299713,-0.8678327787619952,17,0.002215272348188689,0.33679583591692286,"24ur.com,rtvslo.si,delo.si,dnevnik.si,vecer.com"
SI,Slovenia,2024-02-01T00:00:00Z,2024-03-01T00:00:00Z,7001,15,0.0021425510641336952,-0.6795543059806499,15,0.0021425510641336952,-0.6795543059806499,"24ur.com,rtvslo.si,delo.si,dnevnik.si,vecer.com"
SI,Slovenia,2024-03-01T00:00:00Z,2024-04-01T00:00:00Z,7677,12,0.0015631105900742479,1.1294642026197568,12,0.0015631105900742479,1.1294642026197568,"24ur.com,rtvslo.si,delo.si,dnevnik.si,vecer.com"
SI,Slovenia,2024-04-01T00:00:00Z,2024-05-01T00:00:00Z,7315,16,0.0021872863978127134,-0.10472706477025384,22,0.0030075187969924814,-1.0978706741351338,"24ur.com,rtvslo.si,delo.si,dnevnik.si,vecer.com"
SI,Slovenia,2024-05-01T00:00:00Z,2024-06-01T00:00:00Z,7558,120,0.01587721619476052,-1.6201540357017294,123,0.016274146599629533,-1.6156725626256125,"24ur.com,rtvslo.si,delo.si,dnevnik.si,vecer.com"
SI,Slovenia,2024-06-01T00:00:00Z,2024-07-01T00:00:00Z,7338,50,0.00681384573453257,-1.2158141191955512,50,0.00681384573453257,-1.2158141191955512,"24ur.com,rtvslo.si,delo.si,dnevnik.si,vecer.com"
SI,Slovenia,2024-07-01T00:00:00Z,2024-08-01T00:00:00Z,6984,25,0.003579610538373425,-0.8328851443392019,27,0.003865979381443299,-0.7120253525564141,"24ur.com,rtvslo.si,delo.si,dnevnik.si,vecer.com"
SI,Slovenia,2024-08-01T00:00:00Z,2024-09-01T00:00:00Z,5327,15,0.002815843814529754,-1.0085700963086754,15,0.002815843814529754,-1.0085700963086754,"24ur.com,rtvslo.si,delo.si,dnevnik.si,vecer.com"
SI,Slovenia,2024-09-01T00:00:00Z,2024-10-01T00:00:00Z,5938,7,0.0011788480970023577,0.6112425581269384,7,0.0011788480970023577,0.6112425581269384,"24ur.com,rtvslo.si,delo.si,dnevnik.si,vecer.com"
SI,Slovenia,2024-10-01T00:00:00Z,2024-11-01T00:00:00Z,6114,13,0.0021262675825973174,-0.7197237139714678,16,0.0026169447170428526,-0.6591656011159885,"24ur.com,rtvslo.si,delo.si,dnevnik.si,vecer.com"
SI,Slovenia,2024-11-01T00:00:00Z,2024-12-01T00:00:00Z,6059,12,0.001980524839082357,1.4603080854668988,14,0.0023106123122627496,0.41311822120582875,"24ur.com,rtvslo.si,delo.si,dnevnik.si,vecer.com"
SI,Slovenia,2024-12-01T00:00:00Z,2025-01-01T00:00:00Z,5709,9,0.0015764582238570678,0.6259939429250764,11,0.0019267822736030828,0.8028385816263922,"24ur.com,rtvslo.si,delo.si,dnevnik.si,vecer.com"
SI,Slovenia,2025-01-01T00:00:00Z,2025-02-01T00:00:00Z,6043,10,0.0016548072149594572,0.9074241173696459,14,0.0023167301009432402,0.9338387965299677,"24ur.com,rtvslo.si,delo.si,dnevnik.si,vecer.com"
SI,Slovenia,2025-02-01T00:00:00Z,2025-03-01T00:00:00Z,5256,11,0.0020928462709284626,0.5429993587149488,11,0.0020928462709284626,0.5429993587149488,"24ur.com,rtvslo.si,delo.si,dnevnik.si,vecer.com"
SI,Slovenia,2025-03-01T00:00:00Z,2025-04-01T00:00:00Z,6043,14,0.0023167301009432402,0.11107346852526717,14,0.0023167301009432402,0.11107346852526717,"24ur.com,rtvslo.si,delo.si,dnevnik.si,vecer.com"
SI,Slovenia,2025-04-01T00:00:00Z,2025-05-01T00:00:00Z,6008,19,0.0031624500665778962,0.1639798368864599,24,0.0039946737683089215,-1.026745680406591,"24ur.com,rtvslo.si,delo.si,dnevnik.si,vecer.com"
SI,Slovenia,2025-05-01T00:00:00Z,2025-06-01T00:00:00Z,5932,17,0.0028658125421443022,0.12703217622661558,18,0.0030343897505057315,-0.12026540713732531,"24ur.com,rtvslo.si,delo.si,dnevnik.si,vecer.com"
SI,Slovenia,2025-06-01T00:00:00Z,2025-07-01T00:00:00Z,2720,10,0.003676470588235294,-3.954200656835118,10,0.003676470588235294,-3.954200656835118,"24ur.com,rtvslo.si,delo.si,dnevnik.si,vecer.com"
SI,Slovenia,2025-07-01T00:00:00Z,2025-08-01T00:00:00Z,5650,20,0.0035398230088495575,-0.842899792113927,20,0.0035398230088495575,-0.842899792113927,"24ur.com,rtvslo.si,delo.si,dnevnik.si,vecer.com"
SI,Slovenia,2025-08-01T00:00:00Z,2025-09-01T00:00:00Z,5642,4,0.0007089684509039348,-0.3730565285386125,4,0.0007089684509039348,-0.3730565285386125,"24ur.com,rtvslo.si,delo.si,dnevnik.si,vecer.com"
SI,Slovenia,2025-09-01T00:00:00Z,2025-10-01T00:00:00Z,6287,17,0.0027039923651980277,0.4437719884171511,20,0.003181167488468268,-0.026880688038901757,"24ur.com,rtvslo.si,delo.si,dnevnik.si,vecer.com"
SI,Slovenia,2025-10-01T00:00:00Z,2025-11-01T00:00:00Z,8281,10,0.0012075836251660428,-2.79495160024577,10,0.0012075836251660428,-2.79495160024577,"24ur.com,rtvslo.si,delo.si,dnevnik.si,vecer.com"
SI,Slovenia,2025-11-01T00:00:00Z,2025-12-01T00:00:00Z,8166,19,0.0023267205486162137,3.1998236588254,20,0.0024491795248591723,2.53201997588413,"24ur.com,rtvslo.si,delo.si,dnevnik.si,vecer.com"
SI,Slovenia,2025-12-01T00:00:00Z,2026-01-01T00:00:00Z,8597,12,0.0013958357566592997,-0.540800657340837,21,0.0024427125741537745,-2.48017283471082,"24ur.com,rtvslo.si,delo.si,dnevnik.si,vecer.com"
SI,Slovenia,2026-01-01T00:00:00Z,2026-02-01T00:00:00Z,9218,14,0.0015187676285528314,0.18816537265894576,16,0.0017357344326318074,0.2570319885858162,"24ur.com,rtvslo.si,delo.si,dnevnik.si,vecer.com"
SI,Slovenia,2026-02-01T00:00:00Z,2026-03-01T00:00:00Z,9204,14,0.001521077792264233,-1.5552238353827035,17,0.0018470230334637113,-1.0813245815599004,"24ur.com,rtvslo.si,delo.si,dnevnik.si,vecer.com"
SI,Slovenia,2026-03-01T00:00:00Z,2026-04-01T00:00:00Z,3818,9,0.002357255107386066,0.06195872817701796,11,0.002881089575694081,-0.5334113854528797,"24ur.com,rtvslo.si,delo.si,dnevnik.si,vecer.com"
UK,United Kingdom,2018-06-01T00:00:00Z,2018-07-01T00:00:00Z,58217,911,0.01564835013827576,-0.09015232310701646,942,0.016180840647920712,-0.09327675822572688,"bbc.co.uk,theguardian.com,telegraph.co.uk,independent.co.uk,dailymail.co.uk"
UK,United Kingdom,2018-07-01T00:00:00Z,2018-08-01T00:00:00Z,57180,877,0.01533753060510668,-0.7472478698382767,909,0.01589716684155299,-0.7487912828511116,"bbc.co.uk,theguardian.com,telegraph.co.uk,independent.co.uk,dailymail.co.uk"
UK,United Kingdom,2018-08-01T00:00:00Z,2018-09-01T00:00:00Z,55324,768,0.013881859590774348,-1.2960584258020345,809,0.014622948449136,-1.32340198316342,"bbc.co.uk,theguardian.com,telegraph.co.uk,independent.co.uk,dailymail.co.uk"
UK,United Kingdom,2018-09-01T00:00:00Z,2018-10-01T00:00:00Z,54113,874,0.01615138691257184,-0.9080704681258273,917,0.016946020364792196,-0.9589739320676286,"bbc.co.uk,theguardian.com,telegraph.co.uk,independent.co.uk,dailymail.co.uk"
UK,United Kingdom,2018-10-01T00:00:00Z,2018-11-01T00:00:00Z,54619,1057,0.019352240062981748,-0.8475591224397448,1102,0.02017612918581446,-0.8709740002353061,"bbc.co.uk,theguardian.com,telegraph.co.uk,independent.co.uk,dailymail.co.uk"
UK,United Kingdom,2018-11-01T00:00:00Z,2018-12-01T00:00:00Z,49580,1473,0.029709560306575233,-1.235434537259952,1501,0.03027430415490117,-1.1944253651613073,"bbc.co.uk,theguardian.com,telegraph.co.uk,independent.co.uk,dailymail.co.uk"
UK,United Kingdom,2018-12-01T00:00:00Z,2019-01-01T00:00:00Z,42065,1033,0.024557232853916557,-1.26978460493117,1056,0.02510400570545584,-1.2914236489785964,"bbc.co.uk,theguardian.com,telegraph.co.uk,independent.co.uk,dailymail.co.uk"
UK,United Kingdom,2019-01-01T00:00:00Z,2019-02-01T00:00:00Z,48070,1044,0.02171832743915124,-0.7134615453477801,1079,0.02244643228624922,-0.757716732237971,"bbc.co.uk,theguardian.com,telegraph.co.uk,independent.co.uk,dailymail.co.uk"
UK,United Kingdom,2019-02-01T00:00:00Z,2019-03-01T00:00:00Z,44801,1343,0.029977009441753532,-0.9249305094981224,1365,0.030468069909153815,-0.9166547964683326,"bbc.co.uk,theguardian.com,telegraph.co.uk,independent.co.uk,dailymail.co.uk"
UK,United Kingdom,2019-03-01T00:00:00Z,2019-04-01T00:00:00Z,50094,1452,0.028985507246376812,-1.4131614094733134,1475,0.029444644069149997,-1.3963512318528253,"bbc.co.uk,theguardian.com,telegraph.co.uk,independent.co.uk,dailymail.co.uk"
UK,United Kingdom,2019-04-01T00:00:00Z,2019-05-01T00:00:00Z,47800,1331,0.02784518828451883,-1.2270702383724896,1381,0.028891213389121338,-1.2517768124984616,"bbc.co.uk,theguardian.com,telegraph.co.uk,independent.co.uk,dailymail.co.uk"
UK,United Kingdom,2019-05-01T00:00:00Z,2019-06-01T00:00:00Z,48652,910,0.01870426703938173,-0.8547878154232174,1127,0.023164515333388144,-0.9638785508764893,"bbc.co.uk,theguardian.com,telegraph.co.uk,independent.co.uk,dailymail.co.uk"
UK,United Kingdom,2019-06-01T00:00:00Z,2019-07-01T00:00:00Z,45260,756,0.016703490941228458,-0.8423141583529854,983,0.02171895713654441,-1.0545395178900798,"bbc.co.uk,theguardian.com,telegraph.co.uk,independent.co.uk,dailymail.co.uk"
UK,United Kingdom,2019-07-01T00:00:00Z,2019-08-01T00:00:00Z,47046,1011,0.02148960591761255,-1.325385618334114,1050,0.02231858181354419,-1.3252284142110042,"bbc.co.uk,theguardian.com,telegraph.co.uk,independent.co.uk,dailymail.co.uk"
UK,United Kingdom,2019-08-01T00:00:00Z,2019-09-01T00:00:00Z,38271,810,0.02116485067022027,-1.304439863960383,828,0.021635180685114056,-1.2516437724759544,"bbc.co.uk,theguardian.com,telegraph.co.uk,independent.co.uk,dailymail.co.uk"
UK,United Kingdom,2019-09-01T00:00:00Z,2019-10-01T00:00:00Z,40335,863,0.02139581009049213,-0.8983408577055961,891,0.022089996281145406,-0.9015820257009661,"bbc.co.uk,theguardian.com,telegraph.co.uk,independent.co.uk,dailymail.co.uk"
UK,United Kingdom,2019-10-01T00:00:00Z,2019-11-01T00:00:00Z,42293,967,0.022864303785496417,-0.6951969497185012,991,0.023431773579552173,-0.6677387852596224,"bbc.co.uk,theguardian.com,telegraph.co.uk,independent.co.uk,dailymail.co.uk"
UK,United Kingdom,2019-11-01T00:00:00Z,2019-12-01T00:00:00Z,40322,935,0.023188333912008332,-0.8744622742482911,989,0.024527553196766035,-0.9725575635809007,"bbc.co.uk,theguardian.com,telegraph.co.uk,independent.co.uk,dailymail.co.uk"
UK,United Kingdom,2019-12-01T00:00:00Z,2020-01-01T00:00:00Z,36313,657,0.018092694076501527,-0.3648473041670584,798,0.021975601024426514,-0.850362158569482,"bbc.co.uk,theguardian.com,telegraph.co.uk,independent.co.uk,dailymail.co.uk"
UK,United Kingdom,2020-01-01T00:00:00Z,2020-02-01T00:00:00Z,39747,664,0.016705663320502176,-0.5693651027916938,699,0.01758623292323949,-0.5965177413204533,"bbc.co.uk,theguardian.com,telegraph.co.uk,independent.co.uk,dailymail.co.uk"
UK,United Kingdom,2020-02-01T00:00:00Z,2020-03-01T00:00:00Z,36528,588,0.016097240473061762,-1.0623450792927875,606,0.016590013140604466,-1.089738807098443,"bbc.co.uk,theguardian.com,telegraph.co.uk,independent.co.uk,dailymail.co.uk"
UK,United Kingdom,2020-03-01T00:00:00Z,2020-04-01T00:00:00Z,40334,717,0.017776565676600388,-0.6237595113218686,749,0.018569940992710865,-0.722842543215481,"bbc.co.uk,theguardian.com,telegraph.co.uk,independent.co.uk,dailymail.co.uk"
UK,United Kingdom,2020-04-01T00:00:00Z,2020-05-01T00:00:00Z,39559,542,0.01370105412169165,-0.9178163478514507,566,0.01430774286508759,-1.052552684611411,"bbc.co.uk,theguardian.com,telegraph.co.uk,independent.co.uk,dailymail.co.uk"
UK,United Kingdom,2020-05-01T00:00:00Z,2020-06-01T00:00:00Z,37599,648,0.017234500917577594,-0.7036873420726305,676,0.01797920157450996,-0.7449931818640458,"bbc.co.uk,theguardian.com,telegraph.co.uk,independent.co.uk,dailymail.co.uk"
UK,United Kingdom,2020-06-01T00:00:00Z,2020-07-01T00:00:00Z,35255,493,0.013983832080555949,-1.8244263273299828,503,0.014267479790100695,-1.8527381187203433,"bbc.co.uk,theguardian.com,telegraph.co.uk,independent.co.uk,dailymail.co.uk"
UK,United Kingdom,2020-07-01T00:00:00Z,2020-08-01T00:00:00Z,36240,642,0.01771523178807947,-1.0042090901308138,695,0.019177704194260486,-1.1278120376603091,"bbc.co.uk,theguardian.com,telegraph.co.uk,independent.co.uk,dailymail.co.uk"
UK,United Kingdom,2020-08-01T00:00:00Z,2020-09-01T00:00:00Z,34158,605,0.0177118098249312,-0.7375597665244966,634,0.018560805667779144,-0.8068313431115371,"bbc.co.uk,theguardian.com,telegraph.co.uk,independent.co.uk,dailymail.co.uk"
UK,United Kingdom,2020-09-01T00:00:00Z,2020-10-01T00:00:00Z,37779,583,0.01543185367532227,-0.737950982259379,610,0.016146536435585907,-0.772384563254912,"bbc.co.uk,theguardian.com,telegraph.co.uk,independent.co.uk,dailymail.co.uk"
UK,United Kingdom,2020-10-01T00:00:00Z,2020-11-01T00:00:00Z,30001,470,0.015666144461851272,-0.6980272866111332,496,0.01653278224059198,-0.7690462496847527,"bbc.co.uk,theguardian.com,telegraph.co.uk,independent.co.uk,dailymail.co.uk"
UK,United Kingdom,2020-11-01T00:00:00Z,2020-12-01T00:00:00Z,26679,472,0.017691817534390343,-0.8030870977029646,484,0.01814160950560366,-0.8366337476793999,"bbc.co.uk,theguardian.com,telegraph.co.uk,independent.co.uk,dailymail.co.uk"
UK,United Kingdom,2020-12-01T00:00:00Z,2021-01-01T00:00:00Z,34767,813,0.02338424367935111,-1.1136106582294936,833,0.02395950182644462,-1.1368115966940742,"bbc.co.uk,theguardian.com,telegraph.co.uk,independent.co.uk,dailymail.co.uk"
UK,United Kingdom,2021-01-01T00:00:00Z,2021-02-01T00:00:00Z,34675,622,0.0179379956741168,-0.9347334010764413,645,0.018601297764960344,-0.9752864665582328,"bbc.co.uk,theguardian.com,telegraph.co.uk,independent.co.uk,dailymail.co.uk"
UK,United Kingdom,2021-02-01T00:00:00Z,2021-03-01T00:00:00Z,31654,592,0.018702217729196943,-0.8486247173423402,610,0.019270866241233336,-0.9165162657819125,"bbc.co.uk,theguardian.com,telegraph.co.uk,independent.co.uk,dailymail.co.uk"
UK,United Kingdom,2021-03-01T00:00:00Z,2021-04-01T00:00:00Z,35336,746,0.021111614217794884,-0.7822499840336107,762,0.02156441023318995,-0.7982359022985727,"bbc.co.uk,theguardian.com,telegraph.co.uk,independent.co.uk,dailymail.co.uk"
UK,United Kingdom,2021-04-01T00:00:00Z,2021-05-01T00:00:00Z,33345,647,0.019403208876893088,-0.6471503333460634,672,0.020152946468735944,-0.7415552430669272,"bbc.co.uk,theguardian.com,telegraph.co.uk,independent.co.uk,dailymail.co.uk"
UK,United Kingdom,2021-05-01T00:00:00Z,2021-06-01T00:00:00Z,34660,575,0.016589728793998847,-0.6928649357925378,615,0.017743796884016158,-0.8446502231715213,"bbc.co.uk,theguardian.com,telegraph.co.uk,independent.co.uk,dailymail.co.uk"
UK,United Kingdom,2021-06-01T00:00:00Z,2021-07-01T00:00:00Z,34189,528,0.01544356371932493,-0.9416680579988786,551,0.01611629471467431,-1.0119233371482437,"bbc.co.uk,theguardian.com,telegraph.co.uk,independent.co.uk,dailymail.co.uk"
UK,United Kingdom,2021-07-01T00:00:00Z,2021-08-01T00:00:00Z,35834,697,0.019450800915331808,-1.1427144231728916,711,0.0198414913210917,-1.1436671486660046,"bbc.co.uk,theguardian.com,telegraph.co.uk,independent.co.uk,dailymail.co.uk"
UK,United Kingdom,2021-08-01T00:00:00Z,2021-09-01T00:00:00Z,32113,478,0.014884937564226326,-1.3849584545431501,494,0.01538317815215022,-1.3939084801293267,"bbc.co.uk,theguardian.com,telegraph.co.uk,independent.co.uk,dailymail.co.uk"
UK,United Kingdom,2021-09-01T00:00:00Z,2021-10-01T00:00:00Z,36898,540,0.014634939563119953,-0.9431895065373502,571,0.015475093501002764,-0.9878837739253993,"bbc.co.uk,theguardian.com,telegraph.co.uk,independent.co.uk,dailymail.co.uk"
UK,United Kingdom,2021-10-01T00:00:00Z,2021-11-01T00:00:00Z,33783,562,0.016635585945593938,-0.8018890019830117,623,0.018441227836485805,-0.9211223787914572,"bbc.co.uk,theguardian.com,telegraph.co.uk,independent.co.uk,dailymail.co.uk"
UK,United Kingdom,2021-11-01T00:00:00Z,2021-12-01T00:00:00Z,32850,584,0.017777777777777778,-0.8192493817816454,617,0.01878234398782344,-0.8796805147084432,"bbc.co.uk,theguardian.com,telegraph.co.uk,independent.co.uk,dailymail.co.uk"
UK,United Kingdom,2021-12-01T00:00:00Z,2022-01-01T00:00:00Z,31148,591,0.018973930910491845,-1.1178645109997873,612,0.01964813150121998,-1.1542322307193393,"bbc.co.uk,theguardian.com,telegraph.co.uk,independent.co.uk,dailymail.co.uk"
UK,United Kingdom,2022-01-01T00:00:00Z,2022-02-01T00:00:00Z,31905,551,0.01727002037298229,-1.0036822314439464,580,0.01817896881366557,-1.0656715037964044,"bbc.co.uk,theguardian.com,telegraph.co.uk,independent.co.uk,dailymail.co.uk"
UK,United Kingdom,2022-02-01T00:00:00Z,2022-03-01T00:00:00Z,29882,482,0.016130111772973698,-1.2237112543581576,501,0.016765946054480958,-1.2696234016388723,"bbc.co.uk,theguardian.com,telegraph.co.uk,independent.co.uk,dailymail.co.uk"
UK,United Kingdom,2022-03-01T00:00:00Z,2022-04-01T00:00:00Z,33213,491,0.01478336795832957,-0.9726944945361415,519,0.01562641134495529,-1.124375194418553,"bbc.co.uk,theguardian.com,telegraph.co.uk,independent.co.uk,dailymail.co.uk"
UK,United Kingdom,2022-04-01T00:00:00Z,2022-05-01T00:00:00Z,30335,628,0.020702159222020768,0.029102064294285933,645,0.021262567990769737,-0.04354950752786233,"bbc.co.uk,theguardian.com,telegraph.co.uk,independent.co.uk,dailymail.co.uk"
UK,United Kingdom,2022-05-01T00:00:00Z,2022-06-01T00:00:00Z,32240,570,0.017679900744416874,-0.32261584591661596,596,0.018486352357320098,-0.4161247972668219,"bbc.co.uk,theguardian.com,telegraph.co.uk,independent.co.uk,dailymail.co.uk"
UK,United Kingdom,2022-06-01T00:00:00Z,2022-07-01T00:00:00Z,30322,727,0.02397599102961546,0.5470952034453609,759,0.025031330387177628,0.40223024728830753,"bbc.co.uk,theguardian.com,telegraph.co.uk,independent.co.uk,dailymail.co.uk"
UK,United Kingdom,2022-07-01T00:00:00Z,2022-08-01T00:00:00Z,30279,654,0.02159912810859011,0.10958084846677621,684,0.022589913801644705,-0.019087499888433435,"bbc.co.uk,theguardian.com,telegraph.co.uk,independent.co.uk,dailymail.co.uk"
UK,United Kingdom,2022-08-01T00:00:00Z,2022-09-01T00:00:00Z,30570,725,0.023716061498200852,-0.9301392401725984,845,0.02764147857376513,-1.1375249844134958,"bbc.co.uk,theguardian.com,telegraph.co.uk,independent.co.uk,dailymail.co.uk"
UK,United Kingdom,2022-09-01T00:00:00Z,2022-10-01T00:00:00Z,30060,586,0.019494344644045244,-0.5555593431462198,616,0.02049234863606121,-0.620567223943825,"bbc.co.uk,theguardian.com,telegraph.co.uk,independent.co.uk,dailymail.co.uk"
UK,United Kingdom,2022-10-01T00:00:00Z,2022-11-01T00:00:00Z,32280,531,0.01644981412639405,-0.3186117189126807,552,0.017100371747211896,-0.33883546266716386,"bbc.co.uk,theguardian.com,telegraph.co.uk,independent.co.uk,dailymail.co.uk"
UK,United Kingdom,2022-11-01T00:00:00Z,2022-12-01T00:00:00Z,32030,569,0.01776459569153918,-0.8483249644727816,590,0.018420231033406183,-0.8706607401020126,"bbc.co.uk,theguardian.com,telegraph.co.uk,independent.co.uk,dailymail.co.uk"
UK,United Kingdom,2022-12-01T00:00:00Z,2023-01-01T00:00:00Z,30998,432,0.013936382992451125,-0.3661107660123134,451,0.014549325762952448,-0.5006912834347534,"bbc.co.uk,theguardian.com,telegraph.co.uk,independent.co.uk,dailymail.co.uk"
UK,United Kingdom,2023-01-01T00:00:00Z,2023-02-01T00:00:00Z,32959,573,0.01738523620255469,-0.7107807898952347,584,0.01771898419248157,-0.7310800693317584,"bbc.co.uk,theguardian.com,telegraph.co.uk,independent.co.uk,dailymail.co.uk"
UK,United Kingdom,2023-02-01T00:00:00Z,2023-03-01T00:00:00Z,29294,502,0.01713661500648597,-0.6469747093264925,520,0.017751075305523317,-0.7016067260907135,"bbc.co.uk,theguardian.com,telegraph.co.uk,independent.co.uk,dailymail.co.uk"
UK,United Kingdom,2023-03-01T00:00:00Z,2023-04-01T00:00:00Z,35135,658,0.018727764337555144,-0.743560931416716,697,0.019837768606802333,-0.761129539842801,"bbc.co.uk,theguardian.com,telegraph.co.uk,independent.co.uk,dailymail.co.uk"
UK,United Kingdom,2023-04-01T00:00:00Z,2023-05-01T00:00:00Z,38551,731,0.018961894633083447,-0.9631055828695262,781,0.020258877850120618,-1.0203338531530397,"bbc.co.uk,theguardian.com,telegraph.co.uk,independent.co.uk,dailymail.co.uk"
UK,United Kingdom,2023-05-01T00:00:00Z,2023-06-01T00:00:00Z,40651,620,0.015251777324051068,-0.4877092340317209,667,0.01640796044377752,-0.5888045460732932,"bbc.co.uk,theguardian.com,telegraph.co.uk,independent.co.uk,dailymail.co.uk"
UK,United Kingdom,2023-06-01T00:00:00Z,2023-07-01T00:00:00Z,38621,633,0.01639004686569483,-1.314938571610532,662,0.017140933688925716,-1.3137633573917427,"bbc.co.uk,theguardian.com,telegraph.co.uk,independent.co.uk,dailymail.co.uk"
UK,United Kingdom,2023-07-01T00:00:00Z,2023-08-01T00:00:00Z,37879,707,0.018664695477705325,-0.8780762047620347,748,0.01974708941629927,-0.9165134724434322,"bbc.co.uk,theguardian.com,telegraph.co.uk,independent.co.uk,dailymail.co.uk"
UK,United Kingdom,2023-08-01T00:00:00Z,2023-09-01T00:00:00Z,37796,617,0.016324478780823368,-1.5847656777044727,649,0.017171129220023285,-1.5750363017043365,"bbc.co.uk,theguardian.com,telegraph.co.uk,independent.co.uk,dailymail.co.uk"
UK,United Kingdom,2023-09-01T00:00:00Z,2023-10-01T00:00:00Z,37483,594,0.015847184056772403,-1.024550779237655,630,0.016807619454152548,-1.0928318507486796,"bbc.co.uk,theguardian.com,telegraph.co.uk,independent.co.uk,dailymail.co.uk"
UK,United Kingdom,2023-10-01T00:00:00Z,2023-11-01T00:00:00Z,38886,664,0.0170755541840251,-1.0270727615100432,696,0.01789847245795402,-1.0710616000585853,"bbc.co.uk,theguardian.com,telegraph.co.uk,independent.co.uk,dailymail.co.uk"
UK,United Kingdom,2023-11-01T00:00:00Z,2023-12-01T00:00:00Z,38244,605,0.015819474950319004,-1.2744380377070816,637,0.016656207509674722,-1.2769199467486745,"bbc.co.uk,theguardian.com,telegraph.co.uk,independent.co.uk,dailymail.co.uk"
UK,United Kingdom,2023-12-01T00:00:00Z,2024-01-01T00:00:00Z,33680,588,0.017458432304038006,-0.9014117682434242,612,0.01817102137767221,-0.970057808337295,"bbc.co.uk,theguardian.com,telegraph.co.uk,independent.co.uk,dailymail.co.uk"
UK,United Kingdom,2024-01-01T00:00:00Z,2024-02-01T00:00:00Z,37136,763,0.02054610081861267,-0.9948830332728913,824,0.02218871176217148,-1.0010035207361268,"bbc.co.uk,theguardian.com,telegraph.co.uk,independent.co.uk,dailymail.co.uk"
UK,United Kingdom,2024-02-01T00:00:00Z,2024-03-01T00:00:00Z,36584,657,0.017958670457030396,-1.0148564140419118,680,0.01858736059479554,-1.043545366259491,"bbc.co.uk,theguardian.com,telegraph.co.uk,independent.co.uk,dailymail.co.uk"
UK,United Kingdom,2024-03-01T00:00:00Z,2024-04-01T00:00:00Z,37058,771,0.02080522424307842,-0.6946176988731214,789,0.021290949322683363,-0.7161916101906178,"bbc.co.uk,theguardian.com,telegraph.co.uk,independent.co.uk,dailymail.co.uk"
UK,United Kingdom,2024-04-01T00:00:00Z,2024-05-01T00:00:00Z,35142,788,0.022423311137670026,-0.9893544120554563,827,0.023533094303113084,-1.0498566141808299,"bbc.co.uk,theguardian.com,telegraph.co.uk,independent.co.uk,dailymail.co.uk"
UK,United Kingdom,2024-05-01T00:00:00Z,2024-06-01T00:00:00Z,35193,851,0.02418094507430455,-0.41876596119123405,890,0.025289119995453642,-0.5278963590213614,"bbc.co.uk,theguardian.com,telegraph.co.uk,independent.co.uk,dailymail.co.uk"
UK,United Kingdom,2024-06-01T00:00:00Z,2024-07-01T00:00:00Z,31454,620,0.019711324473834807,-0.6034611447779704,639,0.020315381191581355,-0.6010718098807031,"bbc.co.uk,theguardian.com,telegraph.co.uk,independent.co.uk,dailymail.co.uk"
UK,United Kingdom,2024-07-01T00:00:00Z,2024-08-01T00:00:00Z,32737,719,0.021962916577572777,-1.1766328591483743,738,0.022543299630387634,-1.2199777497823765,"bbc.co.uk,theguardian.com,telegraph.co.uk,independent.co.uk,dailymail.co.uk"
UK,United Kingdom,2024-08-01T00:00:00Z,2024-09-01T00:00:00Z,30453,687,0.022559353758250418,-0.6310773402918276,708,0.023248940991035368,-0.6592264887162228,"bbc.co.uk,theguardian.com,telegraph.co.uk,independent.co.uk,dailymail.co.uk"
UK,United Kingdom,2024-09-01T00:00:00Z,2024-10-01T00:00:00Z,31433,864,0.027487035917666148,-1.419910351756891,887,0.028218750994178095,-1.40803646273559,"bbc.co.uk,theguardian.com,telegraph.co.uk,independent.co.uk,dailymail.co.uk"
UK,United Kingdom,2024-10-01T00:00:00Z,2024-11-01T00:00:00Z,33591,625,0.01860617427287071,-1.3131070221893602,661,0.019677889910988063,-1.3565294242224848,"bbc.co.uk,theguardian.com,telegraph.co.uk,independent.co.uk,dailymail.co.uk"
UK,United Kingdom,2024-11-01T00:00:00Z,2024-12-01T00:00:00Z,32456,891,0.02745255114616712,-1.0483248363331155,915,0.028192013803302933,-1.0521216682263117,"bbc.co.uk,theguardian.com,telegraph.co.uk,independent.co.uk,dailymail.co.uk"
UK,United Kingdom,2024-12-01T00:00:00Z,2025-01-01T00:00:00Z,27203,677,0.024886960996948867,-1.0905246995852464,693,0.02547513141932875,-1.0952397248903891,"bbc.co.uk,theguardian.com,telegraph.co.uk,independent.co.uk,dailymail.co.uk"
UK,United Kingdom,2025-01-01T00:00:00Z,2025-02-01T00:00:00Z,29424,667,0.02266856987493203,-0.9201060282750599,687,0.023348287112561174,-0.9307826154095317,"bbc.co.uk,theguardian.com,telegraph.co.uk,independent.co.uk,dailymail.co.uk"
UK,United Kingdom,2025-02-01T00:00:00Z,2025-03-01T00:00:00Z,26740,614,0.022961854899027676,-0.8172510058698876,629,0.023522812266267765,-0.8351085450858575,"bbc.co.uk,theguardian.com,telegraph.co.uk,independent.co.uk,dailymail.co.uk"
UK,United Kingdom,2025-03-01T00:00:00Z,2025-04-01T00:00:00Z,28470,590,0.02072356866877415,-1.2307393614900788,610,0.02142606252195293,-1.3345231729897136,"bbc.co.uk,theguardian.com,telegraph.co.uk,independent.co.uk,dailymail.co.uk"
UK,United Kingdom,2025-04-01T00:00:00Z,2025-05-01T00:00:00Z,26208,651,0.024839743589743588,-1.126231833444467,671,0.025602869352869352,-1.137072030290151,"bbc.co.uk,theguardian.com,telegraph.co.uk,independent.co.uk,dailymail.co.uk"
UK,United Kingdom,2025-05-01T00:00:00Z,2025-06-01T00:00:00Z,26358,689,0.026140071325593747,-1.0906285457197733,708,0.026860915092192125,-1.088241455983242,"bbc.co.uk,theguardian.com,telegraph.co.uk,independent.co.uk,dailymail.co.uk"
UK,United Kingdom,2025-06-01T00:00:00Z,2025-07-01T00:00:00Z,11419,242,0.021192748927226553,-1.0165627060430071,249,0.02180576232594798,-1.1006202443750068,"bbc.co.uk,theguardian.com,telegraph.co.uk,independent.co.uk,dailymail.co.uk"
UK,United Kingdom,2025-07-01T00:00:00Z,2025-08-01T00:00:00Z,24108,575,0.02385100381616061,-1.3589529359300072,589,0.024431723909075824,-1.3590740441907259,"bbc.co.uk,theguardian.com,telegraph.co.uk,independent.co.uk,dailymail.co.uk"
UK,United Kingdom,2025-08-01T00:00:00Z,2025-09-01T00:00:00Z,23673,488,0.020614201833312213,-1.3416463251685453,503,0.021247835086385333,-1.356023509522097,"bbc.co.uk,theguardian.com,telegraph.co.uk,independent.co.uk,dailymail.co.uk"
UK,United Kingdom,2025-09-01T00:00:00Z,2025-10-01T00:00:00Z,24145,421,0.017436322219921307,-1.4366964684362822,438,0.018140401739490577,-1.4268913136413421,"bbc.co.uk,theguardian.com,telegraph.co.uk,independent.co.uk,dailymail.co.uk"
UK,United Kingdom,2025-10-01T00:00:00Z,2025-11-01T00:00:00Z,25933,479,0.0184706744302626,-1.0785819779833266,502,0.019357575290170823,-1.0886011391868782,"bbc.co.uk,theguardian.com,telegraph.co.uk,independent.co.uk,dailymail.co.uk"
UK,United Kingdom,2025-11-01T00:00:00Z,2025-12-01T00:00:00Z,24139,516,0.02137619619702556,-1.080090371474119,538,0.02228758440697626,-1.1251323341754178,"bbc.co.uk,theguardian.com,telegraph.co.uk,independent.co.uk,dailymail.co.uk"
UK,United Kingdom,2025-12-01T00:00:00Z,2026-01-01T00:00:00Z,17395,378,0.021730382293762576,-1.0694396601485936,410,0.02356999137683242,-1.2176093741972236,"bbc.co.uk,theguardian.com,telegraph.co.uk,independent.co.uk,dailymail.co.uk"
UK,United Kingdom,2026-01-01T00:00:00Z,2026-02-01T00:00:00Z,24458,600,0.024531850519257502,-0.9801675451319721,623,0.025472238122495706,-0.978254264700137,"bbc.co.uk,theguardian.com,telegraph.co.uk,independent.co.uk,dailymail.co.uk"
UK,United Kingdom,2026-02-01T00:00:00Z,2026-03-01T00:00:00Z,23027,624,0.027098623355191732,-1.8478280734512316,643,0.027923741694532506,-1.8785422618516963,"bbc.co.uk,theguardian.com,telegraph.co.uk,independent.co.uk,dailymail.co.uk"
UK,United Kingdom,2026-03-01T00:00:00Z,2026-04-01T00:00:00Z,10130,409,0.0403751233958539,-1.8396771852010676,414,0.04086870681145113,-1.8404272494519507,"bbc.co.uk,theguardian.com,telegraph.co.uk,independent.co.uk,dailymail.co.uk"
