country,country_name,month_start_utc,month_end_utc,all_articles,ai_articles_strict,ai_proportion_strict,ai_tone_strict,ai_articles_balanced,ai_proportion_balanced,ai_tone_balanced,domains
AT,Austria,2018-06-01T00:00:00Z,2018-07-01T00:00:00Z,17244,125,0.007248898167478543,-1.2525312256328782,128,0.007422871723498028,-1.3194327968655382,"orf.at,derstandard.at,krone.at,kurier.at,diepresse.com,trend.at,futurezone.at,aerztezeitung.at,industriemagazin.at,manz.at"
AT,Austria,2018-07-01T00:00:00Z,2018-08-01T00:00:00Z,16312,180,0.011034820990681708,-1.7974586956621392,183,0.011218734673859735,-1.8732721510032686,"orf.at,derstandard.at,krone.at,kurier.at,diepresse.com,trend.at,futurezone.at,aerztezeitung.at,industriemagazin.at,manz.at"
AT,Austria,2018-08-01T00:00:00Z,2018-09-01T00:00:00Z,15252,94,0.006163126147390507,-0.5143815827715152,96,0.006294256490952006,-0.5185208146526232,"orf.at,derstandard.at,krone.at,kurier.at,diepresse.com,trend.at,futurezone.at,aerztezeitung.at,industriemagazin.at,manz.at"
AT,Austria,2018-09-01T00:00:00Z,2018-10-01T00:00:00Z,14077,121,0.008595581444910138,-0.7692405475640522,126,0.008950770760815515,-0.895404250292473,"orf.at,derstandard.at,krone.at,kurier.at,diepresse.com,trend.at,futurezone.at,aerztezeitung.at,industriemagazin.at,manz.at"
AT,Austria,2018-10-01T00:00:00Z,2018-11-01T00:00:00Z,14074,119,0.008455307659513998,-0.8446874951794464,125,0.008881625692766805,-1.0569575742343398,"orf.at,derstandard.at,krone.at,kurier.at,diepresse.com,trend.at,futurezone.at,aerztezeitung.at,industriemagazin.at,manz.at"
AT,Austria,2018-11-01T00:00:00Z,2018-12-01T00:00:00Z,13930,136,0.009763101220387652,-1.0641206205523557,142,0.010193826274228284,-0.9789879489523449,"orf.at,derstandard.at,krone.at,kurier.at,diepresse.com,trend.at,futurezone.at,aerztezeitung.at,industriemagazin.at,manz.at"
AT,Austria,2018-12-01T00:00:00Z,2019-01-01T00:00:00Z,11568,81,0.007002074688796681,-1.9089791424424116,83,0.007174965421853388,-1.8200095465242991,"orf.at,derstandard.at,krone.at,kurier.at,diepresse.com,trend.at,futurezone.at,aerztezeitung.at,industriemagazin.at,manz.at"
AT,Austria,2019-01-01T00:00:00Z,2019-02-01T00:00:00Z,13550,87,0.006420664206642067,-1.5569217305289424,96,0.007084870848708487,-1.5326821559753208,"orf.at,derstandard.at,krone.at,kurier.at,diepresse.com,trend.at,futurezone.at,aerztezeitung.at,industriemagazin.at,manz.at"
AT,Austria,2019-02-01T00:00:00Z,2019-03-01T00:00:00Z,12610,70,0.0055511498810467885,-0.23559320181088092,70,0.0055511498810467885,-0.23559320181088092,"orf.at,derstandard.at,krone.at,kurier.at,diepresse.com,trend.at,futurezone.at,aerztezeitung.at,industriemagazin.at,manz.at"
AT,Austria,2019-03-01T00:00:00Z,2019-04-01T00:00:00Z,12998,66,0.005077704262194184,-0.6624872657901977,67,0.005154639175257732,-0.8144407915840141,"orf.at,derstandard.at,krone.at,kurier.at,diepresse.com,trend.at,futurezone.at,aerztezeitung.at,industriemagazin.at,manz.at"
AT,Austria,2019-04-01T00:00:00Z,2019-05-01T00:00:00Z,12423,77,0.006198180793689125,-1.1449243587836089,77,0.006198180793689125,-1.1449243587836089,"orf.at,derstandard.at,krone.at,kurier.at,diepresse.com,trend.at,futurezone.at,aerztezeitung.at,industriemagazin.at,manz.at"
AT,Austria,2019-05-01T00:00:00Z,2019-06-01T00:00:00Z,13642,119,0.008723061134730977,-0.06768972203550666,127,0.009309485412696085,-0.04492704538858333,"orf.at,derstandard.at,krone.at,kurier.at,diepresse.com,trend.at,futurezone.at,aerztezeitung.at,industriemagazin.at,manz.at"
AT,Austria,2019-06-01T00:00:00Z,2019-07-01T00:00:00Z,12551,82,0.00653334395665684,-0.8411621193367274,85,0.006772368735558919,-1.0434197018828701,"orf.at,derstandard.at,krone.at,kurier.at,diepresse.com,trend.at,futurezone.at,aerztezeitung.at,industriemagazin.at,manz.at"
AT,Austria,2019-07-01T00:00:00Z,2019-08-01T00:00:00Z,13577,100,0.007365397363187744,-0.5687628620815769,106,0.0078073212049790085,-0.7463453280747462,"orf.at,derstandard.at,krone.at,kurier.at,diepresse.com,trend.at,futurezone.at,aerztezeitung.at,industriemagazin.at,manz.at"
AT,Austria,2019-08-01T00:00:00Z,2019-09-01T00:00:00Z,10868,56,0.005152741994847258,-0.8324296438280904,57,0.005244755244755245,-0.9256370430003703,"orf.at,derstandard.at,krone.at,kurier.at,diepresse.com,trend.at,futurezone.at,aerztezeitung.at,industriemagazin.at,manz.at"
AT,Austria,2019-09-01T00:00:00Z,2019-10-01T00:00:00Z,12006,82,0.00682991837414626,-0.9901828601901166,84,0.0069965017491254375,-0.9586576131855593,"orf.at,derstandard.at,krone.at,kurier.at,diepresse.com,trend.at,futurezone.at,aerztezeitung.at,industriemagazin.at,manz.at"
AT,Austria,2019-10-01T00:00:00Z,2019-11-01T00:00:00Z,14088,96,0.0068143100511073255,-0.011403708291503448,101,0.007169222032935832,-0.20099788277761835,"orf.at,derstandard.at,krone.at,kurier.at,diepresse.com,trend.at,futurezone.at,aerztezeitung.at,industriemagazin.at,manz.at"
AT,Austria,2019-11-01T00:00:00Z,2019-12-01T00:00:00Z,13314,56,0.004206098843322818,-0.4917933160307721,57,0.004281207751239297,-0.4185074037231502,"orf.at,derstandard.at,krone.at,kurier.at,diepresse.com,trend.at,futurezone.at,aerztezeitung.at,industriemagazin.at,manz.at"
AT,Austria,2019-12-01T00:00:00Z,2020-01-01T00:00:00Z,12229,49,0.004006868918145392,-0.030054745149127746,56,0.0045792787635947334,0.0030077281327709066,"orf.at,derstandard.at,krone.at,kurier.at,diepresse.com,trend.at,futurezone.at,aerztezeitung.at,industriemagazin.at,manz.at"
AT,Austria,2020-01-01T00:00:00Z,2020-02-01T00:00:00Z,13583,71,0.0052271221379665755,-0.19483034627925858,80,0.0058897150850327614,-0.38554487058915266,"orf.at,derstandard.at,krone.at,kurier.at,diepresse.com,trend.at,futurezone.at,aerztezeitung.at,industriemagazin.at,manz.at"
AT,Austria,2020-02-01T00:00:00Z,2020-03-01T00:00:00Z,12385,54,0.004360113039967703,-0.6247461685471163,55,0.0044408558740411785,-0.6503045446242937,"orf.at,derstandard.at,krone.at,kurier.at,diepresse.com,trend.at,futurezone.at,aerztezeitung.at,industriemagazin.at,manz.at"
AT,Austria,2020-03-01T00:00:00Z,2020-04-01T00:00:00Z,14695,50,0.003402517863218782,-0.7320992056609027,50,0.003402517863218782,-0.7320992056609027,"orf.at,derstandard.at,krone.at,kurier.at,diepresse.com,trend.at,futurezone.at,aerztezeitung.at,industriemagazin.at,manz.at"
AT,Austria,2020-04-01T00:00:00Z,2020-05-01T00:00:00Z,14117,34,0.002408443720337182,-0.3073304267234482,40,0.002833463200396685,-1.0936857658839425,"orf.at,derstandard.at,krone.at,kurier.at,diepresse.com,trend.at,futurezone.at,aerztezeitung.at,industriemagazin.at,manz.at"
AT,Austria,2020-05-01T00:00:00Z,2020-06-01T00:00:00Z,13488,55,0.0040776986951364174,-0.5746863225216817,59,0.004374258600237248,-0.7847294765151488,"orf.at,derstandard.at,krone.at,kurier.at,diepresse.com,trend.at,futurezone.at,aerztezeitung.at,industriemagazin.at,manz.at"
AT,Austria,2020-06-01T00:00:00Z,2020-07-01T00:00:00Z,13038,46,0.00352814848903206,-0.9872833108614207,47,0.003604847369228409,-1.1291762191409649,"orf.at,derstandard.at,krone.at,kurier.at,diepresse.com,trend.at,futurezone.at,aerztezeitung.at,industriemagazin.at,manz.at"
AT,Austria,2020-07-01T00:00:00Z,2020-08-01T00:00:00Z,12914,51,0.003949202415982654,-0.6446156329960254,54,0.004181508440452222,-0.7559651008796906,"orf.at,derstandard.at,krone.at,kurier.at,diepresse.com,trend.at,futurezone.at,aerztezeitung.at,industriemagazin.at,manz.at"
AT,Austria,2020-08-01T00:00:00Z,2020-09-01T00:00:00Z,11110,37,0.00333033303330333,-2.662932341299534,39,0.0035103510351035105,-2.765918205420991,"orf.at,derstandard.at,krone.at,kurier.at,diepresse.com,trend.at,futurezone.at,aerztezeitung.at,industriemagazin.at,manz.at"
AT,Austria,2020-09-01T00:00:00Z,2020-10-01T00:00:00Z,11748,36,0.0030643513789581204,-1.6354837410391525,39,0.003319713993871297,-1.8639031769024477,"orf.at,derstandard.at,krone.at,kurier.at,diepresse.com,trend.at,futurezone.at,aerztezeitung.at,industriemagazin.at,manz.at"
AT,Austria,2020-10-01T00:00:00Z,2020-11-01T00:00:00Z,9864,24,0.0024330900243309003,-0.025850479707829263,26,0.0026358475263584752,0.14061250925250338,"orf.at,derstandard.at,krone.at,kurier.at,diepresse.com,trend.at,futurezone.at,aerztezeitung.at,industriemagazin.at,manz.at"
AT,Austria,2020-11-01T00:00:00Z,2020-12-01T00:00:00Z,9674,32,0.0033078354351870993,-0.8203028766584979,35,0.00361794500723589,-0.6887211968598206,"orf.at,derstandard.at,krone.at,kurier.at,diepresse.com,trend.at,futurezone.at,aerztezeitung.at,industriemagazin.at,manz.at"
AT,Austria,2020-12-01T00:00:00Z,2021-01-01T00:00:00Z,13258,67,0.005053552572031981,0.3254517645926961,70,0.005279831045406547,0.14560217069380021,"orf.at,derstandard.at,krone.at,kurier.at,diepresse.com,trend.at,futurezone.at,aerztezeitung.at,industriemagazin.at,manz.at"
AT,Austria,2021-01-01T00:00:00Z,2021-02-01T00:00:00Z,14262,48,0.0033655868742111907,-0.563024178601031,55,0.0038564016267003225,-0.7025540146806896,"orf.at,derstandard.at,krone.at,kurier.at,diepresse.com,trend.at,futurezone.at,aerztezeitung.at,industriemagazin.at,manz.at"
AT,Austria,2021-02-01T00:00:00Z,2021-03-01T00:00:00Z,14176,43,0.003033295711060948,-1.24686224751694,46,0.003244920993227991,-1.2810714341624034,"orf.at,derstandard.at,krone.at,kurier.at,diepresse.com,trend.at,futurezone.at,aerztezeitung.at,industriemagazin.at,manz.at"
AT,Austria,2021-03-01T00:00:00Z,2021-04-01T00:00:00Z,14441,51,0.003531611384253168,-0.3331481592916807,52,0.0036008586662973478,-0.4166348760177715,"orf.at,derstandard.at,krone.at,kurier.at,diepresse.com,trend.at,futurezone.at,aerztezeitung.at,industriemagazin.at,manz.at"
AT,Austria,2021-04-01T00:00:00Z,2021-05-01T00:00:00Z,13256,57,0.004299939649969825,-0.8421570617070101,60,0.004526252263126132,-1.0098569447451853,"orf.at,derstandard.at,krone.at,kurier.at,diepresse.com,trend.at,futurezone.at,aerztezeitung.at,industriemagazin.at,manz.at"
AT,Austria,2021-05-01T00:00:00Z,2021-06-01T00:00:00Z,14579,36,0.002469305164963303,-0.445186121059458,40,0.0027436724055147814,-0.3411553493854442,"orf.at,derstandard.at,krone.at,kurier.at,diepresse.com,trend.at,futurezone.at,aerztezeitung.at,industriemagazin.at,manz.at"
AT,Austria,2021-06-01T00:00:00Z,2021-07-01T00:00:00Z,14897,59,0.003960528965563536,0.040690261363130434,60,0.004027656575149359,0.009064022707561473,"orf.at,derstandard.at,krone.at,kurier.at,diepresse.com,trend.at,futurezone.at,aerztezeitung.at,industriemagazin.at,manz.at"
AT,Austria,2021-07-01T00:00:00Z,2021-08-01T00:00:00Z,13953,70,0.005016842256145632,-1.3795899501958135,72,0.005160180606321221,-1.3789074618973687,"orf.at,derstandard.at,krone.at,kurier.at,diepresse.com,trend.at,futurezone.at,aerztezeitung.at,industriemagazin.at,manz.at"
AT,Austria,2021-08-01T00:00:00Z,2021-09-01T00:00:00Z,12190,32,0.0026251025430680886,-0.7393144361193122,33,0.0027071369975389665,-0.6342663402589472,"orf.at,derstandard.at,krone.at,kurier.at,diepresse.com,trend.at,futurezone.at,aerztezeitung.at,industriemagazin.at,manz.at"
AT,Austria,2021-09-01T00:00:00Z,2021-10-01T00:00:00Z,14058,56,0.0039834969412434204,-0.136286274530453,57,0.004054630815194195,-0.19152110362372107,"orf.at,derstandard.at,krone.at,kurier.at,diepresse.com,trend.at,futurezone.at,aerztezeitung.at,industriemagazin.at,manz.at"
AT,Austria,2021-10-01T00:00:00Z,2021-11-01T00:00:00Z,14769,49,0.0033177601733360416,0.09310682597547518,58,0.003927144694969192,-0.2923579895631414,"orf.at,derstandard.at,krone.at,kurier.at,diepresse.com,trend.at,futurezone.at,aerztezeitung.at,industriemagazin.at,manz.at"
AT,Austria,2021-11-01T00:00:00Z,2021-12-01T00:00:00Z,15086,36,0.0023863184409386186,-0.22546829884405978,41,0.002717751557735649,-0.5660982528204421,"orf.at,derstandard.at,krone.at,kurier.at,diepresse.com,trend.at,futurezone.at,aerztezeitung.at,industriemagazin.at,manz.at"
AT,Austria,2021-12-01T00:00:00Z,2022-01-01T00:00:00Z,14551,36,0.002474056765858017,-1.2606329712176016,38,0.00261150436396124,-1.134362778933594,"orf.at,derstandard.at,krone.at,kurier.at,diepresse.com,trend.at,futurezone.at,aerztezeitung.at,industriemagazin.at,manz.at"
AT,Austria,2022-01-01T00:00:00Z,2022-02-01T00:00:00Z,14677,49,0.0033385569258022755,-0.9279766759161913,51,0.003474824555426858,-0.89878537612386,"orf.at,derstandard.at,krone.at,kurier.at,diepresse.com,trend.at,futurezone.at,aerztezeitung.at,industriemagazin.at,manz.at"
AT,Austria,2022-02-01T00:00:00Z,2022-03-01T00:00:00Z,13132,49,0.0037313432835820895,-1.240582837605873,53,0.004035942735303076,-1.2197301561320233,"orf.at,derstandard.at,krone.at,kurier.at,diepresse.com,trend.at,futurezone.at,aerztezeitung.at,industriemagazin.at,manz.at"
AT,Austria,2022-03-01T00:00:00Z,2022-04-01T00:00:00Z,15491,39,0.002517590859208573,-0.24295036095039363,44,0.0028403589180814666,-0.4644118353578773,"orf.at,derstandard.at,krone.at,kurier.at,diepresse.com,trend.at,futurezone.at,aerztezeitung.at,industriemagazin.at,manz.at"
AT,Austria,2022-04-01T00:00:00Z,2022-05-01T00:00:00Z,14483,64,0.004418973969481461,-0.27605571973023496,70,0.004833252779120348,-0.39139637044480785,"orf.at,derstandard.at,krone.at,kurier.at,diepresse.com,trend.at,futurezone.at,aerztezeitung.at,industriemagazin.at,manz.at"
AT,Austria,2022-05-01T00:00:00Z,2022-06-01T00:00:00Z,14874,69,0.00463896732553449,-0.6993220165693143,70,0.004706198736049483,-0.6893317020468953,"orf.at,derstandard.at,krone.at,kurier.at,diepresse.com,trend.at,futurezone.at,aerztezeitung.at,industriemagazin.at,manz.at"
AT,Austria,2022-06-01T00:00:00Z,2022-07-01T00:00:00Z,14226,45,0.0031632222690847742,-0.44114280931362476,48,0.003374103753690426,-0.5170170084029933,"orf.at,derstandard.at,krone.at,kurier.at,diepresse.com,trend.at,futurezone.at,aerztezeitung.at,industriemagazin.at,manz.at"
AT,Austria,2022-07-01T00:00:00Z,2022-08-01T00:00:00Z,14318,52,0.003631792149741584,-0.5435554027237774,54,0.003771476463193183,-0.4816617946058259,"orf.at,derstandard.at,krone.at,kurier.at,diepresse.com,trend.at,futurezone.at,aerztezeitung.at,industriemagazin.at,manz.at"
AT,Austria,2022-08-01T00:00:00Z,2022-09-01T00:00:00Z,13655,61,0.004467228121567191,-1.1937412575163675,95,0.006957158549981692,-1.7200793140592636,"orf.at,derstandard.at,krone.at,kurier.at,diepresse.com,trend.at,futurezone.at,aerztezeitung.at,industriemagazin.at,manz.at"
AT,Austria,2022-09-01T00:00:00Z,2022-10-01T00:00:00Z,13521,52,0.003845869388358849,-0.02385368314238806,60,0.004437541601952518,-0.5237965298488017,"orf.at,derstandard.at,krone.at,kurier.at,diepresse.com,trend.at,futurezone.at,aerztezeitung.at,industriemagazin.at,manz.at"
AT,Austria,2022-10-01T00:00:00Z,2022-11-01T00:00:00Z,13789,45,0.00326347088258757,-0.12269314230614425,50,0.003626078758430633,-0.4706551173420467,"orf.at,derstandard.at,krone.at,kurier.at,diepresse.com,trend.at,futurezone.at,aerztezeitung.at,industriemagazin.at,manz.at"
AT,Austria,2022-11-01T00:00:00Z,2022-12-01T00:00:00Z,13400,39,0.0029104477611940297,-0.04468963201795534,43,0.003208955223880597,-0.3869725838484671,"orf.at,derstandard.at,krone.at,kurier.at,diepresse.com,trend.at,futurezone.at,aerztezeitung.at,industriemagazin.at,manz.at"
AT,Austria,2022-12-01T00:00:00Z,2023-01-01T00:00:00Z,12969,43,0.0033155987354460638,-0.9343962943418164,48,0.0037011334721258385,-1.1649786993172324,"orf.at,derstandard.at,krone.at,kurier.at,diepresse.com,trend.at,futurezone.at,aerztezeitung.at,industriemagazin.at,manz.at"
AT,Austria,2023-01-01T00:00:00Z,2023-02-01T00:00:00Z,13684,80,0.005846243788365975,-0.5978275448879796,84,0.006138555977784273,-0.7439542504816476,"orf.at,derstandard.at,krone.at,kurier.at,diepresse.com,trend.at,futurezone.at,aerztezeitung.at,industriemagazin.at,manz.at"
AT,Austria,2023-02-01T00:00:00Z,2023-03-01T00:00:00Z,12499,118,0.009440755260420835,-0.09381429183721039,119,0.009520761660932875,-0.12339953166484155,"orf.at,derstandard.at,krone.at,kurier.at,diepresse.com,trend.at,futurezone.at,aerztezeitung.at,industriemagazin.at,manz.at"
AT,Austria,2023-03-01T00:00:00Z,2023-04-01T00:00:00Z,14522,137,0.009433962264150943,-0.04158721589236887,143,0.0098471284946977,-0.09059839918871125,"orf.at,derstandard.at,krone.at,kurier.at,diepresse.com,trend.at,futurezone.at,aerztezeitung.at,industriemagazin.at,manz.at"
AT,Austria,2023-04-01T00:00:00Z,2023-05-01T00:00:00Z,15949,169,0.010596275628566054,-0.7511477354378638,195,0.012226471879114678,-0.9754519619336077,"orf.at,derstandard.at,krone.at,kurier.at,diepresse.com,trend.at,futurezone.at,aerztezeitung.at,industriemagazin.at,manz.at"
AT,Austria,2023-05-01T00:00:00Z,2023-06-01T00:00:00Z,16152,174,0.010772659732540862,-0.020740758385287376,178,0.011020307082714216,-0.07557538445064227,"orf.at,derstandard.at,krone.at,kurier.at,diepresse.com,trend.at,futurezone.at,aerztezeitung.at,industriemagazin.at,manz.at"
AT,Austria,2023-06-01T00:00:00Z,2023-07-01T00:00:00Z,15162,160,0.010552697533306952,-0.16324494590175626,166,0.010948423690805962,-0.16664995799332752,"orf.at,derstandard.at,krone.at,kurier.at,diepresse.com,trend.at,futurezone.at,aerztezeitung.at,industriemagazin.at,manz.at"
AT,Austria,2023-07-01T00:00:00Z,2023-08-01T00:00:00Z,14807,155,0.010468021881542514,-0.8623536355588253,157,0.010603093131626933,-0.8412738844448329,"orf.at,derstandard.at,krone.at,kurier.at,diepresse.com,trend.at,futurezone.at,aerztezeitung.at,industriemagazin.at,manz.at"
AT,Austria,2023-08-01T00:00:00Z,2023-09-01T00:00:00Z,14590,144,0.009869773817683345,-0.3932632179258192,151,0.010349554489376285,-0.43587316248250146,"orf.at,derstandard.at,krone.at,kurier.at,diepresse.com,trend.at,futurezone.at,aerztezeitung.at,industriemagazin.at,manz.at"
AT,Austria,2023-09-01T00:00:00Z,2023-10-01T00:00:00Z,14839,165,0.01111934766493699,-0.15166391962441,177,0.011928027495114226,-0.29434224210227317,"orf.at,derstandard.at,krone.at,kurier.at,diepresse.com,trend.at,futurezone.at,aerztezeitung.at,industriemagazin.at,manz.at"
AT,Austria,2023-10-01T00:00:00Z,2023-11-01T00:00:00Z,15374,182,0.011838168336151944,-1.3285360206866137,187,0.012163392740991284,-1.40445695246216,"orf.at,derstandard.at,krone.at,kurier.at,diepresse.com,trend.at,futurezone.at,aerztezeitung.at,industriemagazin.at,manz.at"
AT,Austria,2023-11-01T00:00:00Z,2023-12-01T00:00:00Z,14942,244,0.016329808593227146,-1.3958791272340851,247,0.016530584928389772,-1.383137969672183,"orf.at,derstandard.at,krone.at,kurier.at,diepresse.com,trend.at,futurezone.at,aerztezeitung.at,industriemagazin.at,manz.at"
AT,Austria,2023-12-01T00:00:00Z,2024-01-01T00:00:00Z,13519,175,0.012944744433759894,-0.798683203584589,180,0.013314594274724463,-0.861070176969263,"orf.at,derstandard.at,krone.at,kurier.at,diepresse.com,trend.at,futurezone.at,aerztezeitung.at,industriemagazin.at,manz.at"
AT,Austria,2024-01-01T00:00:00Z,2024-02-01T00:00:00Z,14090,172,0.012207239176721079,-0.33693790395858897,199,0.014123491838183108,-0.48600039433179765,"orf.at,derstandard.at,krone.at,kurier.at,diepresse.com,trend.at,futurezone.at,aerztezeitung.at,industriemagazin.at,manz.at"
AT,Austria,2024-02-01T00:00:00Z,2024-03-01T00:00:00Z,14263,201,0.014092406927013952,-1.1578836374076107,210,0.014723410222253383,-1.2400697609836409,"orf.at,derstandard.at,krone.at,kurier.at,diepresse.com,trend.at,futurezone.at,aerztezeitung.at,industriemagazin.at,manz.at"
AT,Austria,2024-03-01T00:00:00Z,2024-04-01T00:00:00Z,15431,173,0.011211198237314497,-0.8879489814790306,174,0.01127600285140302,-0.8888324164513732,"orf.at,derstandard.at,krone.at,kurier.at,diepresse.com,trend.at,futurezone.at,aerztezeitung.at,industriemagazin.at,manz.at"
AT,Austria,2024-04-01T00:00:00Z,2024-05-01T00:00:00Z,15181,208,0.013701337197813055,-0.7608071492084113,218,0.014360055332323299,-0.7999778349070769,"orf.at,derstandard.at,krone.at,kurier.at,diepresse.com,trend.at,futurezone.at,aerztezeitung.at,industriemagazin.at,manz.at"
AT,Austria,2024-05-01T00:00:00Z,2024-06-01T00:00:00Z,14915,253,0.016962789138451225,0.07638309296575417,276,0.018504860878310426,-0.16424321956146104,"orf.at,derstandard.at,krone.at,kurier.at,diepresse.com,trend.at,futurezone.at,aerztezeitung.at,industriemagazin.at,manz.at"
AT,Austria,2024-06-01T00:00:00Z,2024-07-01T00:00:00Z,14802,216,0.014592622618565058,-0.30618214534095944,221,0.01493041480880962,-0.3934636508482963,"orf.at,derstandard.at,krone.at,kurier.at,diepresse.com,trend.at,futurezone.at,aerztezeitung.at,industriemagazin.at,manz.at"
AT,Austria,2024-07-01T00:00:00Z,2024-08-01T00:00:00Z,14988,152,0.010141446490525754,-0.6221995798823876,163,0.010875366960234854,-0.8589947204128467,"orf.at,derstandard.at,krone.at,kurier.at,diepresse.com,trend.at,futurezone.at,aerztezeitung.at,industriemagazin.at,manz.at"
AT,Austria,2024-08-01T00:00:00Z,2024-09-01T00:00:00Z,14361,189,0.01316064340923334,-1.2549506666750667,192,0.013369542510967202,-1.260502211968795,"orf.at,derstandard.at,krone.at,kurier.at,diepresse.com,trend.at,futurezone.at,aerztezeitung.at,industriemagazin.at,manz.at"
AT,Austria,2024-09-01T00:00:00Z,2024-10-01T00:00:00Z,15063,180,0.011949810794662417,-1.248912376304797,182,0.012082586470158667,-1.2706165839483443,"orf.at,derstandard.at,krone.at,kurier.at,diepresse.com,trend.at,futurezone.at,aerztezeitung.at,industriemagazin.at,manz.at"
AT,Austria,2024-10-01T00:00:00Z,2024-11-01T00:00:00Z,15185,203,0.013368455712874547,-0.9980177185572184,209,0.013763582482713204,-1.0826761178636979,"orf.at,derstandard.at,krone.at,kurier.at,diepresse.com,trend.at,futurezone.at,aerztezeitung.at,industriemagazin.at,manz.at"
AT,Austria,2024-11-01T00:00:00Z,2024-12-01T00:00:00Z,15226,165,0.01083672665177985,-0.8480437889469239,175,0.011493497964008932,-0.9412964994708016,"orf.at,derstandard.at,krone.at,kurier.at,diepresse.com,trend.at,futurezone.at,aerztezeitung.at,industriemagazin.at,manz.at"
AT,Austria,2024-12-01T00:00:00Z,2025-01-01T00:00:00Z,14529,146,0.010048867781678024,-0.5088868348799105,149,0.010255351366233052,-0.5295604071089306,"orf.at,derstandard.at,krone.at,kurier.at,diepresse.com,trend.at,futurezone.at,aerztezeitung.at,industriemagazin.at,manz.at"
AT,Austria,2025-01-01T00:00:00Z,2025-02-01T00:00:00Z,16129,212,0.013144026288052576,-0.6177552237516563,216,0.013392026784053568,-0.6879920508732421,"orf.at,derstandard.at,krone.at,kurier.at,diepresse.com,trend.at,futurezone.at,aerztezeitung.at,industriemagazin.at,manz.at"
AT,Austria,2025-02-01T00:00:00Z,2025-03-01T00:00:00Z,14962,216,0.014436572650715145,-0.6363800288892714,221,0.014770752573185403,-0.6959218796097706,"orf.at,derstandard.at,krone.at,kurier.at,diepresse.com,trend.at,futurezone.at,aerztezeitung.at,industriemagazin.at,manz.at"
AT,Austria,2025-03-01T00:00:00Z,2025-04-01T00:00:00Z,16729,202,0.012074840098033356,-0.7338515809034953,204,0.012194392970291111,-0.7452413143809551,"orf.at,derstandard.at,krone.at,kurier.at,diepresse.com,trend.at,futurezone.at,aerztezeitung.at,industriemagazin.at,manz.at"
AT,Austria,2025-04-01T00:00:00Z,2025-05-01T00:00:00Z,15704,239,0.0152190524707081,-0.6581253354432925,241,0.015346408558329088,-0.667416378204944,"orf.at,derstandard.at,krone.at,kurier.at,diepresse.com,trend.at,futurezone.at,aerztezeitung.at,industriemagazin.at,manz.at"
AT,Austria,2025-05-01T00:00:00Z,2025-06-01T00:00:00Z,16164,253,0.015652066320217768,-0.09232358580127638,254,0.015713932195001237,-0.08420743750209113,"orf.at,derstandard.at,krone.at,kurier.at,diepresse.com,trend.at,futurezone.at,aerztezeitung.at,industriemagazin.at,manz.at"
AT,Austria,2025-06-01T00:00:00Z,2025-07-01T00:00:00Z,6966,98,0.014068331897789263,-0.7206473381696978,101,0.014498995119150157,-0.9015410605102777,"orf.at,derstandard.at,krone.at,kurier.at,diepresse.com,trend.at,futurezone.at,aerztezeitung.at,industriemagazin.at,manz.at"
AT,Austria,2025-07-01T00:00:00Z,2025-08-01T00:00:00Z,15783,185,0.011721472470379522,-0.2061314976225566,188,0.011911550402331623,-0.21251854166466502,"orf.at,derstandard.at,krone.at,kurier.at,diepresse.com,trend.at,futurezone.at,aerztezeitung.at,industriemagazin.at,manz.at"
AT,Austria,2025-08-01T00:00:00Z,2025-09-01T00:00:00Z,14930,208,0.013931681178834561,-0.31258565487225926,209,0.013998660415271267,-0.3174696150562835,"orf.at,derstandard.at,krone.at,kurier.at,diepresse.com,trend.at,futurezone.at,aerztezeitung.at,industriemagazin.at,manz.at"
AT,Austria,2025-09-01T00:00:00Z,2025-10-01T00:00:00Z,16133,230,0.014256492902745924,-0.6208925182598651,244,0.015124279427260894,-0.7663331129350582,"orf.at,derstandard.at,krone.at,kurier.at,diepresse.com,trend.at,futurezone.at,aerztezeitung.at,industriemagazin.at,manz.at"
AT,Austria,2025-10-01T00:00:00Z,2025-11-01T00:00:00Z,16213,236,0.014556220317029545,-0.32024027781144415,239,0.014741257015974835,-0.3403309331369734,"orf.at,derstandard.at,krone.at,kurier.at,diepresse.com,trend.at,futurezone.at,aerztezeitung.at,industriemagazin.at,manz.at"
AT,Austria,2025-11-01T00:00:00Z,2025-12-01T00:00:00Z,15699,235,0.01496910631250398,-0.49032148376436385,245,0.015606089559844575,-0.5708201529013216,"orf.at,derstandard.at,krone.at,kurier.at,diepresse.com,trend.at,futurezone.at,aerztezeitung.at,industriemagazin.at,manz.at"
AT,Austria,2025-12-01T00:00:00Z,2026-01-01T00:00:00Z,15117,181,0.011973275120725012,-0.3615819061938466,199,0.01316398756367004,-0.8900817643711068,"orf.at,derstandard.at,krone.at,kurier.at,diepresse.com,trend.at,futurezone.at,aerztezeitung.at,industriemagazin.at,manz.at"
AT,Austria,2026-01-01T00:00:00Z,2026-02-01T00:00:00Z,16149,275,0.017028918199269303,-0.3953371911929004,286,0.017710074927240076,-0.3656098058505842,"orf.at,derstandard.at,krone.at,kurier.at,diepresse.com,trend.at,futurezone.at,aerztezeitung.at,industriemagazin.at,manz.at"
AT,Austria,2026-02-01T00:00:00Z,2026-03-01T00:00:00Z,15237,277,0.0181794316466496,-0.8042776102571759,279,0.01831069108092144,-0.8063898444150239,"orf.at,derstandard.at,krone.at,kurier.at,diepresse.com,trend.at,futurezone.at,aerztezeitung.at,industriemagazin.at,manz.at"
AT,Austria,2026-03-01T00:00:00Z,2026-04-01T00:00:00Z,6439,100,0.015530361857431278,-1.384874124819846,100,0.015530361857431278,-1.384874124819846,"orf.at,derstandard.at,krone.at,kurier.at,diepresse.com,trend.at,futurezone.at,aerztezeitung.at,industriemagazin.at,manz.at"
BE,Belgium,2018-06-01T00:00:00Z,2018-07-01T00:00:00Z,18000,144,0.008,-1.435060515036072,149,0.008277777777777778,-1.4458553700837493,"hln.be,lesoir.be,vrt.be,nieuwsblad.be,lalibre.be,lecho.be,datanews.knack.be,medi-sphere.be,energynews.pro,legalnews.be"
BE,Belgium,2018-07-01T00:00:00Z,2018-08-01T00:00:00Z,13792,159,0.011528422273781903,-1.6129122750476756,161,0.011673433874709977,-1.6137696060368933,"hln.be,lesoir.be,vrt.be,nieuwsblad.be,lalibre.be,lecho.be,datanews.knack.be,medi-sphere.be,energynews.pro,legalnews.be"
BE,Belgium,2018-08-01T00:00:00Z,2018-09-01T00:00:00Z,11975,59,0.0049269311064718165,-0.8384824293971418,64,0.005344467640918581,-0.7480249101456127,"hln.be,lesoir.be,vrt.be,nieuwsblad.be,lalibre.be,lecho.be,datanews.knack.be,medi-sphere.be,energynews.pro,legalnews.be"
BE,Belgium,2018-09-01T00:00:00Z,2018-10-01T00:00:00Z,11318,90,0.007951934970842905,-1.3661529833848798,96,0.0084820639688991,-1.4017238866639514,"hln.be,lesoir.be,vrt.be,nieuwsblad.be,lalibre.be,lecho.be,datanews.knack.be,medi-sphere.be,energynews.pro,legalnews.be"
BE,Belgium,2018-10-01T00:00:00Z,2018-11-01T00:00:00Z,12429,97,0.007804328586370585,-0.48078791716466485,103,0.00828707056078526,-0.573509642958284,"hln.be,lesoir.be,vrt.be,nieuwsblad.be,lalibre.be,lecho.be,datanews.knack.be,medi-sphere.be,energynews.pro,legalnews.be"
BE,Belgium,2018-11-01T00:00:00Z,2018-12-01T00:00:00Z,12715,118,0.009280377506881635,-1.7086648583663946,121,0.00951631930790405,-1.719922796291662,"hln.be,lesoir.be,vrt.be,nieuwsblad.be,lalibre.be,lecho.be,datanews.knack.be,medi-sphere.be,energynews.pro,legalnews.be"
BE,Belgium,2018-12-01T00:00:00Z,2019-01-01T00:00:00Z,9594,61,0.006358140504481968,-0.637414472418258,61,0.006358140504481968,-0.637414472418258,"hln.be,lesoir.be,vrt.be,nieuwsblad.be,lalibre.be,lecho.be,datanews.knack.be,medi-sphere.be,energynews.pro,legalnews.be"
BE,Belgium,2019-01-01T00:00:00Z,2019-02-01T00:00:00Z,9442,55,0.005825037068417708,-1.1636071660883334,59,0.006248676127938996,-1.241643946796152,"hln.be,lesoir.be,vrt.be,nieuwsblad.be,lalibre.be,lecho.be,datanews.knack.be,medi-sphere.be,energynews.pro,legalnews.be"
BE,Belgium,2019-02-01T00:00:00Z,2019-03-01T00:00:00Z,8219,41,0.004988441416230685,-1.080410054442789,42,0.00511011071906558,-1.1355485392202072,"hln.be,lesoir.be,vrt.be,nieuwsblad.be,lalibre.be,lecho.be,datanews.knack.be,medi-sphere.be,energynews.pro,legalnews.be"
BE,Belgium,2019-03-01T00:00:00Z,2019-04-01T00:00:00Z,9204,81,0.008800521512385919,-1.3366594011252468,81,0.008800521512385919,-1.3366594011252468,"hln.be,lesoir.be,vrt.be,nieuwsblad.be,lalibre.be,lecho.be,datanews.knack.be,medi-sphere.be,energynews.pro,legalnews.be"
BE,Belgium,2019-04-01T00:00:00Z,2019-05-01T00:00:00Z,8982,62,0.006902694277443776,-1.8350610703353263,64,0.007125361834780673,-1.809668377122521,"hln.be,lesoir.be,vrt.be,nieuwsblad.be,lalibre.be,lecho.be,datanews.knack.be,medi-sphere.be,energynews.pro,legalnews.be"
BE,Belgium,2019-05-01T00:00:00Z,2019-06-01T00:00:00Z,8443,38,0.004500769868530144,-1.2765032444199813,40,0.004737652493189625,-0.9780484749217061,"hln.be,lesoir.be,vrt.be,nieuwsblad.be,lalibre.be,lecho.be,datanews.knack.be,medi-sphere.be,energynews.pro,legalnews.be"
BE,Belgium,2019-06-01T00:00:00Z,2019-07-01T00:00:00Z,7383,17,0.002302587024244887,-0.6764496758069505,17,0.002302587024244887,-0.6764496758069505,"hln.be,lesoir.be,vrt.be,nieuwsblad.be,lalibre.be,lecho.be,datanews.knack.be,medi-sphere.be,energynews.pro,legalnews.be"
BE,Belgium,2019-07-01T00:00:00Z,2019-08-01T00:00:00Z,7616,18,0.0023634453781512603,0.013174411809411354,19,0.0024947478991596637,-0.1460478305369303,"hln.be,lesoir.be,vrt.be,nieuwsblad.be,lalibre.be,lecho.be,datanews.knack.be,medi-sphere.be,energynews.pro,legalnews.be"
BE,Belgium,2019-08-01T00:00:00Z,2019-09-01T00:00:00Z,6822,15,0.0021987686895338612,-2.252124896556702,16,0.0023453532688361184,-2.3623711065861643,"hln.be,lesoir.be,vrt.be,nieuwsblad.be,lalibre.be,lecho.be,datanews.knack.be,medi-sphere.be,energynews.pro,legalnews.be"
BE,Belgium,2019-09-01T00:00:00Z,2019-10-01T00:00:00Z,7211,27,0.0037442795728747746,-0.832704814501601,27,0.0037442795728747746,-0.832704814501601,"hln.be,lesoir.be,vrt.be,nieuwsblad.be,lalibre.be,lecho.be,datanews.knack.be,medi-sphere.be,energynews.pro,legalnews.be"
BE,Belgium,2019-10-01T00:00:00Z,2019-11-01T00:00:00Z,6762,31,0.00458444247264123,-1.9627220984820837,31,0.00458444247264123,-1.9627220984820837,"hln.be,lesoir.be,vrt.be,nieuwsblad.be,lalibre.be,lecho.be,datanews.knack.be,medi-sphere.be,energynews.pro,legalnews.be"
BE,Belgium,2019-11-01T00:00:00Z,2019-12-01T00:00:00Z,6222,17,0.00273224043715847,-1.6994736507071195,17,0.00273224043715847,-1.6994736507071195,"hln.be,lesoir.be,vrt.be,nieuwsblad.be,lalibre.be,lecho.be,datanews.knack.be,medi-sphere.be,energynews.pro,legalnews.be"
BE,Belgium,2019-12-01T00:00:00Z,2020-01-01T00:00:00Z,5963,15,0.0025155123260103976,0.4029477575654714,15,0.0025155123260103976,0.4029477575654714,"hln.be,lesoir.be,vrt.be,nieuwsblad.be,lalibre.be,lecho.be,datanews.knack.be,medi-sphere.be,energynews.pro,legalnews.be"
BE,Belgium,2020-01-01T00:00:00Z,2020-02-01T00:00:00Z,6652,4,0.0006013229104028864,2.473250323245735,5,0.000751653638003608,0.5935587073500499,"hln.be,lesoir.be,vrt.be,nieuwsblad.be,lalibre.be,lecho.be,datanews.knack.be,medi-sphere.be,energynews.pro,legalnews.be"
BE,Belgium,2020-02-01T00:00:00Z,2020-03-01T00:00:00Z,5698,6,0.001053001053001053,-0.19322129727488735,6,0.001053001053001053,-0.19322129727488735,"hln.be,lesoir.be,vrt.be,nieuwsblad.be,lalibre.be,lecho.be,datanews.knack.be,medi-sphere.be,energynews.pro,legalnews.be"
BE,Belgium,2020-03-01T00:00:00Z,2020-04-01T00:00:00Z,5779,9,0.0015573628655476727,-3.1358239021992054,9,0.0015573628655476727,-3.1358239021992054,"hln.be,lesoir.be,vrt.be,nieuwsblad.be,lalibre.be,lecho.be,datanews.knack.be,medi-sphere.be,energynews.pro,legalnews.be"
BE,Belgium,2020-04-01T00:00:00Z,2020-05-01T00:00:00Z,5393,4,0.0007417022065640646,-0.046351059951231885,4,0.0007417022065640646,-0.046351059951231885,"hln.be,lesoir.be,vrt.be,nieuwsblad.be,lalibre.be,lecho.be,datanews.knack.be,medi-sphere.be,energynews.pro,legalnews.be"
BE,Belgium,2020-05-01T00:00:00Z,2020-06-01T00:00:00Z,5383,7,0.0013003901170351106,0.7537714521255238,7,0.0013003901170351106,0.7537714521255238,"hln.be,lesoir.be,vrt.be,nieuwsblad.be,lalibre.be,lecho.be,datanews.knack.be,medi-sphere.be,energynews.pro,legalnews.be"
BE,Belgium,2020-06-01T00:00:00Z,2020-07-01T00:00:00Z,5519,9,0.001630730204747237,-3.508461120633528,9,0.001630730204747237,-3.508461120633528,"hln.be,lesoir.be,vrt.be,nieuwsblad.be,lalibre.be,lecho.be,datanews.knack.be,medi-sphere.be,energynews.pro,legalnews.be"
BE,Belgium,2020-07-01T00:00:00Z,2020-08-01T00:00:00Z,4837,7,0.001447178002894356,-2.19780030783018,7,0.001447178002894356,-2.19780030783018,"hln.be,lesoir.be,vrt.be,nieuwsblad.be,lalibre.be,lecho.be,datanews.knack.be,medi-sphere.be,energynews.pro,legalnews.be"
BE,Belgium,2020-08-01T00:00:00Z,2020-09-01T00:00:00Z,4679,1,0.00021372088053002778,2.65486725663717,1,0.00021372088053002778,2.65486725663717,"hln.be,lesoir.be,vrt.be,nieuwsblad.be,lalibre.be,lecho.be,datanews.knack.be,medi-sphere.be,energynews.pro,legalnews.be"
BE,Belgium,2020-09-01T00:00:00Z,2020-10-01T00:00:00Z,5010,10,0.001996007984031936,-0.3176525533611035,10,0.001996007984031936,-0.3176525533611035,"hln.be,lesoir.be,vrt.be,nieuwsblad.be,lalibre.be,lecho.be,datanews.knack.be,medi-sphere.be,energynews.pro,legalnews.be"
BE,Belgium,2020-10-01T00:00:00Z,2020-11-01T00:00:00Z,3786,8,0.0021130480718436345,-0.923277297431665,8,0.0021130480718436345,-0.923277297431665,"hln.be,lesoir.be,vrt.be,nieuwsblad.be,lalibre.be,lecho.be,datanews.knack.be,medi-sphere.be,energynews.pro,legalnews.be"
BE,Belgium,2020-11-01T00:00:00Z,2020-12-01T00:00:00Z,3387,2,0.000590493061706525,-1.322751322751325,2,0.000590493061706525,-1.322751322751325,"hln.be,lesoir.be,vrt.be,nieuwsblad.be,lalibre.be,lecho.be,datanews.knack.be,medi-sphere.be,energynews.pro,legalnews.be"
BE,Belgium,2020-12-01T00:00:00Z,2021-01-01T00:00:00Z,5125,7,0.0013658536585365853,-0.08057743581405719,8,0.0015609756097560976,-0.5102037487996113,"hln.be,lesoir.be,vrt.be,nieuwsblad.be,lalibre.be,lecho.be,datanews.knack.be,medi-sphere.be,energynews.pro,legalnews.be"
BE,Belgium,2021-01-01T00:00:00Z,2021-02-01T00:00:00Z,5280,5,0.000946969696969697,-1.78688218163418,5,0.000946969696969697,-1.78688218163418,"hln.be,lesoir.be,vrt.be,nieuwsblad.be,lalibre.be,lecho.be,datanews.knack.be,medi-sphere.be,energynews.pro,legalnews.be"
BE,Belgium,2021-02-01T00:00:00Z,2021-03-01T00:00:00Z,5101,17,0.0033326798666928055,-0.5826625173512227,17,0.0033326798666928055,-0.5826625173512227,"hln.be,lesoir.be,vrt.be,nieuwsblad.be,lalibre.be,lecho.be,datanews.knack.be,medi-sphere.be,energynews.pro,legalnews.be"
BE,Belgium,2021-03-01T00:00:00Z,2021-04-01T00:00:00Z,5590,10,0.0017889087656529517,-3.1076190458817137,10,0.0017889087656529517,-3.1076190458817137,"hln.be,lesoir.be,vrt.be,nieuwsblad.be,lalibre.be,lecho.be,datanews.knack.be,medi-sphere.be,energynews.pro,legalnews.be"
BE,Belgium,2021-04-01T00:00:00Z,2021-05-01T00:00:00Z,5229,10,0.0019124115509657677,-2.4607294119722662,10,0.0019124115509657677,-2.4607294119722662,"hln.be,lesoir.be,vrt.be,nieuwsblad.be,lalibre.be,lecho.be,datanews.knack.be,medi-sphere.be,energynews.pro,legalnews.be"
BE,Belgium,2021-05-01T00:00:00Z,2021-06-01T00:00:00Z,5784,5,0.0008644536652835408,-0.5409786869588616,5,0.0008644536652835408,-0.5409786869588616,"hln.be,lesoir.be,vrt.be,nieuwsblad.be,lalibre.be,lecho.be,datanews.knack.be,medi-sphere.be,energynews.pro,legalnews.be"
BE,Belgium,2021-06-01T00:00:00Z,2021-07-01T00:00:00Z,5951,9,0.001512350865400773,-2.2579874899803762,9,0.001512350865400773,-2.2579874899803762,"hln.be,lesoir.be,vrt.be,nieuwsblad.be,lalibre.be,lecho.be,datanews.knack.be,medi-sphere.be,energynews.pro,legalnews.be"
BE,Belgium,2021-07-01T00:00:00Z,2021-08-01T00:00:00Z,5728,13,0.0022695530726256985,-0.7898563116607802,13,0.0022695530726256985,-0.7898563116607802,"hln.be,lesoir.be,vrt.be,nieuwsblad.be,lalibre.be,lecho.be,datanews.knack.be,medi-sphere.be,energynews.pro,legalnews.be"
BE,Belgium,2021-08-01T00:00:00Z,2021-09-01T00:00:00Z,4756,7,0.001471825063078217,-1.1108709064894646,7,0.001471825063078217,-1.1108709064894646,"hln.be,lesoir.be,vrt.be,nieuwsblad.be,lalibre.be,lecho.be,datanews.knack.be,medi-sphere.be,energynews.pro,legalnews.be"
BE,Belgium,2021-09-01T00:00:00Z,2021-10-01T00:00:00Z,5831,13,0.0022294632138569713,0.15134180771428016,13,0.0022294632138569713,0.15134180771428016,"hln.be,lesoir.be,vrt.be,nieuwsblad.be,lalibre.be,lecho.be,datanews.knack.be,medi-sphere.be,energynews.pro,legalnews.be"
BE,Belgium,2021-10-01T00:00:00Z,2021-11-01T00:00:00Z,6799,26,0.0038240917782026767,0.55186984531775,27,0.003971172231210472,0.47531349863370287,"hln.be,lesoir.be,vrt.be,nieuwsblad.be,lalibre.be,lecho.be,datanews.knack.be,medi-sphere.be,energynews.pro,legalnews.be"
BE,Belgium,2021-11-01T00:00:00Z,2021-12-01T00:00:00Z,6658,35,0.005256833884049264,1.5222935505249788,35,0.005256833884049264,1.5222935505249788,"hln.be,lesoir.be,vrt.be,nieuwsblad.be,lalibre.be,lecho.be,datanews.knack.be,medi-sphere.be,energynews.pro,legalnews.be"
BE,Belgium,2021-12-01T00:00:00Z,2022-01-01T00:00:00Z,7020,37,0.005270655270655271,0.8350086939264374,37,0.005270655270655271,0.8350086939264374,"hln.be,lesoir.be,vrt.be,nieuwsblad.be,lalibre.be,lecho.be,datanews.knack.be,medi-sphere.be,energynews.pro,legalnews.be"
BE,Belgium,2022-01-01T00:00:00Z,2022-02-01T00:00:00Z,6505,24,0.003689469638739431,0.2094319988980839,24,0.003689469638739431,0.2094319988980839,"hln.be,lesoir.be,vrt.be,nieuwsblad.be,lalibre.be,lecho.be,datanews.knack.be,medi-sphere.be,energynews.pro,legalnews.be"
BE,Belgium,2022-02-01T00:00:00Z,2022-03-01T00:00:00Z,6255,29,0.004636290967226219,-0.9212026457090638,30,0.004796163069544364,-0.9736905663928602,"hln.be,lesoir.be,vrt.be,nieuwsblad.be,lalibre.be,lecho.be,datanews.knack.be,medi-sphere.be,energynews.pro,legalnews.be"
BE,Belgium,2022-03-01T00:00:00Z,2022-04-01T00:00:00Z,6706,32,0.0047718461079630185,-0.1781479716370832,36,0.0053683268714583956,-0.4248975630729549,"hln.be,lesoir.be,vrt.be,nieuwsblad.be,lalibre.be,lecho.be,datanews.knack.be,medi-sphere.be,energynews.pro,legalnews.be"
BE,Belgium,2022-04-01T00:00:00Z,2022-05-01T00:00:00Z,6589,39,0.005918955835483381,0.19855307989319482,39,0.005918955835483381,0.19855307989319482,"hln.be,lesoir.be,vrt.be,nieuwsblad.be,lalibre.be,lecho.be,datanews.knack.be,medi-sphere.be,energynews.pro,legalnews.be"
BE,Belgium,2022-05-01T00:00:00Z,2022-06-01T00:00:00Z,7076,56,0.00791407574901074,0.8901823965323888,57,0.008055398530243075,0.8614236936035401,"hln.be,lesoir.be,vrt.be,nieuwsblad.be,lalibre.be,lecho.be,datanews.knack.be,medi-sphere.be,energynews.pro,legalnews.be"
BE,Belgium,2022-06-01T00:00:00Z,2022-07-01T00:00:00Z,7029,41,0.005832977663963579,0.6605196034476759,41,0.005832977663963579,0.6605196034476759,"hln.be,lesoir.be,vrt.be,nieuwsblad.be,lalibre.be,lecho.be,datanews.knack.be,medi-sphere.be,energynews.pro,legalnews.be"
BE,Belgium,2022-07-01T00:00:00Z,2022-08-01T00:00:00Z,6871,32,0.004657255130257604,1.091160841688514,32,0.004657255130257604,1.091160841688514,"hln.be,lesoir.be,vrt.be,nieuwsblad.be,lalibre.be,lecho.be,datanews.knack.be,medi-sphere.be,energynews.pro,legalnews.be"
BE,Belgium,2022-08-01T00:00:00Z,2022-09-01T00:00:00Z,6785,47,0.006927044952100221,0.24653782783510733,65,0.009579955784819455,-0.4168105734301629,"hln.be,lesoir.be,vrt.be,nieuwsblad.be,lalibre.be,lecho.be,datanews.knack.be,medi-sphere.be,energynews.pro,legalnews.be"
BE,Belgium,2022-09-01T00:00:00Z,2022-10-01T00:00:00Z,7054,41,0.005812305075134676,0.6016699562949722,44,0.0062375956903884325,0.41435966714730865,"hln.be,lesoir.be,vrt.be,nieuwsblad.be,lalibre.be,lecho.be,datanews.knack.be,medi-sphere.be,energynews.pro,legalnews.be"
BE,Belgium,2022-10-01T00:00:00Z,2022-11-01T00:00:00Z,7191,28,0.0038937560839938812,0.5270368778214294,28,0.0038937560839938812,0.5270368778214294,"hln.be,lesoir.be,vrt.be,nieuwsblad.be,lalibre.be,lecho.be,datanews.knack.be,medi-sphere.be,energynews.pro,legalnews.be"
BE,Belgium,2022-11-01T00:00:00Z,2022-12-01T00:00:00Z,6595,33,0.005003790750568613,-0.14743102113142592,33,0.005003790750568613,-0.14743102113142592,"hln.be,lesoir.be,vrt.be,nieuwsblad.be,lalibre.be,lecho.be,datanews.knack.be,medi-sphere.be,energynews.pro,legalnews.be"
BE,Belgium,2022-12-01T00:00:00Z,2023-01-01T00:00:00Z,6621,51,0.007702763932940644,-0.5302688388713659,54,0.008155867693701857,-0.5282435752111808,"hln.be,lesoir.be,vrt.be,nieuwsblad.be,lalibre.be,lecho.be,datanews.knack.be,medi-sphere.be,energynews.pro,legalnews.be"
BE,Belgium,2023-01-01T00:00:00Z,2023-02-01T00:00:00Z,6847,37,0.005403826493354754,0.10617580029054607,38,0.005549875858040018,0.1618612324466428,"hln.be,lesoir.be,vrt.be,nieuwsblad.be,lalibre.be,lecho.be,datanews.knack.be,medi-sphere.be,energynews.pro,legalnews.be"
BE,Belgium,2023-02-01T00:00:00Z,2023-03-01T00:00:00Z,5948,31,0.005211835911230666,1.000366477167411,32,0.005379959650302623,1.1192141950616064,"hln.be,lesoir.be,vrt.be,nieuwsblad.be,lalibre.be,lecho.be,datanews.knack.be,medi-sphere.be,energynews.pro,legalnews.be"
BE,Belgium,2023-03-01T00:00:00Z,2023-04-01T00:00:00Z,7628,40,0.005243838489774515,1.016631343743424,44,0.0057682223387519665,0.8588397103560281,"hln.be,lesoir.be,vrt.be,nieuwsblad.be,lalibre.be,lecho.be,datanews.knack.be,medi-sphere.be,energynews.pro,legalnews.be"
BE,Belgium,2023-04-01T00:00:00Z,2023-05-01T00:00:00Z,8830,41,0.00464326160815402,0.054867776461464124,69,0.007814269535673839,-0.5881720312001966,"hln.be,lesoir.be,vrt.be,nieuwsblad.be,lalibre.be,lecho.be,datanews.knack.be,medi-sphere.be,energynews.pro,legalnews.be"
BE,Belgium,2023-05-01T00:00:00Z,2023-06-01T00:00:00Z,8923,50,0.005603496581867085,0.3788864040844213,53,0.00593970637677911,0.18954131974235736,"hln.be,lesoir.be,vrt.be,nieuwsblad.be,lalibre.be,lecho.be,datanews.knack.be,medi-sphere.be,energynews.pro,legalnews.be"
BE,Belgium,2023-06-01T00:00:00Z,2023-07-01T00:00:00Z,9167,38,0.004145303807134286,-0.49312205791846997,46,0.005017999345478346,-0.6571411384000774,"hln.be,lesoir.be,vrt.be,nieuwsblad.be,lalibre.be,lecho.be,datanews.knack.be,medi-sphere.be,energynews.pro,legalnews.be"
BE,Belgium,2023-07-01T00:00:00Z,2023-08-01T00:00:00Z,5832,18,0.0030864197530864196,-0.7264332346952413,19,0.0032578875171467765,-1.0359856705227815,"hln.be,lesoir.be,vrt.be,nieuwsblad.be,lalibre.be,lecho.be,datanews.knack.be,medi-sphere.be,energynews.pro,legalnews.be"
BE,Belgium,2023-08-01T00:00:00Z,2023-09-01T00:00:00Z,5861,20,0.003412386964681795,-1.1988307558608335,23,0.0039242450093840645,-1.1002922428844228,"hln.be,lesoir.be,vrt.be,nieuwsblad.be,lalibre.be,lecho.be,datanews.knack.be,medi-sphere.be,energynews.pro,legalnews.be"
BE,Belgium,2023-09-01T00:00:00Z,2023-10-01T00:00:00Z,6497,16,0.002462675080806526,-0.9407248495188972,20,0.0030783438510081575,-1.011404773432999,"hln.be,lesoir.be,vrt.be,nieuwsblad.be,lalibre.be,lecho.be,datanews.knack.be,medi-sphere.be,energynews.pro,legalnews.be"
BE,Belgium,2023-10-01T00:00:00Z,2023-11-01T00:00:00Z,6573,33,0.005020538566864446,-0.1961139998952891,34,0.005172676099193671,-0.1500558524366445,"hln.be,lesoir.be,vrt.be,nieuwsblad.be,lalibre.be,lecho.be,datanews.knack.be,medi-sphere.be,energynews.pro,legalnews.be"
BE,Belgium,2023-11-01T00:00:00Z,2023-12-01T00:00:00Z,6275,14,0.0022310756972111555,0.30591100711269986,17,0.0027091633466135457,-0.28344172884025937,"hln.be,lesoir.be,vrt.be,nieuwsblad.be,lalibre.be,lecho.be,datanews.knack.be,medi-sphere.be,energynews.pro,legalnews.be"
BE,Belgium,2023-12-01T00:00:00Z,2024-01-01T00:00:00Z,6312,24,0.0038022813688212928,0.6822872727693396,27,0.0042775665399239545,0.47987747860154845,"hln.be,lesoir.be,vrt.be,nieuwsblad.be,lalibre.be,lecho.be,datanews.knack.be,medi-sphere.be,energynews.pro,legalnews.be"
BE,Belgium,2024-01-01T00:00:00Z,2024-02-01T00:00:00Z,6650,32,0.00481203007518797,-0.08141207651362792,40,0.006015037593984963,-0.09264803477267422,"hln.be,lesoir.be,vrt.be,nieuwsblad.be,lalibre.be,lecho.be,datanews.knack.be,medi-sphere.be,energynews.pro,legalnews.be"
BE,Belgium,2024-02-01T00:00:00Z,2024-03-01T00:00:00Z,6317,32,0.005065695741649517,-0.8595008366005013,35,0.00554060471742916,-0.8495019306760211,"hln.be,lesoir.be,vrt.be,nieuwsblad.be,lalibre.be,lecho.be,datanews.knack.be,medi-sphere.be,energynews.pro,legalnews.be"
BE,Belgium,2024-03-01T00:00:00Z,2024-04-01T00:00:00Z,6599,28,0.004243067131383543,-0.2526125211361735,30,0.004546143355053796,-0.6035799939273017,"hln.be,lesoir.be,vrt.be,nieuwsblad.be,lalibre.be,lecho.be,datanews.knack.be,medi-sphere.be,energynews.pro,legalnews.be"
BE,Belgium,2024-04-01T00:00:00Z,2024-05-01T00:00:00Z,5849,23,0.0039322961189946996,0.31970763842295263,29,0.004958112497862883,-0.19021702213821695,"hln.be,lesoir.be,vrt.be,nieuwsblad.be,lalibre.be,lecho.be,datanews.knack.be,medi-sphere.be,energynews.pro,legalnews.be"
BE,Belgium,2024-05-01T00:00:00Z,2024-06-01T00:00:00Z,3395,16,0.00471281296023564,0.2488500301745634,16,0.00471281296023564,0.2488500301745634,"hln.be,lesoir.be,vrt.be,nieuwsblad.be,lalibre.be,lecho.be,datanews.knack.be,medi-sphere.be,energynews.pro,legalnews.be"
BE,Belgium,2024-06-01T00:00:00Z,2024-07-01T00:00:00Z,3349,14,0.0041803523439832785,-0.7330695714303234,14,0.0041803523439832785,-0.7330695714303234,"hln.be,lesoir.be,vrt.be,nieuwsblad.be,lalibre.be,lecho.be,datanews.knack.be,medi-sphere.be,energynews.pro,legalnews.be"
BE,Belgium,2024-07-01T00:00:00Z,2024-08-01T00:00:00Z,3179,7,0.002201950298836112,-1.3442611420603447,8,0.0025165146272412707,-1.318941729658745,"hln.be,lesoir.be,vrt.be,nieuwsblad.be,lalibre.be,lecho.be,datanews.knack.be,medi-sphere.be,energynews.pro,legalnews.be"
BE,Belgium,2024-08-01T00:00:00Z,2024-09-01T00:00:00Z,3592,13,0.003619153674832962,-0.13430678204655533,13,0.003619153674832962,-0.13430678204655533,"hln.be,lesoir.be,vrt.be,nieuwsblad.be,lalibre.be,lecho.be,datanews.knack.be,medi-sphere.be,energynews.pro,legalnews.be"
BE,Belgium,2024-09-01T00:00:00Z,2024-10-01T00:00:00Z,5458,27,0.004946866984243312,-0.172047616154131,28,0.005130084279956028,-0.2032350644074616,"hln.be,lesoir.be,vrt.be,nieuwsblad.be,lalibre.be,lecho.be,datanews.knack.be,medi-sphere.be,energynews.pro,legalnews.be"
BE,Belgium,2024-10-01T00:00:00Z,2024-11-01T00:00:00Z,9097,51,0.005606243816642849,-0.6190698454775083,63,0.006925360008794108,-1.0535118412049682,"hln.be,lesoir.be,vrt.be,nieuwsblad.be,lalibre.be,lecho.be,datanews.knack.be,medi-sphere.be,energynews.pro,legalnews.be"
BE,Belgium,2024-11-01T00:00:00Z,2024-12-01T00:00:00Z,8889,35,0.0039374507818652265,1.4140485073464952,40,0.004499943750703116,0.6000966362413614,"hln.be,lesoir.be,vrt.be,nieuwsblad.be,lalibre.be,lecho.be,datanews.knack.be,medi-sphere.be,energynews.pro,legalnews.be"
BE,Belgium,2024-12-01T00:00:00Z,2025-01-01T00:00:00Z,6861,15,0.0021862702229995625,-0.4760864598391727,19,0.002769275615799446,-0.8662193948356981,"hln.be,lesoir.be,vrt.be,nieuwsblad.be,lalibre.be,lecho.be,datanews.knack.be,medi-sphere.be,energynews.pro,legalnews.be"
BE,Belgium,2025-01-01T00:00:00Z,2025-02-01T00:00:00Z,6829,30,0.004393029726167814,-0.7068825020866101,33,0.004832332698784595,-0.8211994626976964,"hln.be,lesoir.be,vrt.be,nieuwsblad.be,lalibre.be,lecho.be,datanews.knack.be,medi-sphere.be,energynews.pro,legalnews.be"
BE,Belgium,2025-02-01T00:00:00Z,2025-03-01T00:00:00Z,6051,37,0.006114691786481574,0.7076161211753201,37,0.006114691786481574,0.7076161211753201,"hln.be,lesoir.be,vrt.be,nieuwsblad.be,lalibre.be,lecho.be,datanews.knack.be,medi-sphere.be,energynews.pro,legalnews.be"
BE,Belgium,2025-03-01T00:00:00Z,2025-04-01T00:00:00Z,6575,38,0.005779467680608365,-1.7317128994312818,41,0.006235741444866921,-1.8434184766362276,"hln.be,lesoir.be,vrt.be,nieuwsblad.be,lalibre.be,lecho.be,datanews.knack.be,medi-sphere.be,energynews.pro,legalnews.be"
BE,Belgium,2025-04-01T00:00:00Z,2025-05-01T00:00:00Z,6332,27,0.004264055590650663,-0.36167588537409207,33,0.005211623499684144,-0.7481615714063091,"hln.be,lesoir.be,vrt.be,nieuwsblad.be,lalibre.be,lecho.be,datanews.knack.be,medi-sphere.be,energynews.pro,legalnews.be"
BE,Belgium,2025-05-01T00:00:00Z,2025-06-01T00:00:00Z,7124,26,0.0036496350364963502,0.40304357766982213,28,0.0039303761931499155,0.28181994783274156,"hln.be,lesoir.be,vrt.be,nieuwsblad.be,lalibre.be,lecho.be,datanews.knack.be,medi-sphere.be,energynews.pro,legalnews.be"
BE,Belgium,2025-06-01T00:00:00Z,2025-07-01T00:00:00Z,3124,11,0.0035211267605633804,0.5355155775292793,12,0.0038412291933418692,0.06946459207176858,"hln.be,lesoir.be,vrt.be,nieuwsblad.be,lalibre.be,lecho.be,datanews.knack.be,medi-sphere.be,energynews.pro,legalnews.be"
BE,Belgium,2025-07-01T00:00:00Z,2025-08-01T00:00:00Z,7352,16,0.002176278563656148,-0.6318588050229235,28,0.003808487486398259,-0.5139142005340943,"hln.be,lesoir.be,vrt.be,nieuwsblad.be,lalibre.be,lecho.be,datanews.knack.be,medi-sphere.be,energynews.pro,legalnews.be"
BE,Belgium,2025-08-01T00:00:00Z,2025-09-01T00:00:00Z,7841,12,0.0015304170386430302,-1.3168819007672001,17,0.002168090804744293,-1.3542777145972262,"hln.be,lesoir.be,vrt.be,nieuwsblad.be,lalibre.be,lecho.be,datanews.knack.be,medi-sphere.be,energynews.pro,legalnews.be"
BE,Belgium,2025-09-01T00:00:00Z,2025-10-01T00:00:00Z,9805,16,0.001631820499745028,-2.2715518178349,27,0.002753697093319735,-1.6619764306443072,"hln.be,lesoir.be,vrt.be,nieuwsblad.be,lalibre.be,lecho.be,datanews.knack.be,medi-sphere.be,energynews.pro,legalnews.be"
BE,Belgium,2025-10-01T00:00:00Z,2025-11-01T00:00:00Z,10179,27,0.002652519893899204,0.04756805318015622,35,0.0034384517143137834,0.036842420235974935,"hln.be,lesoir.be,vrt.be,nieuwsblad.be,lalibre.be,lecho.be,datanews.knack.be,medi-sphere.be,energynews.pro,legalnews.be"
BE,Belgium,2025-11-01T00:00:00Z,2025-12-01T00:00:00Z,9270,23,0.0024811218985976266,-1.0401545463598565,33,0.0035598705501618125,-1.2784220857394895,"hln.be,lesoir.be,vrt.be,nieuwsblad.be,lalibre.be,lecho.be,datanews.knack.be,medi-sphere.be,energynews.pro,legalnews.be"
BE,Belgium,2025-12-01T00:00:00Z,2026-01-01T00:00:00Z,9116,24,0.0026327336551118913,-0.7834409957702153,32,0.0035103115401491883,-0.919920201387888,"hln.be,lesoir.be,vrt.be,nieuwsblad.be,lalibre.be,lecho.be,datanews.knack.be,medi-sphere.be,energynews.pro,legalnews.be"
BE,Belgium,2026-01-01T00:00:00Z,2026-02-01T00:00:00Z,9572,20,0.002089427496865859,0.2804326253085284,31,0.003238612620142081,-0.1307712256642988,"hln.be,lesoir.be,vrt.be,nieuwsblad.be,lalibre.be,lecho.be,datanews.knack.be,medi-sphere.be,energynews.pro,legalnews.be"
BE,Belgium,2026-02-01T00:00:00Z,2026-03-01T00:00:00Z,8732,26,0.002977553825011452,-0.7671027842610976,30,0.003435639028859368,-0.8571534048855786,"hln.be,lesoir.be,vrt.be,nieuwsblad.be,lalibre.be,lecho.be,datanews.knack.be,medi-sphere.be,energynews.pro,legalnews.be"
BE,Belgium,2026-03-01T00:00:00Z,2026-04-01T00:00:00Z,3111,10,0.0032144005143040825,-2.0259324177793245,15,0.0048216007714561235,-2.5735019185003685,"hln.be,lesoir.be,vrt.be,nieuwsblad.be,lalibre.be,lecho.be,datanews.knack.be,medi-sphere.be,energynews.pro,legalnews.be"
CZ,Czech Republic,2018-06-01T00:00:00Z,2018-07-01T00:00:00Z,28090,207,0.007369170523317907,0.5765394597542818,213,0.007582769668921324,0.521049843730044,"blesk.cz,aktualne.cz,ceskatelevize.cz,irozhlas.cz,denik.cz,e15.cz,lupa.cz,zdravezpravy.cz,oenergetice.cz,pravniprostor.cz"
CZ,Czech Republic,2018-07-01T00:00:00Z,2018-08-01T00:00:00Z,23991,187,0.007794589637780834,-0.0937889291913065,195,0.008128048018006753,-0.004600942890881454,"blesk.cz,aktualne.cz,ceskatelevize.cz,irozhlas.cz,denik.cz,e15.cz,lupa.cz,zdravezpravy.cz,oenergetice.cz,pravniprostor.cz"
CZ,Czech Republic,2018-08-01T00:00:00Z,2018-09-01T00:00:00Z,23654,73,0.003086158789211127,-0.37464323594739457,74,0.0031284349370085396,-0.4036195663759085,"blesk.cz,aktualne.cz,ceskatelevize.cz,irozhlas.cz,denik.cz,e15.cz,lupa.cz,zdravezpravy.cz,oenergetice.cz,pravniprostor.cz"
CZ,Czech Republic,2018-09-01T00:00:00Z,2018-10-01T00:00:00Z,20690,117,0.005654905751570807,-0.3192576569329066,120,0.005799903334944417,-0.29989267101963635,"blesk.cz,aktualne.cz,ceskatelevize.cz,irozhlas.cz,denik.cz,e15.cz,lupa.cz,zdravezpravy.cz,oenergetice.cz,pravniprostor.cz"
CZ,Czech Republic,2018-10-01T00:00:00Z,2018-11-01T00:00:00Z,21615,172,0.007957436965070553,-0.6374771821307553,174,0.008049965301873699,-0.6374944287244564,"blesk.cz,aktualne.cz,ceskatelevize.cz,irozhlas.cz,denik.cz,e15.cz,lupa.cz,zdravezpravy.cz,oenergetice.cz,pravniprostor.cz"
CZ,Czech Republic,2018-11-01T00:00:00Z,2018-12-01T00:00:00Z,19626,154,0.007846733924386019,-0.6721430543660983,161,0.008203403648221747,-0.7747128997669709,"blesk.cz,aktualne.cz,ceskatelevize.cz,irozhlas.cz,denik.cz,e15.cz,lupa.cz,zdravezpravy.cz,oenergetice.cz,pravniprostor.cz"
CZ,Czech Republic,2018-12-01T00:00:00Z,2019-01-01T00:00:00Z,16908,55,0.003252898036432458,-0.3414094724481599,60,0.0035486160397444995,-0.43255350304356066,"blesk.cz,aktualne.cz,ceskatelevize.cz,irozhlas.cz,denik.cz,e15.cz,lupa.cz,zdravezpravy.cz,oenergetice.cz,pravniprostor.cz"
CZ,Czech Republic,2019-01-01T00:00:00Z,2019-02-01T00:00:00Z,18471,87,0.004710086080883547,0.36898505566557316,88,0.004764225001353473,0.36667033067162724,"blesk.cz,aktualne.cz,ceskatelevize.cz,irozhlas.cz,denik.cz,e15.cz,lupa.cz,zdravezpravy.cz,oenergetice.cz,pravniprostor.cz"
CZ,Czech Republic,2019-02-01T00:00:00Z,2019-03-01T00:00:00Z,17067,92,0.005390519716411789,-0.22250254230612343,96,0.005624890138864475,-0.38642864285024386,"blesk.cz,aktualne.cz,ceskatelevize.cz,irozhlas.cz,denik.cz,e15.cz,lupa.cz,zdravezpravy.cz,oenergetice.cz,pravniprostor.cz"
CZ,Czech Republic,2019-03-01T00:00:00Z,2019-04-01T00:00:00Z,18420,147,0.007980456026058631,-0.7762999483452109,157,0.008523344191096634,-0.6647341122224891,"blesk.cz,aktualne.cz,ceskatelevize.cz,irozhlas.cz,denik.cz,e15.cz,lupa.cz,zdravezpravy.cz,oenergetice.cz,pravniprostor.cz"
CZ,Czech Republic,2019-04-01T00:00:00Z,2019-05-01T00:00:00Z,18097,85,0.0046969110902359505,-0.6346467832528304,88,0.004862684422832514,-0.6291775229500985,"blesk.cz,aktualne.cz,ceskatelevize.cz,irozhlas.cz,denik.cz,e15.cz,lupa.cz,zdravezpravy.cz,oenergetice.cz,pravniprostor.cz"
CZ,Czech Republic,2019-05-01T00:00:00Z,2019-06-01T00:00:00Z,15917,105,0.006596720487529057,-0.1331061250899816,106,0.0066595463969340955,-0.12954944052286485,"blesk.cz,aktualne.cz,ceskatelevize.cz,irozhlas.cz,denik.cz,e15.cz,lupa.cz,zdravezpravy.cz,oenergetice.cz,pravniprostor.cz"
CZ,Czech Republic,2019-06-01T00:00:00Z,2019-07-01T00:00:00Z,13668,80,0.005853087503658179,0.33879893450380727,80,0.005853087503658179,0.33879893450380727,"blesk.cz,aktualne.cz,ceskatelevize.cz,irozhlas.cz,denik.cz,e15.cz,lupa.cz,zdravezpravy.cz,oenergetice.cz,pravniprostor.cz"
CZ,Czech Republic,2019-07-01T00:00:00Z,2019-08-01T00:00:00Z,13431,72,0.005360732633459906,0.6717960489425759,73,0.0054351872533690716,0.6904361075214891,"blesk.cz,aktualne.cz,ceskatelevize.cz,irozhlas.cz,denik.cz,e15.cz,lupa.cz,zdravezpravy.cz,oenergetice.cz,pravniprostor.cz"
CZ,Czech Republic,2019-08-01T00:00:00Z,2019-09-01T00:00:00Z,12614,43,0.003408910734104963,0.6963083197575187,44,0.003488187727921357,0.5480912507074251,"blesk.cz,aktualne.cz,ceskatelevize.cz,irozhlas.cz,denik.cz,e15.cz,lupa.cz,zdravezpravy.cz,oenergetice.cz,pravniprostor.cz"
CZ,Czech Republic,2019-09-01T00:00:00Z,2019-10-01T00:00:00Z,13714,66,0.004812600262505469,-0.03775053465560463,66,0.004812600262505469,-0.03775053465560463,"blesk.cz,aktualne.cz,ceskatelevize.cz,irozhlas.cz,denik.cz,e15.cz,lupa.cz,zdravezpravy.cz,oenergetice.cz,pravniprostor.cz"
CZ,Czech Republic,2019-10-01T00:00:00Z,2019-11-01T00:00:00Z,14022,106,0.0075595492797033235,0.049388787272474706,108,0.007702182284980745,0.014225903574938355,"blesk.cz,aktualne.cz,ceskatelevize.cz,irozhlas.cz,denik.cz,e15.cz,lupa.cz,zdravezpravy.cz,oenergetice.cz,pravniprostor.cz"
CZ,Czech Republic,2019-11-01T00:00:00Z,2019-12-01T00:00:00Z,13164,43,0.0032664843512610147,0.20334737333311448,49,0.003722272865390459,0.23383015260865697,"blesk.cz,aktualne.cz,ceskatelevize.cz,irozhlas.cz,denik.cz,e15.cz,lupa.cz,zdravezpravy.cz,oenergetice.cz,pravniprostor.cz"
CZ,Czech Republic,2019-12-01T00:00:00Z,2020-01-01T00:00:00Z,12124,52,0.004289013526888816,0.3303888189524118,64,0.005278785879247773,0.004405266712836531,"blesk.cz,aktualne.cz,ceskatelevize.cz,irozhlas.cz,denik.cz,e15.cz,lupa.cz,zdravezpravy.cz,oenergetice.cz,pravniprostor.cz"
CZ,Czech Republic,2020-01-01T00:00:00Z,2020-02-01T00:00:00Z,16612,92,0.005538165181796292,-0.28388521451022686,98,0.005899349867565616,-0.20276873983543942,"blesk.cz,aktualne.cz,ceskatelevize.cz,irozhlas.cz,denik.cz,e15.cz,lupa.cz,zdravezpravy.cz,oenergetice.cz,pravniprostor.cz"
CZ,Czech Republic,2020-02-01T00:00:00Z,2020-03-01T00:00:00Z,18432,95,0.005154079861111111,-0.30228426408597314,95,0.005154079861111111,-0.30228426408597314,"blesk.cz,aktualne.cz,ceskatelevize.cz,irozhlas.cz,denik.cz,e15.cz,lupa.cz,zdravezpravy.cz,oenergetice.cz,pravniprostor.cz"
CZ,Czech Republic,2020-03-01T00:00:00Z,2020-04-01T00:00:00Z,21405,75,0.00350385423966363,0.06235347853899068,76,0.003550572296192478,0.02938715416621001,"blesk.cz,aktualne.cz,ceskatelevize.cz,irozhlas.cz,denik.cz,e15.cz,lupa.cz,zdravezpravy.cz,oenergetice.cz,pravniprostor.cz"
CZ,Czech Republic,2020-04-01T00:00:00Z,2020-05-01T00:00:00Z,8890,7,0.0007874015748031496,-1.021913487638893,8,0.0008998875140607424,-1.0185524111367676,"blesk.cz,aktualne.cz,ceskatelevize.cz,irozhlas.cz,denik.cz,e15.cz,lupa.cz,zdravezpravy.cz,oenergetice.cz,pravniprostor.cz"
CZ,Czech Republic,2020-05-01T00:00:00Z,2020-06-01T00:00:00Z,5347,23,0.004301477463998503,-1.9750167386344868,24,0.0044884982233027865,-1.924099876532749,"blesk.cz,aktualne.cz,ceskatelevize.cz,irozhlas.cz,denik.cz,e15.cz,lupa.cz,zdravezpravy.cz,oenergetice.cz,pravniprostor.cz"
CZ,Czech Republic,2020-06-01T00:00:00Z,2020-07-01T00:00:00Z,5255,12,0.002283539486203616,-2.1486043724820267,13,0.0024738344433872504,-2.01553496103929,"blesk.cz,aktualne.cz,ceskatelevize.cz,irozhlas.cz,denik.cz,e15.cz,lupa.cz,zdravezpravy.cz,oenergetice.cz,pravniprostor.cz"
CZ,Czech Republic,2020-07-01T00:00:00Z,2020-08-01T00:00:00Z,4787,13,0.0027156883225402132,-0.3186888659429747,13,0.0027156883225402132,-0.3186888659429747,"blesk.cz,aktualne.cz,ceskatelevize.cz,irozhlas.cz,denik.cz,e15.cz,lupa.cz,zdravezpravy.cz,oenergetice.cz,pravniprostor.cz"
CZ,Czech Republic,2020-08-01T00:00:00Z,2020-09-01T00:00:00Z,4440,20,0.0045045045045045045,0.635928000699098,24,0.005405405405405406,0.40260740685942975,"blesk.cz,aktualne.cz,ceskatelevize.cz,irozhlas.cz,denik.cz,e15.cz,lupa.cz,zdravezpravy.cz,oenergetice.cz,pravniprostor.cz"
CZ,Czech Republic,2020-09-01T00:00:00Z,2020-10-01T00:00:00Z,4595,17,0.0036996735582154514,-0.10190796538167753,22,0.004787812840043526,0.054124136425985216,"blesk.cz,aktualne.cz,ceskatelevize.cz,irozhlas.cz,denik.cz,e15.cz,lupa.cz,zdravezpravy.cz,oenergetice.cz,pravniprostor.cz"
CZ,Czech Republic,2020-10-01T00:00:00Z,2020-11-01T00:00:00Z,3482,9,0.002584721424468696,0.1393787813878537,11,0.0031591039632395176,-0.164813533987607,"blesk.cz,aktualne.cz,ceskatelevize.cz,irozhlas.cz,denik.cz,e15.cz,lupa.cz,zdravezpravy.cz,oenergetice.cz,pravniprostor.cz"
CZ,Czech Republic,2020-11-01T00:00:00Z,2020-12-01T00:00:00Z,3361,5,0.001487652484379649,-0.9846136994312567,5,0.001487652484379649,-0.9846136994312567,"blesk.cz,aktualne.cz,ceskatelevize.cz,irozhlas.cz,denik.cz,e15.cz,lupa.cz,zdravezpravy.cz,oenergetice.cz,pravniprostor.cz"
CZ,Czech Republic,2020-12-01T00:00:00Z,2021-01-01T00:00:00Z,5401,17,0.003147565265691539,-0.32659978811189455,23,0.00425847065358267,-0.25956299034624897,"blesk.cz,aktualne.cz,ceskatelevize.cz,irozhlas.cz,denik.cz,e15.cz,lupa.cz,zdravezpravy.cz,oenergetice.cz,pravniprostor.cz"
CZ,Czech Republic,2021-01-01T00:00:00Z,2021-02-01T00:00:00Z,5402,23,0.004257682339874121,0.12819089975742906,23,0.004257682339874121,0.12819089975742906,"blesk.cz,aktualne.cz,ceskatelevize.cz,irozhlas.cz,denik.cz,e15.cz,lupa.cz,zdravezpravy.cz,oenergetice.cz,pravniprostor.cz"
CZ,Czech Republic,2021-02-01T00:00:00Z,2021-03-01T00:00:00Z,5168,18,0.00348297213622291,-0.31179325765047095,18,0.00348297213622291,-0.31179325765047095,"blesk.cz,aktualne.cz,ceskatelevize.cz,irozhlas.cz,denik.cz,e15.cz,lupa.cz,zdravezpravy.cz,oenergetice.cz,pravniprostor.cz"
CZ,Czech Republic,2021-03-01T00:00:00Z,2021-04-01T00:00:00Z,5838,12,0.0020554984583761563,-0.052017339952730474,12,0.0020554984583761563,-0.052017339952730474,"blesk.cz,aktualne.cz,ceskatelevize.cz,irozhlas.cz,denik.cz,e15.cz,lupa.cz,zdravezpravy.cz,oenergetice.cz,pravniprostor.cz"
CZ,Czech Republic,2021-04-01T00:00:00Z,2021-05-01T00:00:00Z,5399,18,0.0033339507316169662,-1.1238665312318201,22,0.004074828671976292,-1.1368293813553256,"blesk.cz,aktualne.cz,ceskatelevize.cz,irozhlas.cz,denik.cz,e15.cz,lupa.cz,zdravezpravy.cz,oenergetice.cz,pravniprostor.cz"
CZ,Czech Republic,2021-05-01T00:00:00Z,2021-06-01T00:00:00Z,5481,14,0.002554278416347382,-1.4280520248444761,15,0.002736726874657909,-1.4293969514044467,"blesk.cz,aktualne.cz,ceskatelevize.cz,irozhlas.cz,denik.cz,e15.cz,lupa.cz,zdravezpravy.cz,oenergetice.cz,pravniprostor.cz"
CZ,Czech Republic,2021-06-01T00:00:00Z,2021-07-01T00:00:00Z,5392,19,0.0035237388724035606,-0.869911067600498,21,0.003894658753709199,-0.9003593354782822,"blesk.cz,aktualne.cz,ceskatelevize.cz,irozhlas.cz,denik.cz,e15.cz,lupa.cz,zdravezpravy.cz,oenergetice.cz,pravniprostor.cz"
CZ,Czech Republic,2021-07-01T00:00:00Z,2021-08-01T00:00:00Z,4813,29,0.0060253480157905675,-2.078853318326583,31,0.006440889258258882,-1.967530968141601,"blesk.cz,aktualne.cz,ceskatelevize.cz,irozhlas.cz,denik.cz,e15.cz,lupa.cz,zdravezpravy.cz,oenergetice.cz,pravniprostor.cz"
CZ,Czech Republic,2021-08-01T00:00:00Z,2021-09-01T00:00:00Z,4244,7,0.001649387370405278,0.5603632724509674,8,0.001885014137606032,0.5073015590467704,"blesk.cz,aktualne.cz,ceskatelevize.cz,irozhlas.cz,denik.cz,e15.cz,lupa.cz,zdravezpravy.cz,oenergetice.cz,pravniprostor.cz"
CZ,Czech Republic,2021-09-01T00:00:00Z,2021-10-01T00:00:00Z,4990,31,0.006212424849699399,-2.2923600695049418,32,0.006412825651302605,-2.2577060658536223,"blesk.cz,aktualne.cz,ceskatelevize.cz,irozhlas.cz,denik.cz,e15.cz,lupa.cz,zdravezpravy.cz,oenergetice.cz,pravniprostor.cz"
CZ,Czech Republic,2021-10-01T00:00:00Z,2021-11-01T00:00:00Z,5661,19,0.0033562974739445328,-1.0842465825546919,25,0.004416180886769122,-1.0137883761025719,"blesk.cz,aktualne.cz,ceskatelevize.cz,irozhlas.cz,denik.cz,e15.cz,lupa.cz,zdravezpravy.cz,oenergetice.cz,pravniprostor.cz"
CZ,Czech Republic,2021-11-01T00:00:00Z,2021-12-01T00:00:00Z,5771,23,0.003985444463697799,-0.6072023311325192,25,0.004332004851845434,-0.5989434853784481,"blesk.cz,aktualne.cz,ceskatelevize.cz,irozhlas.cz,denik.cz,e15.cz,lupa.cz,zdravezpravy.cz,oenergetice.cz,pravniprostor.cz"
CZ,Czech Republic,2021-12-01T00:00:00Z,2022-01-01T00:00:00Z,5380,18,0.003345724907063197,-0.4011031968059744,20,0.0037174721189591076,-0.33628931981312427,"blesk.cz,aktualne.cz,ceskatelevize.cz,irozhlas.cz,denik.cz,e15.cz,lupa.cz,zdravezpravy.cz,oenergetice.cz,pravniprostor.cz"
CZ,Czech Republic,2022-01-01T00:00:00Z,2022-02-01T00:00:00Z,4596,24,0.005221932114882507,-0.2882903769219479,26,0.005657093124456049,-0.41506487790307295,"blesk.cz,aktualne.cz,ceskatelevize.cz,irozhlas.cz,denik.cz,e15.cz,lupa.cz,zdravezpravy.cz,oenergetice.cz,pravniprostor.cz"
CZ,Czech Republic,2022-02-01T00:00:00Z,2022-03-01T00:00:00Z,3892,18,0.0046248715313463515,-0.6207742544172857,21,0.00539568345323741,-0.5776849001067353,"blesk.cz,aktualne.cz,ceskatelevize.cz,irozhlas.cz,denik.cz,e15.cz,lupa.cz,zdravezpravy.cz,oenergetice.cz,pravniprostor.cz"
CZ,Czech Republic,2022-03-01T00:00:00Z,2022-04-01T00:00:00Z,4447,15,0.0033730604902181245,-0.8604537922976722,18,0.00404767258826175,-1.1056087425172547,"blesk.cz,aktualne.cz,ceskatelevize.cz,irozhlas.cz,denik.cz,e15.cz,lupa.cz,zdravezpravy.cz,oenergetice.cz,pravniprostor.cz"
CZ,Czech Republic,2022-04-01T00:00:00Z,2022-05-01T00:00:00Z,2405,10,0.004158004158004158,-0.07358521496864417,10,0.004158004158004158,-0.07358521496864417,"blesk.cz,aktualne.cz,ceskatelevize.cz,irozhlas.cz,denik.cz,e15.cz,lupa.cz,zdravezpravy.cz,oenergetice.cz,pravniprostor.cz"
CZ,Czech Republic,2022-05-01T00:00:00Z,2022-06-01T00:00:00Z,1374,4,0.002911208151382824,-0.1040689919658132,4,0.002911208151382824,-0.1040689919658132,"blesk.cz,aktualne.cz,ceskatelevize.cz,irozhlas.cz,denik.cz,e15.cz,lupa.cz,zdravezpravy.cz,oenergetice.cz,pravniprostor.cz"
CZ,Czech Republic,2022-06-01T00:00:00Z,2022-07-01T00:00:00Z,13891,99,0.007126916708660284,1.4270148411737287,102,0.007342883881649989,1.4089542054352886,"blesk.cz,aktualne.cz,ceskatelevize.cz,irozhlas.cz,denik.cz,e15.cz,lupa.cz,zdravezpravy.cz,oenergetice.cz,pravniprostor.cz"
CZ,Czech Republic,2022-07-01T00:00:00Z,2022-08-01T00:00:00Z,15066,53,0.003517854772335059,2.673761706609547,53,0.003517854772335059,2.673761706609547,"blesk.cz,aktualne.cz,ceskatelevize.cz,irozhlas.cz,denik.cz,e15.cz,lupa.cz,zdravezpravy.cz,oenergetice.cz,pravniprostor.cz"
CZ,Czech Republic,2022-08-01T00:00:00Z,2022-09-01T00:00:00Z,16649,50,0.0030031833743768394,0.7265635728910808,52,0.003123310709351913,0.6077381961725004,"blesk.cz,aktualne.cz,ceskatelevize.cz,irozhlas.cz,denik.cz,e15.cz,lupa.cz,zdravezpravy.cz,oenergetice.cz,pravniprostor.cz"
CZ,Czech Republic,2022-09-01T00:00:00Z,2022-10-01T00:00:00Z,17791,32,0.0017986622449553144,0.01815247928557183,32,0.0017986622449553144,0.01815247928557183,"blesk.cz,aktualne.cz,ceskatelevize.cz,irozhlas.cz,denik.cz,e15.cz,lupa.cz,zdravezpravy.cz,oenergetice.cz,pravniprostor.cz"
CZ,Czech Republic,2022-10-01T00:00:00Z,2022-11-01T00:00:00Z,18072,115,0.006363435148295706,-0.031162577862581323,117,0.006474103585657371,-0.0433203200769241,"blesk.cz,aktualne.cz,ceskatelevize.cz,irozhlas.cz,denik.cz,e15.cz,lupa.cz,zdravezpravy.cz,oenergetice.cz,pravniprostor.cz"
CZ,Czech Republic,2022-11-01T00:00:00Z,2022-12-01T00:00:00Z,17749,127,0.007155332694799707,0.09568065936234432,128,0.007211673897120964,0.10855127347713109,"blesk.cz,aktualne.cz,ceskatelevize.cz,irozhlas.cz,denik.cz,e15.cz,lupa.cz,zdravezpravy.cz,oenergetice.cz,pravniprostor.cz"
CZ,Czech Republic,2022-12-01T00:00:00Z,2023-01-01T00:00:00Z,17962,45,0.002505288943324797,-0.25634690369193897,49,0.0027279812938425566,-0.3057693746942709,"blesk.cz,aktualne.cz,ceskatelevize.cz,irozhlas.cz,denik.cz,e15.cz,lupa.cz,zdravezpravy.cz,oenergetice.cz,pravniprostor.cz"
CZ,Czech Republic,2023-01-01T00:00:00Z,2023-02-01T00:00:00Z,19600,65,0.0033163265306122448,-0.545157393795444,67,0.0034183673469387753,-0.5519799787458357,"blesk.cz,aktualne.cz,ceskatelevize.cz,irozhlas.cz,denik.cz,e15.cz,lupa.cz,zdravezpravy.cz,oenergetice.cz,pravniprostor.cz"
CZ,Czech Republic,2023-02-01T00:00:00Z,2023-03-01T00:00:00Z,16833,99,0.0058813045802887185,-0.05220726680358478,102,0.0060595259312065585,-0.06298599171880212,"blesk.cz,aktualne.cz,ceskatelevize.cz,irozhlas.cz,denik.cz,e15.cz,lupa.cz,zdravezpravy.cz,oenergetice.cz,pravniprostor.cz"
CZ,Czech Republic,2023-03-01T00:00:00Z,2023-04-01T00:00:00Z,17435,126,0.007226842558072842,-0.23140244720973244,137,0.007857757384571265,-0.231771553989051,"blesk.cz,aktualne.cz,ceskatelevize.cz,irozhlas.cz,denik.cz,e15.cz,lupa.cz,zdravezpravy.cz,oenergetice.cz,pravniprostor.cz"
CZ,Czech Republic,2023-04-01T00:00:00Z,2023-05-01T00:00:00Z,20004,98,0.004899020195960808,-0.7717931270303756,105,0.005248950209958008,-0.824038779606575,"blesk.cz,aktualne.cz,ceskatelevize.cz,irozhlas.cz,denik.cz,e15.cz,lupa.cz,zdravezpravy.cz,oenergetice.cz,pravniprostor.cz"
CZ,Czech Republic,2023-05-01T00:00:00Z,2023-06-01T00:00:00Z,21462,156,0.00726866088901314,0.7106851799381608,157,0.007315254869070916,0.7030514853013011,"blesk.cz,aktualne.cz,ceskatelevize.cz,irozhlas.cz,denik.cz,e15.cz,lupa.cz,zdravezpravy.cz,oenergetice.cz,pravniprostor.cz"
CZ,Czech Republic,2023-06-01T00:00:00Z,2023-07-01T00:00:00Z,20715,67,0.003234371228578325,1.05922963514989,68,0.0032826454260197926,1.0536567303512674,"blesk.cz,aktualne.cz,ceskatelevize.cz,irozhlas.cz,denik.cz,e15.cz,lupa.cz,zdravezpravy.cz,oenergetice.cz,pravniprostor.cz"
CZ,Czech Republic,2023-07-01T00:00:00Z,2023-08-01T00:00:00Z,19435,127,0.006534602521224595,-0.7987567167849287,132,0.0067918703370208385,-0.8225822796421477,"blesk.cz,aktualne.cz,ceskatelevize.cz,irozhlas.cz,denik.cz,e15.cz,lupa.cz,zdravezpravy.cz,oenergetice.cz,pravniprostor.cz"
CZ,Czech Republic,2023-08-01T00:00:00Z,2023-09-01T00:00:00Z,20121,67,0.0033298543809949805,0.8145685021432422,97,0.004820833954574822,-0.27782862316746726,"blesk.cz,aktualne.cz,ceskatelevize.cz,irozhlas.cz,denik.cz,e15.cz,lupa.cz,zdravezpravy.cz,oenergetice.cz,pravniprostor.cz"
CZ,Czech Republic,2023-09-01T00:00:00Z,2023-10-01T00:00:00Z,19600,127,0.0064795918367346935,1.1291128036360236,129,0.0065816326530612245,1.1004738270017234,"blesk.cz,aktualne.cz,ceskatelevize.cz,irozhlas.cz,denik.cz,e15.cz,lupa.cz,zdravezpravy.cz,oenergetice.cz,pravniprostor.cz"
CZ,Czech Republic,2023-10-01T00:00:00Z,2023-11-01T00:00:00Z,20411,230,0.011268433687717407,1.047837734873735,230,0.011268433687717407,1.047837734873735,"blesk.cz,aktualne.cz,ceskatelevize.cz,irozhlas.cz,denik.cz,e15.cz,lupa.cz,zdravezpravy.cz,oenergetice.cz,pravniprostor.cz"
CZ,Czech Republic,2023-11-01T00:00:00Z,2023-12-01T00:00:00Z,19540,198,0.010133060388945752,0.34991299005835025,200,0.01023541453428864,0.3529217197128986,"blesk.cz,aktualne.cz,ceskatelevize.cz,irozhlas.cz,denik.cz,e15.cz,lupa.cz,zdravezpravy.cz,oenergetice.cz,pravniprostor.cz"
CZ,Czech Republic,2023-12-01T00:00:00Z,2024-01-01T00:00:00Z,18619,112,0.006015360653096299,-0.5321078849684036,115,0.0061764863848756645,-0.5488372792137695,"blesk.cz,aktualne.cz,ceskatelevize.cz,irozhlas.cz,denik.cz,e15.cz,lupa.cz,zdravezpravy.cz,oenergetice.cz,pravniprostor.cz"
CZ,Czech Republic,2024-01-01T00:00:00Z,2024-02-01T00:00:00Z,19763,199,0.010069321459292617,-0.18163926426869137,205,0.010372919091231088,-0.2032989889018077,"blesk.cz,aktualne.cz,ceskatelevize.cz,irozhlas.cz,denik.cz,e15.cz,lupa.cz,zdravezpravy.cz,oenergetice.cz,pravniprostor.cz"
CZ,Czech Republic,2024-02-01T00:00:00Z,2024-03-01T00:00:00Z,17970,292,0.016249304396215917,0.027222032300784862,295,0.016416249304396217,0.0012433354346319987,"blesk.cz,aktualne.cz,ceskatelevize.cz,irozhlas.cz,denik.cz,e15.cz,lupa.cz,zdravezpravy.cz,oenergetice.cz,pravniprostor.cz"
CZ,Czech Republic,2024-03-01T00:00:00Z,2024-04-01T00:00:00Z,17523,165,0.009416195856873822,-0.7016360778668639,166,0.009473263710551846,-0.6926509845334383,"blesk.cz,aktualne.cz,ceskatelevize.cz,irozhlas.cz,denik.cz,e15.cz,lupa.cz,zdravezpravy.cz,oenergetice.cz,pravniprostor.cz"
CZ,Czech Republic,2024-04-01T00:00:00Z,2024-05-01T00:00:00Z,17216,197,0.011442843866171004,1.2513636139998139,198,0.01150092936802974,1.2221445804049493,"blesk.cz,aktualne.cz,ceskatelevize.cz,irozhlas.cz,denik.cz,e15.cz,lupa.cz,zdravezpravy.cz,oenergetice.cz,pravniprostor.cz"
CZ,Czech Republic,2024-05-01T00:00:00Z,2024-06-01T00:00:00Z,17577,120,0.006827103601297149,2.825092077056586,127,0.007225351311372817,2.469250492895494,"blesk.cz,aktualne.cz,ceskatelevize.cz,irozhlas.cz,denik.cz,e15.cz,lupa.cz,zdravezpravy.cz,oenergetice.cz,pravniprostor.cz"
CZ,Czech Republic,2024-06-01T00:00:00Z,2024-07-01T00:00:00Z,16425,98,0.0059665144596651445,0.7372303025128105,100,0.0060882800608828,0.7514866215319344,"blesk.cz,aktualne.cz,ceskatelevize.cz,irozhlas.cz,denik.cz,e15.cz,lupa.cz,zdravezpravy.cz,oenergetice.cz,pravniprostor.cz"
CZ,Czech Republic,2024-07-01T00:00:00Z,2024-08-01T00:00:00Z,16457,113,0.0068663790484292395,0.6348434339099297,114,0.006927143464787021,0.6405689621043046,"blesk.cz,aktualne.cz,ceskatelevize.cz,irozhlas.cz,denik.cz,e15.cz,lupa.cz,zdravezpravy.cz,oenergetice.cz,pravniprostor.cz"
CZ,Czech Republic,2024-08-01T00:00:00Z,2024-09-01T00:00:00Z,17684,68,0.0038452838724270526,1.2182230505283766,72,0.00407147704139335,0.9609611252593302,"blesk.cz,aktualne.cz,ceskatelevize.cz,irozhlas.cz,denik.cz,e15.cz,lupa.cz,zdravezpravy.cz,oenergetice.cz,pravniprostor.cz"
CZ,Czech Republic,2024-09-01T00:00:00Z,2024-10-01T00:00:00Z,17652,103,0.0058350328574665765,1.6898805035005833,103,0.0058350328574665765,1.6898805035005833,"blesk.cz,aktualne.cz,ceskatelevize.cz,irozhlas.cz,denik.cz,e15.cz,lupa.cz,zdravezpravy.cz,oenergetice.cz,pravniprostor.cz"
CZ,Czech Republic,2024-10-01T00:00:00Z,2024-11-01T00:00:00Z,17645,138,0.007820912439784642,0.0924471754029025,142,0.008047605553981298,-0.03226256320577263,"blesk.cz,aktualne.cz,ceskatelevize.cz,irozhlas.cz,denik.cz,e15.cz,lupa.cz,zdravezpravy.cz,oenergetice.cz,pravniprostor.cz"
CZ,Czech Republic,2024-11-01T00:00:00Z,2024-12-01T00:00:00Z,17830,155,0.008693213684800897,1.5181296654877232,157,0.008805384183959618,1.469438344356084,"blesk.cz,aktualne.cz,ceskatelevize.cz,irozhlas.cz,denik.cz,e15.cz,lupa.cz,zdravezpravy.cz,oenergetice.cz,pravniprostor.cz"
CZ,Czech Republic,2024-12-01T00:00:00Z,2025-01-01T00:00:00Z,15979,173,0.010826710056949747,0.5388626535314057,174,0.010889292196007259,0.5314500022275375,"blesk.cz,aktualne.cz,ceskatelevize.cz,irozhlas.cz,denik.cz,e15.cz,lupa.cz,zdravezpravy.cz,oenergetice.cz,pravniprostor.cz"
CZ,Czech Republic,2025-01-01T00:00:00Z,2025-02-01T00:00:00Z,18172,232,0.012766894122826326,0.5193885288549711,232,0.012766894122826326,0.5193885288549711,"blesk.cz,aktualne.cz,ceskatelevize.cz,irozhlas.cz,denik.cz,e15.cz,lupa.cz,zdravezpravy.cz,oenergetice.cz,pravniprostor.cz"
CZ,Czech Republic,2025-02-01T00:00:00Z,2025-03-01T00:00:00Z,16230,147,0.009057301293900186,0.4605301844906978,148,0.009118915588416513,0.42271165606942346,"blesk.cz,aktualne.cz,ceskatelevize.cz,irozhlas.cz,denik.cz,e15.cz,lupa.cz,zdravezpravy.cz,oenergetice.cz,pravniprostor.cz"
CZ,Czech Republic,2025-03-01T00:00:00Z,2025-04-01T00:00:00Z,15567,131,0.008415237361084345,0.4596285685528274,131,0.008415237361084345,0.4596285685528274,"blesk.cz,aktualne.cz,ceskatelevize.cz,irozhlas.cz,denik.cz,e15.cz,lupa.cz,zdravezpravy.cz,oenergetice.cz,pravniprostor.cz"
CZ,Czech Republic,2025-04-01T00:00:00Z,2025-05-01T00:00:00Z,10645,75,0.007045561296383279,0.2561743082380423,77,0.0072334429309535,0.19000871645493733,"blesk.cz,aktualne.cz,ceskatelevize.cz,irozhlas.cz,denik.cz,e15.cz,lupa.cz,zdravezpravy.cz,oenergetice.cz,pravniprostor.cz"
CZ,Czech Republic,2025-05-01T00:00:00Z,2025-06-01T00:00:00Z,10484,53,0.005055322396032048,0.18044016290374468,53,0.005055322396032048,0.18044016290374468,"blesk.cz,aktualne.cz,ceskatelevize.cz,irozhlas.cz,denik.cz,e15.cz,lupa.cz,zdravezpravy.cz,oenergetice.cz,pravniprostor.cz"
CZ,Czech Republic,2025-06-01T00:00:00Z,2025-07-01T00:00:00Z,4913,23,0.004681457358029717,1.1375007177330696,23,0.004681457358029717,1.1375007177330696,"blesk.cz,aktualne.cz,ceskatelevize.cz,irozhlas.cz,denik.cz,e15.cz,lupa.cz,zdravezpravy.cz,oenergetice.cz,pravniprostor.cz"
CZ,Czech Republic,2025-07-01T00:00:00Z,2025-08-01T00:00:00Z,10312,50,0.004848719937936384,1.1942646918542805,50,0.004848719937936384,1.1942646918542805,"blesk.cz,aktualne.cz,ceskatelevize.cz,irozhlas.cz,denik.cz,e15.cz,lupa.cz,zdravezpravy.cz,oenergetice.cz,pravniprostor.cz"
CZ,Czech Republic,2025-08-01T00:00:00Z,2025-09-01T00:00:00Z,9822,43,0.004377927102423132,-0.06941047773376353,45,0.004581551618814905,-0.3512749829321946,"blesk.cz,aktualne.cz,ceskatelevize.cz,irozhlas.cz,denik.cz,e15.cz,lupa.cz,zdravezpravy.cz,oenergetice.cz,pravniprostor.cz"
CZ,Czech Republic,2025-09-01T00:00:00Z,2025-10-01T00:00:00Z,11401,48,0.004210157003771599,1.0417508728126177,48,0.004210157003771599,1.0417508728126177,"blesk.cz,aktualne.cz,ceskatelevize.cz,irozhlas.cz,denik.cz,e15.cz,lupa.cz,zdravezpravy.cz,oenergetice.cz,pravniprostor.cz"
CZ,Czech Republic,2025-10-01T00:00:00Z,2025-11-01T00:00:00Z,10261,73,0.007114316343436312,-0.16089219384686582,74,0.007211772731702563,-0.20150482518581034,"blesk.cz,aktualne.cz,ceskatelevize.cz,irozhlas.cz,denik.cz,e15.cz,lupa.cz,zdravezpravy.cz,oenergetice.cz,pravniprostor.cz"
CZ,Czech Republic,2025-11-01T00:00:00Z,2025-12-01T00:00:00Z,9955,45,0.0045203415369161224,-0.6888874061492909,45,0.0045203415369161224,-0.6888874061492909,"blesk.cz,aktualne.cz,ceskatelevize.cz,irozhlas.cz,denik.cz,e15.cz,lupa.cz,zdravezpravy.cz,oenergetice.cz,pravniprostor.cz"
CZ,Czech Republic,2025-12-01T00:00:00Z,2026-01-01T00:00:00Z,8601,46,0.005348215323799558,0.9253246509122567,49,0.005697011975351703,0.5277886573843322,"blesk.cz,aktualne.cz,ceskatelevize.cz,irozhlas.cz,denik.cz,e15.cz,lupa.cz,zdravezpravy.cz,oenergetice.cz,pravniprostor.cz"
CZ,Czech Republic,2026-01-01T00:00:00Z,2026-02-01T00:00:00Z,9425,63,0.006684350132625995,0.011411942632142555,64,0.006790450928381963,0.025100109447232608,"blesk.cz,aktualne.cz,ceskatelevize.cz,irozhlas.cz,denik.cz,e15.cz,lupa.cz,zdravezpravy.cz,oenergetice.cz,pravniprostor.cz"
CZ,Czech Republic,2026-02-01T00:00:00Z,2026-03-01T00:00:00Z,8569,54,0.006301785505893337,0.22226041574942063,54,0.006301785505893337,0.22226041574942063,"blesk.cz,aktualne.cz,ceskatelevize.cz,irozhlas.cz,denik.cz,e15.cz,lupa.cz,zdravezpravy.cz,oenergetice.cz,pravniprostor.cz"
CZ,Czech Republic,2026-03-01T00:00:00Z,2026-04-01T00:00:00Z,3395,15,0.004418262150220913,0.6985982073790842,16,0.00471281296023564,0.6282264177084896,"blesk.cz,aktualne.cz,ceskatelevize.cz,irozhlas.cz,denik.cz,e15.cz,lupa.cz,zdravezpravy.cz,oenergetice.cz,pravniprostor.cz"
FI,Finland,2018-06-01T00:00:00Z,2018-07-01T00:00:00Z,19457,86,0.004420003083723082,-0.9017962878380361,86,0.004420003083723082,-0.9017962878380361,"yle.fi,hs.fi,iltasanomat.fi,mtvuutiset.fi,is.fi,kauppalehti.fi,tivi.fi,mediuutiset.fi,energiauutiset.fi,edilex.fi"
FI,Finland,2018-07-01T00:00:00Z,2018-08-01T00:00:00Z,13159,64,0.004863591458317502,0.12205079196807313,64,0.004863591458317502,0.12205079196807313,"yle.fi,hs.fi,iltasanomat.fi,mtvuutiset.fi,is.fi,kauppalehti.fi,tivi.fi,mediuutiset.fi,energiauutiset.fi,edilex.fi"
FI,Finland,2018-08-01T00:00:00Z,2018-09-01T00:00:00Z,11519,34,0.002951645108082299,-0.4245941382622068,34,0.002951645108082299,-0.4245941382622068,"yle.fi,hs.fi,iltasanomat.fi,mtvuutiset.fi,is.fi,kauppalehti.fi,tivi.fi,mediuutiset.fi,energiauutiset.fi,edilex.fi"
FI,Finland,2018-09-01T00:00:00Z,2018-10-01T00:00:00Z,11861,53,0.0044684259337324,0.5375242519400882,53,0.0044684259337324,0.5375242519400882,"yle.fi,hs.fi,iltasanomat.fi,mtvuutiset.fi,is.fi,kauppalehti.fi,tivi.fi,mediuutiset.fi,energiauutiset.fi,edilex.fi"
FI,Finland,2018-10-01T00:00:00Z,2018-11-01T00:00:00Z,13711,55,0.0040113777259135,0.07187593672709003,55,0.0040113777259135,0.07187593672709003,"yle.fi,hs.fi,iltasanomat.fi,mtvuutiset.fi,is.fi,kauppalehti.fi,tivi.fi,mediuutiset.fi,energiauutiset.fi,edilex.fi"
FI,Finland,2018-11-01T00:00:00Z,2018-12-01T00:00:00Z,15104,66,0.004369703389830508,-0.2861047286869656,66,0.004369703389830508,-0.2861047286869656,"yle.fi,hs.fi,iltasanomat.fi,mtvuutiset.fi,is.fi,kauppalehti.fi,tivi.fi,mediuutiset.fi,energiauutiset.fi,edilex.fi"
FI,Finland,2018-12-01T00:00:00Z,2019-01-01T00:00:00Z,12526,49,0.003911863324285486,0.09486255261150024,49,0.003911863324285486,0.09486255261150024,"yle.fi,hs.fi,iltasanomat.fi,mtvuutiset.fi,is.fi,kauppalehti.fi,tivi.fi,mediuutiset.fi,energiauutiset.fi,edilex.fi"
FI,Finland,2019-01-01T00:00:00Z,2019-02-01T00:00:00Z,14693,112,0.007622677465459742,-2.73920820858179,112,0.007622677465459742,-2.73920820858179,"yle.fi,hs.fi,iltasanomat.fi,mtvuutiset.fi,is.fi,kauppalehti.fi,tivi.fi,mediuutiset.fi,energiauutiset.fi,edilex.fi"
FI,Finland,2019-02-01T00:00:00Z,2019-03-01T00:00:00Z,14006,54,0.0038554905040696845,-0.8365311282014516,54,0.0038554905040696845,-0.8365311282014516,"yle.fi,hs.fi,iltasanomat.fi,mtvuutiset.fi,is.fi,kauppalehti.fi,tivi.fi,mediuutiset.fi,energiauutiset.fi,edilex.fi"
FI,Finland,2019-03-01T00:00:00Z,2019-04-01T00:00:00Z,14734,45,0.0030541604452287226,0.34401561678650017,45,0.0030541604452287226,0.34401561678650017,"yle.fi,hs.fi,iltasanomat.fi,mtvuutiset.fi,is.fi,kauppalehti.fi,tivi.fi,mediuutiset.fi,energiauutiset.fi,edilex.fi"
FI,Finland,2019-04-01T00:00:00Z,2019-05-01T00:00:00Z,13685,30,0.0021921812203142127,-0.5215680095955308,31,0.00226525392765802,-0.43841824262938023,"yle.fi,hs.fi,iltasanomat.fi,mtvuutiset.fi,is.fi,kauppalehti.fi,tivi.fi,mediuutiset.fi,energiauutiset.fi,edilex.fi"
FI,Finland,2019-05-01T00:00:00Z,2019-06-01T00:00:00Z,14393,59,0.004099214896130063,-2.741358152413863,61,0.004238171333287015,-2.776650691025725,"yle.fi,hs.fi,iltasanomat.fi,mtvuutiset.fi,is.fi,kauppalehti.fi,tivi.fi,mediuutiset.fi,energiauutiset.fi,edilex.fi"
FI,Finland,2019-06-01T00:00:00Z,2019-07-01T00:00:00Z,13282,58,0.004366812227074236,-0.712868590378052,58,0.004366812227074236,-0.712868590378052,"yle.fi,hs.fi,iltasanomat.fi,mtvuutiset.fi,is.fi,kauppalehti.fi,tivi.fi,mediuutiset.fi,energiauutiset.fi,edilex.fi"
FI,Finland,2019-07-01T00:00:00Z,2019-08-01T00:00:00Z,12824,39,0.0030411728009981285,-0.9570500221721261,39,0.0030411728009981285,-0.9570500221721261,"yle.fi,hs.fi,iltasanomat.fi,mtvuutiset.fi,is.fi,kauppalehti.fi,tivi.fi,mediuutiset.fi,energiauutiset.fi,edilex.fi"
FI,Finland,2019-08-01T00:00:00Z,2019-09-01T00:00:00Z,12575,24,0.0019085487077534792,-0.23312475499027982,24,0.0019085487077534792,-0.23312475499027982,"yle.fi,hs.fi,iltasanomat.fi,mtvuutiset.fi,is.fi,kauppalehti.fi,tivi.fi,mediuutiset.fi,energiauutiset.fi,edilex.fi"
FI,Finland,2019-09-01T00:00:00Z,2019-10-01T00:00:00Z,14414,30,0.002081309837657833,-0.9091112560305018,30,0.002081309837657833,-0.9091112560305018,"yle.fi,hs.fi,iltasanomat.fi,mtvuutiset.fi,is.fi,kauppalehti.fi,tivi.fi,mediuutiset.fi,energiauutiset.fi,edilex.fi"
FI,Finland,2019-10-01T00:00:00Z,2019-11-01T00:00:00Z,14190,32,0.002255109231853418,-0.5423680126576526,32,0.002255109231853418,-0.5423680126576526,"yle.fi,hs.fi,iltasanomat.fi,mtvuutiset.fi,is.fi,kauppalehti.fi,tivi.fi,mediuutiset.fi,energiauutiset.fi,edilex.fi"
FI,Finland,2019-11-01T00:00:00Z,2019-12-01T00:00:00Z,13712,21,0.0015315052508751458,-0.49458900174332454,21,0.0015315052508751458,-0.49458900174332454,"yle.fi,hs.fi,iltasanomat.fi,mtvuutiset.fi,is.fi,kauppalehti.fi,tivi.fi,mediuutiset.fi,energiauutiset.fi,edilex.fi"
FI,Finland,2019-12-01T00:00:00Z,2020-01-01T00:00:00Z,12110,41,0.003385631709331131,-0.9248694255680443,41,0.003385631709331131,-0.9248694255680443,"yle.fi,hs.fi,iltasanomat.fi,mtvuutiset.fi,is.fi,kauppalehti.fi,tivi.fi,mediuutiset.fi,energiauutiset.fi,edilex.fi"
FI,Finland,2020-01-01T00:00:00Z,2020-02-01T00:00:00Z,12753,52,0.004077471967380225,-0.5204121252338341,52,0.004077471967380225,-0.5204121252338341,"yle.fi,hs.fi,iltasanomat.fi,mtvuutiset.fi,is.fi,kauppalehti.fi,tivi.fi,mediuutiset.fi,energiauutiset.fi,edilex.fi"
FI,Finland,2020-02-01T00:00:00Z,2020-03-01T00:00:00Z,12150,45,0.003703703703703704,-0.5492758151582432,45,0.003703703703703704,-0.5492758151582432,"yle.fi,hs.fi,iltasanomat.fi,mtvuutiset.fi,is.fi,kauppalehti.fi,tivi.fi,mediuutiset.fi,energiauutiset.fi,edilex.fi"
FI,Finland,2020-03-01T00:00:00Z,2020-04-01T00:00:00Z,11889,24,0.0020186727226848347,-1.7758756517381895,24,0.0020186727226848347,-1.7758756517381895,"yle.fi,hs.fi,iltasanomat.fi,mtvuutiset.fi,is.fi,kauppalehti.fi,tivi.fi,mediuutiset.fi,energiauutiset.fi,edilex.fi"
FI,Finland,2020-04-01T00:00:00Z,2020-05-01T00:00:00Z,11127,26,0.0023366585782331264,-0.9562396375497046,26,0.0023366585782331264,-0.9562396375497046,"yle.fi,hs.fi,iltasanomat.fi,mtvuutiset.fi,is.fi,kauppalehti.fi,tivi.fi,mediuutiset.fi,energiauutiset.fi,edilex.fi"
FI,Finland,2020-05-01T00:00:00Z,2020-06-01T00:00:00Z,10651,11,0.0010327668763496385,-1.034448350175996,12,0.0011266547741996056,-1.2213025734218472,"yle.fi,hs.fi,iltasanomat.fi,mtvuutiset.fi,is.fi,kauppalehti.fi,tivi.fi,mediuutiset.fi,energiauutiset.fi,edilex.fi"
FI,Finland,2020-06-01T00:00:00Z,2020-07-01T00:00:00Z,9598,29,0.0030214628047509897,-1.0618782477640532,30,0.0031256511773286103,-1.337593417283029,"yle.fi,hs.fi,iltasanomat.fi,mtvuutiset.fi,is.fi,kauppalehti.fi,tivi.fi,mediuutiset.fi,energiauutiset.fi,edilex.fi"
FI,Finland,2020-07-01T00:00:00Z,2020-08-01T00:00:00Z,8790,8,0.0009101251422070534,-2.2578092892128114,8,0.0009101251422070534,-2.2578092892128114,"yle.fi,hs.fi,iltasanomat.fi,mtvuutiset.fi,is.fi,kauppalehti.fi,tivi.fi,mediuutiset.fi,energiauutiset.fi,edilex.fi"
FI,Finland,2020-08-01T00:00:00Z,2020-09-01T00:00:00Z,8848,13,0.001469258589511754,-1.1580340628576389,13,0.001469258589511754,-1.1580340628576389,"yle.fi,hs.fi,iltasanomat.fi,mtvuutiset.fi,is.fi,kauppalehti.fi,tivi.fi,mediuutiset.fi,energiauutiset.fi,edilex.fi"
FI,Finland,2020-09-01T00:00:00Z,2020-10-01T00:00:00Z,8144,4,0.0004911591355599214,0.5012373631091966,4,0.0004911591355599214,0.5012373631091966,"yle.fi,hs.fi,iltasanomat.fi,mtvuutiset.fi,is.fi,kauppalehti.fi,tivi.fi,mediuutiset.fi,energiauutiset.fi,edilex.fi"
FI,Finland,2020-10-01T00:00:00Z,2020-11-01T00:00:00Z,5983,12,0.0020056827678422194,-1.8373981621368924,12,0.0020056827678422194,-1.8373981621368924,"yle.fi,hs.fi,iltasanomat.fi,mtvuutiset.fi,is.fi,kauppalehti.fi,tivi.fi,mediuutiset.fi,energiauutiset.fi,edilex.fi"
FI,Finland,2020-11-01T00:00:00Z,2020-12-01T00:00:00Z,6094,12,0.001969149983590417,-0.26766200018607195,12,0.001969149983590417,-0.26766200018607195,"yle.fi,hs.fi,iltasanomat.fi,mtvuutiset.fi,is.fi,kauppalehti.fi,tivi.fi,mediuutiset.fi,energiauutiset.fi,edilex.fi"
FI,Finland,2020-12-01T00:00:00Z,2021-01-01T00:00:00Z,9260,20,0.0021598272138228943,-0.7439231457891133,20,0.0021598272138228943,-0.7439231457891133,"yle.fi,hs.fi,iltasanomat.fi,mtvuutiset.fi,is.fi,kauppalehti.fi,tivi.fi,mediuutiset.fi,energiauutiset.fi,edilex.fi"
FI,Finland,2021-01-01T00:00:00Z,2021-02-01T00:00:00Z,9510,13,0.001366982124079916,-0.9048575820180433,13,0.001366982124079916,-0.9048575820180433,"yle.fi,hs.fi,iltasanomat.fi,mtvuutiset.fi,is.fi,kauppalehti.fi,tivi.fi,mediuutiset.fi,energiauutiset.fi,edilex.fi"
FI,Finland,2021-02-01T00:00:00Z,2021-03-01T00:00:00Z,8977,15,0.0016709368385875013,0.4435768235004952,15,0.0016709368385875013,0.4435768235004952,"yle.fi,hs.fi,iltasanomat.fi,mtvuutiset.fi,is.fi,kauppalehti.fi,tivi.fi,mediuutiset.fi,energiauutiset.fi,edilex.fi"
FI,Finland,2021-03-01T00:00:00Z,2021-04-01T00:00:00Z,9597,13,0.0013545899760341773,-1.9475818104091136,13,0.0013545899760341773,-1.9475818104091136,"yle.fi,hs.fi,iltasanomat.fi,mtvuutiset.fi,is.fi,kauppalehti.fi,tivi.fi,mediuutiset.fi,energiauutiset.fi,edilex.fi"
FI,Finland,2021-04-01T00:00:00Z,2021-05-01T00:00:00Z,8176,18,0.002201565557729941,-0.9485628477810252,18,0.002201565557729941,-0.9485628477810252,"yle.fi,hs.fi,iltasanomat.fi,mtvuutiset.fi,is.fi,kauppalehti.fi,tivi.fi,mediuutiset.fi,energiauutiset.fi,edilex.fi"
FI,Finland,2021-05-01T00:00:00Z,2021-06-01T00:00:00Z,8827,18,0.0020391979154865754,-0.46276943513405855,18,0.0020391979154865754,-0.46276943513405855,"yle.fi,hs.fi,iltasanomat.fi,mtvuutiset.fi,is.fi,kauppalehti.fi,tivi.fi,mediuutiset.fi,energiauutiset.fi,edilex.fi"
FI,Finland,2021-06-01T00:00:00Z,2021-07-01T00:00:00Z,8473,23,0.0027145048979110116,-0.14617128612628766,23,0.0027145048979110116,-0.14617128612628766,"yle.fi,hs.fi,iltasanomat.fi,mtvuutiset.fi,is.fi,kauppalehti.fi,tivi.fi,mediuutiset.fi,energiauutiset.fi,edilex.fi"
FI,Finland,2021-07-01T00:00:00Z,2021-08-01T00:00:00Z,7869,18,0.002287457110179184,-4.025494097637471,18,0.002287457110179184,-4.025494097637471,"yle.fi,hs.fi,iltasanomat.fi,mtvuutiset.fi,is.fi,kauppalehti.fi,tivi.fi,mediuutiset.fi,energiauutiset.fi,edilex.fi"
FI,Finland,2021-08-01T00:00:00Z,2021-09-01T00:00:00Z,5361,11,0.0020518559970154823,-1.9541193590767623,11,0.0020518559970154823,-1.9541193590767623,"yle.fi,hs.fi,iltasanomat.fi,mtvuutiset.fi,is.fi,kauppalehti.fi,tivi.fi,mediuutiset.fi,energiauutiset.fi,edilex.fi"
FI,Finland,2021-09-01T00:00:00Z,2021-10-01T00:00:00Z,5560,18,0.003237410071942446,-1.5120667727787414,18,0.003237410071942446,-1.5120667727787414,"yle.fi,hs.fi,iltasanomat.fi,mtvuutiset.fi,is.fi,kauppalehti.fi,tivi.fi,mediuutiset.fi,energiauutiset.fi,edilex.fi"
FI,Finland,2021-10-01T00:00:00Z,2021-11-01T00:00:00Z,6204,10,0.0016118633139909735,0.07821879919883068,11,0.0017730496453900709,0.05469841607507747,"yle.fi,hs.fi,iltasanomat.fi,mtvuutiset.fi,is.fi,kauppalehti.fi,tivi.fi,mediuutiset.fi,energiauutiset.fi,edilex.fi"
FI,Finland,2021-11-01T00:00:00Z,2021-12-01T00:00:00Z,5816,15,0.002579092159559835,-1.48871158176696,16,0.002751031636863824,-1.609787478276896,"yle.fi,hs.fi,iltasanomat.fi,mtvuutiset.fi,is.fi,kauppalehti.fi,tivi.fi,mediuutiset.fi,energiauutiset.fi,edilex.fi"
FI,Finland,2021-12-01T00:00:00Z,2022-01-01T00:00:00Z,5273,20,0.0037929072634174093,-0.049234081286167554,20,0.0037929072634174093,-0.049234081286167554,"yle.fi,hs.fi,iltasanomat.fi,mtvuutiset.fi,is.fi,kauppalehti.fi,tivi.fi,mediuutiset.fi,energiauutiset.fi,edilex.fi"
FI,Finland,2022-01-01T00:00:00Z,2022-02-01T00:00:00Z,5150,9,0.0017475728155339806,-2.3718992924883935,9,0.0017475728155339806,-2.3718992924883935,"yle.fi,hs.fi,iltasanomat.fi,mtvuutiset.fi,is.fi,kauppalehti.fi,tivi.fi,mediuutiset.fi,energiauutiset.fi,edilex.fi"
FI,Finland,2022-02-01T00:00:00Z,2022-03-01T00:00:00Z,5036,5,0.0009928514694201747,-0.0032374525017905276,5,0.0009928514694201747,-0.0032374525017905276,"yle.fi,hs.fi,iltasanomat.fi,mtvuutiset.fi,is.fi,kauppalehti.fi,tivi.fi,mediuutiset.fi,energiauutiset.fi,edilex.fi"
FI,Finland,2022-03-01T00:00:00Z,2022-04-01T00:00:00Z,5418,4,0.0007382798080472499,-2.3040335599336426,4,0.0007382798080472499,-2.3040335599336426,"yle.fi,hs.fi,iltasanomat.fi,mtvuutiset.fi,is.fi,kauppalehti.fi,tivi.fi,mediuutiset.fi,energiauutiset.fi,edilex.fi"
FI,Finland,2022-04-01T00:00:00Z,2022-05-01T00:00:00Z,4927,11,0.002232595900142074,0.4231853245505133,11,0.002232595900142074,0.4231853245505133,"yle.fi,hs.fi,iltasanomat.fi,mtvuutiset.fi,is.fi,kauppalehti.fi,tivi.fi,mediuutiset.fi,energiauutiset.fi,edilex.fi"
FI,Finland,2022-05-01T00:00:00Z,2022-06-01T00:00:00Z,5015,20,0.003988035892323031,-0.1602517161571151,20,0.003988035892323031,-0.1602517161571151,"yle.fi,hs.fi,iltasanomat.fi,mtvuutiset.fi,is.fi,kauppalehti.fi,tivi.fi,mediuutiset.fi,energiauutiset.fi,edilex.fi"
FI,Finland,2022-06-01T00:00:00Z,2022-07-01T00:00:00Z,4793,17,0.0035468391404131026,0.13922331469841492,17,0.0035468391404131026,0.13922331469841492,"yle.fi,hs.fi,iltasanomat.fi,mtvuutiset.fi,is.fi,kauppalehti.fi,tivi.fi,mediuutiset.fi,energiauutiset.fi,edilex.fi"
FI,Finland,2022-07-01T00:00:00Z,2022-08-01T00:00:00Z,4427,10,0.00225886604924328,-0.4237623116876796,10,0.00225886604924328,-0.4237623116876796,"yle.fi,hs.fi,iltasanomat.fi,mtvuutiset.fi,is.fi,kauppalehti.fi,tivi.fi,mediuutiset.fi,energiauutiset.fi,edilex.fi"
FI,Finland,2022-08-01T00:00:00Z,2022-09-01T00:00:00Z,4891,12,0.0024534859946841138,0.05357322873354894,15,0.003066857493355142,-0.48318865356634555,"yle.fi,hs.fi,iltasanomat.fi,mtvuutiset.fi,is.fi,kauppalehti.fi,tivi.fi,mediuutiset.fi,energiauutiset.fi,edilex.fi"
FI,Finland,2022-09-01T00:00:00Z,2022-10-01T00:00:00Z,5375,10,0.0018604651162790699,0.20461354868880233,10,0.0018604651162790699,0.20461354868880233,"yle.fi,hs.fi,iltasanomat.fi,mtvuutiset.fi,is.fi,kauppalehti.fi,tivi.fi,mediuutiset.fi,energiauutiset.fi,edilex.fi"
FI,Finland,2022-10-01T00:00:00Z,2022-11-01T00:00:00Z,5222,11,0.0021064726158559937,-0.7800312509617012,11,0.0021064726158559937,-0.7800312509617012,"yle.fi,hs.fi,iltasanomat.fi,mtvuutiset.fi,is.fi,kauppalehti.fi,tivi.fi,mediuutiset.fi,energiauutiset.fi,edilex.fi"
FI,Finland,2022-11-01T00:00:00Z,2022-12-01T00:00:00Z,5533,15,0.002711006687149828,-0.4118967219207286,16,0.00289174046629315,-0.7618362369099723,"yle.fi,hs.fi,iltasanomat.fi,mtvuutiset.fi,is.fi,kauppalehti.fi,tivi.fi,mediuutiset.fi,energiauutiset.fi,edilex.fi"
FI,Finland,2022-12-01T00:00:00Z,2023-01-01T00:00:00Z,5478,12,0.002190580503833516,0.6688301216184269,12,0.002190580503833516,0.6688301216184269,"yle.fi,hs.fi,iltasanomat.fi,mtvuutiset.fi,is.fi,kauppalehti.fi,tivi.fi,mediuutiset.fi,energiauutiset.fi,edilex.fi"
FI,Finland,2023-01-01T00:00:00Z,2023-02-01T00:00:00Z,5755,16,0.002780191138140747,-0.8207945328226314,17,0.002953953084274544,-0.9502645580300801,"yle.fi,hs.fi,iltasanomat.fi,mtvuutiset.fi,is.fi,kauppalehti.fi,tivi.fi,mediuutiset.fi,energiauutiset.fi,edilex.fi"
FI,Finland,2023-02-01T00:00:00Z,2023-03-01T00:00:00Z,5916,19,0.003211629479377958,0.032788749119584126,19,0.003211629479377958,0.032788749119584126,"yle.fi,hs.fi,iltasanomat.fi,mtvuutiset.fi,is.fi,kauppalehti.fi,tivi.fi,mediuutiset.fi,energiauutiset.fi,edilex.fi"
FI,Finland,2023-03-01T00:00:00Z,2023-04-01T00:00:00Z,6855,31,0.0045222465353756385,0.603729116361677,31,0.0045222465353756385,0.603729116361677,"yle.fi,hs.fi,iltasanomat.fi,mtvuutiset.fi,is.fi,kauppalehti.fi,tivi.fi,mediuutiset.fi,energiauutiset.fi,edilex.fi"
FI,Finland,2023-04-01T00:00:00Z,2023-05-01T00:00:00Z,8737,35,0.0040059516996680785,-1.0130414715976443,35,0.0040059516996680785,-1.0130414715976443,"yle.fi,hs.fi,iltasanomat.fi,mtvuutiset.fi,is.fi,kauppalehti.fi,tivi.fi,mediuutiset.fi,energiauutiset.fi,edilex.fi"
FI,Finland,2023-05-01T00:00:00Z,2023-06-01T00:00:00Z,8800,51,0.0057954545454545455,-0.5958933767038793,51,0.0057954545454545455,-0.5958933767038793,"yle.fi,hs.fi,iltasanomat.fi,mtvuutiset.fi,is.fi,kauppalehti.fi,tivi.fi,mediuutiset.fi,energiauutiset.fi,edilex.fi"
FI,Finland,2023-06-01T00:00:00Z,2023-07-01T00:00:00Z,8799,43,0.004886918968064553,-0.5075928731195765,44,0.005000568246391636,-0.7485819239830203,"yle.fi,hs.fi,iltasanomat.fi,mtvuutiset.fi,is.fi,kauppalehti.fi,tivi.fi,mediuutiset.fi,energiauutiset.fi,edilex.fi"
FI,Finland,2023-07-01T00:00:00Z,2023-08-01T00:00:00Z,8228,28,0.003403014098201264,-0.36700015944613273,28,0.003403014098201264,-0.36700015944613273,"yle.fi,hs.fi,iltasanomat.fi,mtvuutiset.fi,is.fi,kauppalehti.fi,tivi.fi,mediuutiset.fi,energiauutiset.fi,edilex.fi"
FI,Finland,2023-08-01T00:00:00Z,2023-09-01T00:00:00Z,9045,35,0.003869541182974019,0.04704077170863913,36,0.003980099502487562,-0.034201967553451285,"yle.fi,hs.fi,iltasanomat.fi,mtvuutiset.fi,is.fi,kauppalehti.fi,tivi.fi,mediuutiset.fi,energiauutiset.fi,edilex.fi"
FI,Finland,2023-09-01T00:00:00Z,2023-10-01T00:00:00Z,9162,44,0.004802444881030343,-0.6515267278579805,45,0.004911591355599214,-0.6794290452746612,"yle.fi,hs.fi,iltasanomat.fi,mtvuutiset.fi,is.fi,kauppalehti.fi,tivi.fi,mediuutiset.fi,energiauutiset.fi,edilex.fi"
FI,Finland,2023-10-01T00:00:00Z,2023-11-01T00:00:00Z,8147,40,0.004909782742113662,-0.42509096941086183,41,0.005032527310666503,-0.40329354183042465,"yle.fi,hs.fi,iltasanomat.fi,mtvuutiset.fi,is.fi,kauppalehti.fi,tivi.fi,mediuutiset.fi,energiauutiset.fi,edilex.fi"
FI,Finland,2023-11-01T00:00:00Z,2023-12-01T00:00:00Z,7620,36,0.004724409448818898,1.046660857490571,37,0.0048556430446194225,1.0022578037888827,"yle.fi,hs.fi,iltasanomat.fi,mtvuutiset.fi,is.fi,kauppalehti.fi,tivi.fi,mediuutiset.fi,energiauutiset.fi,edilex.fi"
FI,Finland,2023-12-01T00:00:00Z,2024-01-01T00:00:00Z,6531,44,0.006737099984688409,0.38067752734651505,45,0.006890215893431328,0.2835337937721565,"yle.fi,hs.fi,iltasanomat.fi,mtvuutiset.fi,is.fi,kauppalehti.fi,tivi.fi,mediuutiset.fi,energiauutiset.fi,edilex.fi"
FI,Finland,2024-01-01T00:00:00Z,2024-02-01T00:00:00Z,7734,39,0.00504266873545384,0.5060686734488712,40,0.00517196793379881,0.44032815352384636,"yle.fi,hs.fi,iltasanomat.fi,mtvuutiset.fi,is.fi,kauppalehti.fi,tivi.fi,mediuutiset.fi,energiauutiset.fi,edilex.fi"
FI,Finland,2024-02-01T00:00:00Z,2024-03-01T00:00:00Z,8163,33,0.00404263138552003,-0.30096511864285874,33,0.00404263138552003,-0.30096511864285874,"yle.fi,hs.fi,iltasanomat.fi,mtvuutiset.fi,is.fi,kauppalehti.fi,tivi.fi,mediuutiset.fi,energiauutiset.fi,edilex.fi"
FI,Finland,2024-03-01T00:00:00Z,2024-04-01T00:00:00Z,8037,49,0.006096802289411472,-0.9935098348652533,49,0.006096802289411472,-0.9935098348652533,"yle.fi,hs.fi,iltasanomat.fi,mtvuutiset.fi,is.fi,kauppalehti.fi,tivi.fi,mediuutiset.fi,energiauutiset.fi,edilex.fi"
FI,Finland,2024-04-01T00:00:00Z,2024-05-01T00:00:00Z,7718,48,0.006219227779217414,0.19011256611900712,49,0.0063487950246177765,0.12245720762678244,"yle.fi,hs.fi,iltasanomat.fi,mtvuutiset.fi,is.fi,kauppalehti.fi,tivi.fi,mediuutiset.fi,energiauutiset.fi,edilex.fi"
FI,Finland,2024-05-01T00:00:00Z,2024-06-01T00:00:00Z,8005,51,0.006371018113678951,0.10766484805146664,52,0.006495940037476577,0.07275244931686128,"yle.fi,hs.fi,iltasanomat.fi,mtvuutiset.fi,is.fi,kauppalehti.fi,tivi.fi,mediuutiset.fi,energiauutiset.fi,edilex.fi"
FI,Finland,2024-06-01T00:00:00Z,2024-07-01T00:00:00Z,8627,50,0.00579575750550597,0.4422643985426091,50,0.00579575750550597,0.4422643985426091,"yle.fi,hs.fi,iltasanomat.fi,mtvuutiset.fi,is.fi,kauppalehti.fi,tivi.fi,mediuutiset.fi,energiauutiset.fi,edilex.fi"
FI,Finland,2024-07-01T00:00:00Z,2024-08-01T00:00:00Z,8999,27,0.003000333370374486,-0.7124988431859728,27,0.003000333370374486,-0.7124988431859728,"yle.fi,hs.fi,iltasanomat.fi,mtvuutiset.fi,is.fi,kauppalehti.fi,tivi.fi,mediuutiset.fi,energiauutiset.fi,edilex.fi"
FI,Finland,2024-08-01T00:00:00Z,2024-09-01T00:00:00Z,9752,52,0.005332239540607055,-0.09911525626243207,52,0.005332239540607055,-0.09911525626243207,"yle.fi,hs.fi,iltasanomat.fi,mtvuutiset.fi,is.fi,kauppalehti.fi,tivi.fi,mediuutiset.fi,energiauutiset.fi,edilex.fi"
FI,Finland,2024-09-01T00:00:00Z,2024-10-01T00:00:00Z,10051,57,0.005671077504725898,-0.3644126235997541,57,0.005671077504725898,-0.3644126235997541,"yle.fi,hs.fi,iltasanomat.fi,mtvuutiset.fi,is.fi,kauppalehti.fi,tivi.fi,mediuutiset.fi,energiauutiset.fi,edilex.fi"
FI,Finland,2024-10-01T00:00:00Z,2024-11-01T00:00:00Z,10453,42,0.004017985267387353,0.27708087778261936,43,0.004113651583277528,0.1737379116326359,"yle.fi,hs.fi,iltasanomat.fi,mtvuutiset.fi,is.fi,kauppalehti.fi,tivi.fi,mediuutiset.fi,energiauutiset.fi,edilex.fi"
FI,Finland,2024-11-01T00:00:00Z,2024-12-01T00:00:00Z,10365,57,0.005499276410998553,0.18281408275271901,57,0.005499276410998553,0.18281408275271901,"yle.fi,hs.fi,iltasanomat.fi,mtvuutiset.fi,is.fi,kauppalehti.fi,tivi.fi,mediuutiset.fi,energiauutiset.fi,edilex.fi"
FI,Finland,2024-12-01T00:00:00Z,2025-01-01T00:00:00Z,9257,51,0.005509344280004321,-0.8894463804413201,51,0.005509344280004321,-0.8894463804413201,"yle.fi,hs.fi,iltasanomat.fi,mtvuutiset.fi,is.fi,kauppalehti.fi,tivi.fi,mediuutiset.fi,energiauutiset.fi,edilex.fi"
FI,Finland,2025-01-01T00:00:00Z,2025-02-01T00:00:00Z,9743,45,0.004618700605562969,0.5038013584971494,45,0.004618700605562969,0.5038013584971494,"yle.fi,hs.fi,iltasanomat.fi,mtvuutiset.fi,is.fi,kauppalehti.fi,tivi.fi,mediuutiset.fi,energiauutiset.fi,edilex.fi"
FI,Finland,2025-02-01T00:00:00Z,2025-03-01T00:00:00Z,9261,55,0.005938883489903898,-0.6229037574760761,56,0.006046863189720333,-0.599205023376277,"yle.fi,hs.fi,iltasanomat.fi,mtvuutiset.fi,is.fi,kauppalehti.fi,tivi.fi,mediuutiset.fi,energiauutiset.fi,edilex.fi"
FI,Finland,2025-03-01T00:00:00Z,2025-04-01T00:00:00Z,9670,34,0.003516028955532575,-0.5987916646022039,34,0.003516028955532575,-0.5987916646022039,"yle.fi,hs.fi,iltasanomat.fi,mtvuutiset.fi,is.fi,kauppalehti.fi,tivi.fi,mediuutiset.fi,energiauutiset.fi,edilex.fi"
FI,Finland,2025-04-01T00:00:00Z,2025-05-01T00:00:00Z,9576,46,0.004803675856307435,0.1824466339547236,46,0.004803675856307435,0.1824466339547236,"yle.fi,hs.fi,iltasanomat.fi,mtvuutiset.fi,is.fi,kauppalehti.fi,tivi.fi,mediuutiset.fi,energiauutiset.fi,edilex.fi"
FI,Finland,2025-05-01T00:00:00Z,2025-06-01T00:00:00Z,9304,70,0.007523645743766122,-1.5814187758224614,70,0.007523645743766122,-1.5814187758224614,"yle.fi,hs.fi,iltasanomat.fi,mtvuutiset.fi,is.fi,kauppalehti.fi,tivi.fi,mediuutiset.fi,energiauutiset.fi,edilex.fi"
FI,Finland,2025-06-01T00:00:00Z,2025-07-01T00:00:00Z,4227,26,0.006150934468890466,-0.03052074053884113,26,0.006150934468890466,-0.03052074053884113,"yle.fi,hs.fi,iltasanomat.fi,mtvuutiset.fi,is.fi,kauppalehti.fi,tivi.fi,mediuutiset.fi,energiauutiset.fi,edilex.fi"
FI,Finland,2025-07-01T00:00:00Z,2025-08-01T00:00:00Z,8758,50,0.005709065996802923,-1.5513191240386093,50,0.005709065996802923,-1.5513191240386093,"yle.fi,hs.fi,iltasanomat.fi,mtvuutiset.fi,is.fi,kauppalehti.fi,tivi.fi,mediuutiset.fi,energiauutiset.fi,edilex.fi"
FI,Finland,2025-08-01T00:00:00Z,2025-09-01T00:00:00Z,8792,43,0.0048908098271155595,-1.3117271663598207,43,0.0048908098271155595,-1.3117271663598207,"yle.fi,hs.fi,iltasanomat.fi,mtvuutiset.fi,is.fi,kauppalehti.fi,tivi.fi,mediuutiset.fi,energiauutiset.fi,edilex.fi"
FI,Finland,2025-09-01T00:00:00Z,2025-10-01T00:00:00Z,9211,51,0.005536858104440343,-0.2572352833720684,51,0.005536858104440343,-0.2572352833720684,"yle.fi,hs.fi,iltasanomat.fi,mtvuutiset.fi,is.fi,kauppalehti.fi,tivi.fi,mediuutiset.fi,energiauutiset.fi,edilex.fi"
FI,Finland,2025-10-01T00:00:00Z,2025-11-01T00:00:00Z,9793,338,0.03451444909629327,-0.27617652707652185,338,0.03451444909629327,-0.27617652707652185,"yle.fi,hs.fi,iltasanomat.fi,mtvuutiset.fi,is.fi,kauppalehti.fi,tivi.fi,mediuutiset.fi,energiauutiset.fi,edilex.fi"
FI,Finland,2025-11-01T00:00:00Z,2025-12-01T00:00:00Z,9124,332,0.03638754932047348,-0.2601605634856365,332,0.03638754932047348,-0.2601605634856365,"yle.fi,hs.fi,iltasanomat.fi,mtvuutiset.fi,is.fi,kauppalehti.fi,tivi.fi,mediuutiset.fi,energiauutiset.fi,edilex.fi"
FI,Finland,2025-12-01T00:00:00Z,2026-01-01T00:00:00Z,8449,272,0.03219315895372234,-0.20982868363978396,272,0.03219315895372234,-0.20982868363978396,"yle.fi,hs.fi,iltasanomat.fi,mtvuutiset.fi,is.fi,kauppalehti.fi,tivi.fi,mediuutiset.fi,energiauutiset.fi,edilex.fi"
FI,Finland,2026-01-01T00:00:00Z,2026-02-01T00:00:00Z,9501,269,0.028312809177981266,-0.49598505938161436,269,0.028312809177981266,-0.49598505938161436,"yle.fi,hs.fi,iltasanomat.fi,mtvuutiset.fi,is.fi,kauppalehti.fi,tivi.fi,mediuutiset.fi,energiauutiset.fi,edilex.fi"
FI,Finland,2026-02-01T00:00:00Z,2026-03-01T00:00:00Z,9166,303,0.033056949596334276,-0.20408458840840354,303,0.033056949596334276,-0.20408458840840354,"yle.fi,hs.fi,iltasanomat.fi,mtvuutiset.fi,is.fi,kauppalehti.fi,tivi.fi,mediuutiset.fi,energiauutiset.fi,edilex.fi"
FI,Finland,2026-03-01T00:00:00Z,2026-04-01T00:00:00Z,3548,142,0.040022547914317926,-1.528572406890066,142,0.040022547914317926,-1.528572406890066,"yle.fi,hs.fi,iltasanomat.fi,mtvuutiset.fi,is.fi,kauppalehti.fi,tivi.fi,mediuutiset.fi,energiauutiset.fi,edilex.fi"
FR,France,2018-06-01T00:00:00Z,2018-07-01T00:00:00Z,22673,314,0.01384907158294006,-0.9590651973693676,319,0.014069598200502801,-0.9437057670379131,"lemonde.fr,lefigaro.fr,franceinfo.fr,liberation.fr,ouest-france.fr,lesechos.fr,numerama.com,lequotidiendumedecin.fr,actu-environnement.com,dalloz-actualite.fr"
FR,France,2018-07-01T00:00:00Z,2018-08-01T00:00:00Z,18016,358,0.019871225577264652,-1.374963202811925,369,0.020481793960923624,-1.4113167088776153,"lemonde.fr,lefigaro.fr,franceinfo.fr,liberation.fr,ouest-france.fr,lesechos.fr,numerama.com,lequotidiendumedecin.fr,actu-environnement.com,dalloz-actualite.fr"
FR,France,2018-08-01T00:00:00Z,2018-09-01T00:00:00Z,14876,175,0.01176391503092229,-1.211270333802589,191,0.012839472976606614,-1.207653686804085,"lemonde.fr,lefigaro.fr,franceinfo.fr,liberation.fr,ouest-france.fr,lesechos.fr,numerama.com,lequotidiendumedecin.fr,actu-environnement.com,dalloz-actualite.fr"
FR,France,2018-09-01T00:00:00Z,2018-10-01T00:00:00Z,16734,263,0.015716505318513208,-1.0479675092621836,268,0.016015298195291024,-1.0535234153443893,"lemonde.fr,lefigaro.fr,franceinfo.fr,liberation.fr,ouest-france.fr,lesechos.fr,numerama.com,lequotidiendumedecin.fr,actu-environnement.com,dalloz-actualite.fr"
FR,France,2018-10-01T00:00:00Z,2018-11-01T00:00:00Z,18993,261,0.013741904912336124,-1.011549211851699,274,0.01442636760911915,-1.051891624395509,"lemonde.fr,lefigaro.fr,franceinfo.fr,liberation.fr,ouest-france.fr,lesechos.fr,numerama.com,lequotidiendumedecin.fr,actu-environnement.com,dalloz-actualite.fr"
FR,France,2018-11-01T00:00:00Z,2018-12-01T00:00:00Z,16289,247,0.015163607342378291,-1.678295846784629,254,0.01559334520228375,-1.6410561540379998,"lemonde.fr,lefigaro.fr,franceinfo.fr,liberation.fr,ouest-france.fr,lesechos.fr,numerama.com,lequotidiendumedecin.fr,actu-environnement.com,dalloz-actualite.fr"
FR,France,2018-12-01T00:00:00Z,2019-01-01T00:00:00Z,13172,192,0.014576374126935925,-1.1926598522736118,194,0.014728211357424841,-1.2558348891817614,"lemonde.fr,lefigaro.fr,franceinfo.fr,liberation.fr,ouest-france.fr,lesechos.fr,numerama.com,lequotidiendumedecin.fr,actu-environnement.com,dalloz-actualite.fr"
FR,France,2019-01-01T00:00:00Z,2019-02-01T00:00:00Z,14548,166,0.01141050316194666,-1.7561443101547929,171,0.01175419301622216,-1.7568077530100177,"lemonde.fr,lefigaro.fr,franceinfo.fr,liberation.fr,ouest-france.fr,lesechos.fr,numerama.com,lequotidiendumedecin.fr,actu-environnement.com,dalloz-actualite.fr"
FR,France,2019-02-01T00:00:00Z,2019-03-01T00:00:00Z,13616,153,0.011236780258519388,-1.0404360901007599,155,0.011383666274970623,-1.0485263130113418,"lemonde.fr,lefigaro.fr,franceinfo.fr,liberation.fr,ouest-france.fr,lesechos.fr,numerama.com,lequotidiendumedecin.fr,actu-environnement.com,dalloz-actualite.fr"
FR,France,2019-03-01T00:00:00Z,2019-04-01T00:00:00Z,13777,203,0.014734702765478697,-1.8137306815627003,207,0.015025041736227046,-1.8124433688065904,"lemonde.fr,lefigaro.fr,franceinfo.fr,liberation.fr,ouest-france.fr,lesechos.fr,numerama.com,lequotidiendumedecin.fr,actu-environnement.com,dalloz-actualite.fr"
FR,France,2019-04-01T00:00:00Z,2019-05-01T00:00:00Z,13678,189,0.013817809621289662,-1.411388176725602,196,0.014329580348004094,-1.3550111959261995,"lemonde.fr,lefigaro.fr,franceinfo.fr,liberation.fr,ouest-france.fr,lesechos.fr,numerama.com,lequotidiendumedecin.fr,actu-environnement.com,dalloz-actualite.fr"
FR,France,2019-05-01T00:00:00Z,2019-06-01T00:00:00Z,13934,176,0.012630974594517008,-0.8773131671147284,186,0.01334864360556911,-0.726484186740695,"lemonde.fr,lefigaro.fr,franceinfo.fr,liberation.fr,ouest-france.fr,lesechos.fr,numerama.com,lequotidiendumedecin.fr,actu-environnement.com,dalloz-actualite.fr"
FR,France,2019-06-01T00:00:00Z,2019-07-01T00:00:00Z,13456,202,0.015011890606420927,-1.1195865964095633,209,0.015532104637336504,-1.2148934273920697,"lemonde.fr,lefigaro.fr,franceinfo.fr,liberation.fr,ouest-france.fr,lesechos.fr,numerama.com,lequotidiendumedecin.fr,actu-environnement.com,dalloz-actualite.fr"
FR,France,2019-07-01T00:00:00Z,2019-08-01T00:00:00Z,15758,208,0.013199644624952406,-1.0527680950558442,219,0.013897702754156619,-1.1168748038670269,"lemonde.fr,lefigaro.fr,franceinfo.fr,liberation.fr,ouest-france.fr,lesechos.fr,numerama.com,lequotidiendumedecin.fr,actu-environnement.com,dalloz-actualite.fr"
FR,France,2019-08-01T00:00:00Z,2019-09-01T00:00:00Z,12388,126,0.010171133354859542,-1.6991781665743915,130,0.010494026477236035,-1.7491176336747236,"lemonde.fr,lefigaro.fr,franceinfo.fr,liberation.fr,ouest-france.fr,lesechos.fr,numerama.com,lequotidiendumedecin.fr,actu-environnement.com,dalloz-actualite.fr"
FR,France,2019-09-01T00:00:00Z,2019-10-01T00:00:00Z,18063,250,0.013840447323257487,-1.100294773208699,260,0.014394065216187787,-1.0437384548010706,"lemonde.fr,lefigaro.fr,franceinfo.fr,liberation.fr,ouest-france.fr,lesechos.fr,numerama.com,lequotidiendumedecin.fr,actu-environnement.com,dalloz-actualite.fr"
FR,France,2019-10-01T00:00:00Z,2019-11-01T00:00:00Z,20588,254,0.012337283854672625,-1.3820876071001902,258,0.012531571789391878,-1.3786188727385165,"lemonde.fr,lefigaro.fr,franceinfo.fr,liberation.fr,ouest-france.fr,lesechos.fr,numerama.com,lequotidiendumedecin.fr,actu-environnement.com,dalloz-actualite.fr"
FR,France,2019-11-01T00:00:00Z,2019-12-01T00:00:00Z,20644,222,0.010753729897306724,-1.4624351907914424,229,0.011092811470645223,-1.488110198101826,"lemonde.fr,lefigaro.fr,franceinfo.fr,liberation.fr,ouest-france.fr,lesechos.fr,numerama.com,lequotidiendumedecin.fr,actu-environnement.com,dalloz-actualite.fr"
FR,France,2019-12-01T00:00:00Z,2020-01-01T00:00:00Z,20270,199,0.009817464232856439,-1.092168199526789,204,0.010064134188455845,-1.1082931162056142,"lemonde.fr,lefigaro.fr,franceinfo.fr,liberation.fr,ouest-france.fr,lesechos.fr,numerama.com,lequotidiendumedecin.fr,actu-environnement.com,dalloz-actualite.fr"
FR,France,2020-01-01T00:00:00Z,2020-02-01T00:00:00Z,22377,179,0.00799928498011351,-1.1884944607159205,196,0.008758993609509765,-1.1965318900188513,"lemonde.fr,lefigaro.fr,franceinfo.fr,liberation.fr,ouest-france.fr,lesechos.fr,numerama.com,lequotidiendumedecin.fr,actu-environnement.com,dalloz-actualite.fr"
FR,France,2020-02-01T00:00:00Z,2020-03-01T00:00:00Z,20313,215,0.010584354846649928,-0.7270142819101529,219,0.010781273076355043,-0.7955762397057033,"lemonde.fr,lefigaro.fr,franceinfo.fr,liberation.fr,ouest-france.fr,lesechos.fr,numerama.com,lequotidiendumedecin.fr,actu-environnement.com,dalloz-actualite.fr"
FR,France,2020-03-01T00:00:00Z,2020-04-01T00:00:00Z,21406,213,0.009950481173502756,-1.9701272283297033,229,0.010697935158366813,-2.0567713646146495,"lemonde.fr,lefigaro.fr,franceinfo.fr,liberation.fr,ouest-france.fr,lesechos.fr,numerama.com,lequotidiendumedecin.fr,actu-environnement.com,dalloz-actualite.fr"
FR,France,2020-04-01T00:00:00Z,2020-05-01T00:00:00Z,21555,223,0.010345627464625378,-1.1287825104283398,232,0.01076316399907214,-1.1890065085768935,"lemonde.fr,lefigaro.fr,franceinfo.fr,liberation.fr,ouest-france.fr,lesechos.fr,numerama.com,lequotidiendumedecin.fr,actu-environnement.com,dalloz-actualite.fr"
FR,France,2020-05-01T00:00:00Z,2020-06-01T00:00:00Z,19104,205,0.010730737018425461,-0.8443961354610316,216,0.011306532663316583,-1.0040420633311016,"lemonde.fr,lefigaro.fr,franceinfo.fr,liberation.fr,ouest-france.fr,lesechos.fr,numerama.com,lequotidiendumedecin.fr,actu-environnement.com,dalloz-actualite.fr"
FR,France,2020-06-01T00:00:00Z,2020-07-01T00:00:00Z,20291,261,0.012862845596569908,-1.0663393120512046,264,0.013010694396530482,-1.0794834956937969,"lemonde.fr,lefigaro.fr,franceinfo.fr,liberation.fr,ouest-france.fr,lesechos.fr,numerama.com,lequotidiendumedecin.fr,actu-environnement.com,dalloz-actualite.fr"
FR,France,2020-07-01T00:00:00Z,2020-08-01T00:00:00Z,17413,192,0.011026244759662322,-1.0934655854563704,201,0.011543099982771492,-1.1329980555569554,"lemonde.fr,lefigaro.fr,franceinfo.fr,liberation.fr,ouest-france.fr,lesechos.fr,numerama.com,lequotidiendumedecin.fr,actu-environnement.com,dalloz-actualite.fr"
FR,France,2020-08-01T00:00:00Z,2020-09-01T00:00:00Z,14944,120,0.008029978586723769,-1.3679997241098878,131,0.008766059957173448,-1.3099080938674246,"lemonde.fr,lefigaro.fr,franceinfo.fr,liberation.fr,ouest-france.fr,lesechos.fr,numerama.com,lequotidiendumedecin.fr,actu-environnement.com,dalloz-actualite.fr"
FR,France,2020-09-01T00:00:00Z,2020-10-01T00:00:00Z,17995,169,0.009391497638232842,-0.668665668092983,177,0.009836065573770493,-0.7593171116871228,"lemonde.fr,lefigaro.fr,franceinfo.fr,liberation.fr,ouest-france.fr,lesechos.fr,numerama.com,lequotidiendumedecin.fr,actu-environnement.com,dalloz-actualite.fr"
FR,France,2020-10-01T00:00:00Z,2020-11-01T00:00:00Z,15197,104,0.006843455945252352,-0.3657995300598026,112,0.007369875633348687,-0.5305970877897636,"lemonde.fr,lefigaro.fr,franceinfo.fr,liberation.fr,ouest-france.fr,lesechos.fr,numerama.com,lequotidiendumedecin.fr,actu-environnement.com,dalloz-actualite.fr"
FR,France,2020-11-01T00:00:00Z,2020-12-01T00:00:00Z,14910,83,0.00556673373574782,-0.440446439787803,84,0.005633802816901409,-0.44146869395073024,"lemonde.fr,lefigaro.fr,franceinfo.fr,liberation.fr,ouest-france.fr,lesechos.fr,numerama.com,lequotidiendumedecin.fr,actu-environnement.com,dalloz-actualite.fr"
FR,France,2020-12-01T00:00:00Z,2021-01-01T00:00:00Z,21536,191,0.00886887072808321,-0.36582686484782917,193,0.008961738484398216,-0.370654201687332,"lemonde.fr,lefigaro.fr,franceinfo.fr,liberation.fr,ouest-france.fr,lesechos.fr,numerama.com,lequotidiendumedecin.fr,actu-environnement.com,dalloz-actualite.fr"
FR,France,2021-01-01T00:00:00Z,2021-02-01T00:00:00Z,22346,148,0.006623109281303142,-0.28159533264473363,152,0.006802112234851875,-0.3139963956260181,"lemonde.fr,lefigaro.fr,franceinfo.fr,liberation.fr,ouest-france.fr,lesechos.fr,numerama.com,lequotidiendumedecin.fr,actu-environnement.com,dalloz-actualite.fr"
FR,France,2021-02-01T00:00:00Z,2021-03-01T00:00:00Z,19275,145,0.007522697795071336,-0.39960562843875913,146,0.0075745784695201036,-0.43085375468964915,"lemonde.fr,lefigaro.fr,franceinfo.fr,liberation.fr,ouest-france.fr,lesechos.fr,numerama.com,lequotidiendumedecin.fr,actu-environnement.com,dalloz-actualite.fr"
FR,France,2021-03-01T00:00:00Z,2021-04-01T00:00:00Z,22994,181,0.007871618683134731,-0.8268923714260434,183,0.007958597895103071,-0.8501949722872811,"lemonde.fr,lefigaro.fr,franceinfo.fr,liberation.fr,ouest-france.fr,lesechos.fr,numerama.com,lequotidiendumedecin.fr,actu-environnement.com,dalloz-actualite.fr"
FR,France,2021-04-01T00:00:00Z,2021-05-01T00:00:00Z,19317,161,0.008334627530154785,-0.7254926251743254,166,0.008593466894445307,-0.7718338054135411,"lemonde.fr,lefigaro.fr,franceinfo.fr,liberation.fr,ouest-france.fr,lesechos.fr,numerama.com,lequotidiendumedecin.fr,actu-environnement.com,dalloz-actualite.fr"
FR,France,2021-05-01T00:00:00Z,2021-06-01T00:00:00Z,16727,137,0.008190350929634722,-0.21928369423459051,144,0.008608836013630657,-0.2543033848012692,"lemonde.fr,lefigaro.fr,franceinfo.fr,liberation.fr,ouest-france.fr,lesechos.fr,numerama.com,lequotidiendumedecin.fr,actu-environnement.com,dalloz-actualite.fr"
FR,France,2021-06-01T00:00:00Z,2021-07-01T00:00:00Z,20376,191,0.009373773066352571,-0.03934733137876957,194,0.009521005104043974,-0.05669185214870012,"lemonde.fr,lefigaro.fr,franceinfo.fr,liberation.fr,ouest-france.fr,lesechos.fr,numerama.com,lequotidiendumedecin.fr,actu-environnement.com,dalloz-actualite.fr"
FR,France,2021-07-01T00:00:00Z,2021-08-01T00:00:00Z,13339,112,0.008396431516605444,-1.058915839733107,113,0.008471399655146563,-1.066812332409762,"lemonde.fr,lefigaro.fr,franceinfo.fr,liberation.fr,ouest-france.fr,lesechos.fr,numerama.com,lequotidiendumedecin.fr,actu-environnement.com,dalloz-actualite.fr"
FR,France,2021-08-01T00:00:00Z,2021-09-01T00:00:00Z,5926,56,0.009449881876476544,0.7482079814666386,62,0.010462369220384746,0.7102306385098989,"lemonde.fr,lefigaro.fr,franceinfo.fr,liberation.fr,ouest-france.fr,lesechos.fr,numerama.com,lequotidiendumedecin.fr,actu-environnement.com,dalloz-actualite.fr"
FR,France,2021-09-01T00:00:00Z,2021-10-01T00:00:00Z,8251,106,0.012846927645133923,-0.6906974157931983,112,0.01357411222882075,-0.7679129385225916,"lemonde.fr,lefigaro.fr,franceinfo.fr,liberation.fr,ouest-france.fr,lesechos.fr,numerama.com,lequotidiendumedecin.fr,actu-environnement.com,dalloz-actualite.fr"
FR,France,2021-10-01T00:00:00Z,2021-11-01T00:00:00Z,8784,100,0.011384335154826957,-0.46719164881836805,114,0.012978142076502733,-0.6572740980034689,"lemonde.fr,lefigaro.fr,franceinfo.fr,liberation.fr,ouest-france.fr,lesechos.fr,numerama.com,lequotidiendumedecin.fr,actu-environnement.com,dalloz-actualite.fr"
FR,France,2021-11-01T00:00:00Z,2021-12-01T00:00:00Z,8650,107,0.012369942196531793,-0.5359172008161146,116,0.013410404624277457,-0.5958550848155967,"lemonde.fr,lefigaro.fr,franceinfo.fr,liberation.fr,ouest-france.fr,lesechos.fr,numerama.com,lequotidiendumedecin.fr,actu-environnement.com,dalloz-actualite.fr"
FR,France,2021-12-01T00:00:00Z,2022-01-01T00:00:00Z,8220,116,0.014111922141119221,-0.09335304276917025,118,0.014355231143552312,-0.11873090005741166,"lemonde.fr,lefigaro.fr,franceinfo.fr,liberation.fr,ouest-france.fr,lesechos.fr,numerama.com,lequotidiendumedecin.fr,actu-environnement.com,dalloz-actualite.fr"
FR,France,2022-01-01T00:00:00Z,2022-02-01T00:00:00Z,9085,98,0.010787011557512383,-0.7028428357738422,100,0.01100715465052284,-0.7272794373672897,"lemonde.fr,lefigaro.fr,franceinfo.fr,liberation.fr,ouest-france.fr,lesechos.fr,numerama.com,lequotidiendumedecin.fr,actu-environnement.com,dalloz-actualite.fr"
FR,France,2022-02-01T00:00:00Z,2022-03-01T00:00:00Z,8007,73,0.009117022605220432,-0.6322345735788337,74,0.00924191332583989,-0.6426350409477484,"lemonde.fr,lefigaro.fr,franceinfo.fr,liberation.fr,ouest-france.fr,lesechos.fr,numerama.com,lequotidiendumedecin.fr,actu-environnement.com,dalloz-actualite.fr"
FR,France,2022-03-01T00:00:00Z,2022-04-01T00:00:00Z,8919,110,0.012333221213140486,-1.6287301457057812,112,0.01255746159883395,-1.626743968727027,"lemonde.fr,lefigaro.fr,franceinfo.fr,liberation.fr,ouest-france.fr,lesechos.fr,numerama.com,lequotidiendumedecin.fr,actu-environnement.com,dalloz-actualite.fr"
FR,France,2022-04-01T00:00:00Z,2022-05-01T00:00:00Z,9061,69,0.007615053526100872,-1.345847764999576,71,0.007835779715263216,-1.3719834852664965,"lemonde.fr,lefigaro.fr,franceinfo.fr,liberation.fr,ouest-france.fr,lesechos.fr,numerama.com,lequotidiendumedecin.fr,actu-environnement.com,dalloz-actualite.fr"
FR,France,2022-05-01T00:00:00Z,2022-06-01T00:00:00Z,9246,86,0.009301319489508977,-0.16031946710165274,92,0.009950248756218905,-0.4311312102727206,"lemonde.fr,lefigaro.fr,franceinfo.fr,liberation.fr,ouest-france.fr,lesechos.fr,numerama.com,lequotidiendumedecin.fr,actu-environnement.com,dalloz-actualite.fr"
FR,France,2022-06-01T00:00:00Z,2022-07-01T00:00:00Z,9622,91,0.009457493244647683,0.0005714502043794034,98,0.010184992725005197,-0.03675144800298394,"lemonde.fr,lefigaro.fr,franceinfo.fr,liberation.fr,ouest-france.fr,lesechos.fr,numerama.com,lequotidiendumedecin.fr,actu-environnement.com,dalloz-actualite.fr"
FR,France,2022-07-01T00:00:00Z,2022-08-01T00:00:00Z,8137,62,0.007619515792060956,-0.3506498703851737,68,0.008356888288066855,-0.5354406744453214,"lemonde.fr,lefigaro.fr,franceinfo.fr,liberation.fr,ouest-france.fr,lesechos.fr,numerama.com,lequotidiendumedecin.fr,actu-environnement.com,dalloz-actualite.fr"
FR,France,2022-08-01T00:00:00Z,2022-09-01T00:00:00Z,6208,48,0.007731958762886598,-0.919033741778291,98,0.015786082474226804,-1.7614210696836299,"lemonde.fr,lefigaro.fr,franceinfo.fr,liberation.fr,ouest-france.fr,lesechos.fr,numerama.com,lequotidiendumedecin.fr,actu-environnement.com,dalloz-actualite.fr"
FR,France,2022-09-01T00:00:00Z,2022-10-01T00:00:00Z,8179,87,0.010636997187920284,-1.420105698199536,95,0.011615111871866977,-1.509198341871837,"lemonde.fr,lefigaro.fr,franceinfo.fr,liberation.fr,ouest-france.fr,lesechos.fr,numerama.com,lequotidiendumedecin.fr,actu-environnement.com,dalloz-actualite.fr"
FR,France,2022-10-01T00:00:00Z,2022-11-01T00:00:00Z,8081,100,0.012374706100730107,-1.0426355074642175,108,0.013364682588788515,-1.153172033117452,"lemonde.fr,lefigaro.fr,franceinfo.fr,liberation.fr,ouest-france.fr,lesechos.fr,numerama.com,lequotidiendumedecin.fr,actu-environnement.com,dalloz-actualite.fr"
FR,France,2022-11-01T00:00:00Z,2022-12-01T00:00:00Z,8255,89,0.010781344639612356,-1.2094612075615578,100,0.012113870381586917,-1.3594313062289716,"lemonde.fr,lefigaro.fr,franceinfo.fr,liberation.fr,ouest-france.fr,lesechos.fr,numerama.com,lequotidiendumedecin.fr,actu-environnement.com,dalloz-actualite.fr"
FR,France,2022-12-01T00:00:00Z,2023-01-01T00:00:00Z,7354,106,0.014413924394887137,-0.4052516947601984,114,0.015501767745444655,-0.4745141307264377,"lemonde.fr,lefigaro.fr,franceinfo.fr,liberation.fr,ouest-france.fr,lesechos.fr,numerama.com,lequotidiendumedecin.fr,actu-environnement.com,dalloz-actualite.fr"
FR,France,2023-01-01T00:00:00Z,2023-02-01T00:00:00Z,7967,93,0.011673151750972763,-0.84420374728333,98,0.012300740554788503,-0.9237943190484956,"lemonde.fr,lefigaro.fr,franceinfo.fr,liberation.fr,ouest-france.fr,lesechos.fr,numerama.com,lequotidiendumedecin.fr,actu-environnement.com,dalloz-actualite.fr"
FR,France,2023-02-01T00:00:00Z,2023-03-01T00:00:00Z,6851,95,0.01386658881915049,-0.6023279204696066,97,0.014158517004816814,-0.6231494919826323,"lemonde.fr,lefigaro.fr,franceinfo.fr,liberation.fr,ouest-france.fr,lesechos.fr,numerama.com,lequotidiendumedecin.fr,actu-environnement.com,dalloz-actualite.fr"
FR,France,2023-03-01T00:00:00Z,2023-04-01T00:00:00Z,8007,102,0.012738853503184714,-0.5715030982774305,115,0.014362432871237667,-0.5301520493603357,"lemonde.fr,lefigaro.fr,franceinfo.fr,liberation.fr,ouest-france.fr,lesechos.fr,numerama.com,lequotidiendumedecin.fr,actu-environnement.com,dalloz-actualite.fr"
FR,France,2023-04-01T00:00:00Z,2023-05-01T00:00:00Z,8926,71,0.0079542908357607,-0.7107541668943147,93,0.010419000672193592,-0.8652373234715447,"lemonde.fr,lefigaro.fr,franceinfo.fr,liberation.fr,ouest-france.fr,lesechos.fr,numerama.com,lequotidiendumedecin.fr,actu-environnement.com,dalloz-actualite.fr"
FR,France,2023-05-01T00:00:00Z,2023-06-01T00:00:00Z,8657,85,0.009818643872011088,-1.164184448307029,96,0.011089291902506642,-1.2416982983913987,"lemonde.fr,lefigaro.fr,franceinfo.fr,liberation.fr,ouest-france.fr,lesechos.fr,numerama.com,lequotidiendumedecin.fr,actu-environnement.com,dalloz-actualite.fr"
FR,France,2023-06-01T00:00:00Z,2023-07-01T00:00:00Z,9466,103,0.010881047961124022,-0.8918802795560379,109,0.011514895415170083,-0.906712352069635,"lemonde.fr,lefigaro.fr,franceinfo.fr,liberation.fr,ouest-france.fr,lesechos.fr,numerama.com,lequotidiendumedecin.fr,actu-environnement.com,dalloz-actualite.fr"
FR,France,2023-07-01T00:00:00Z,2023-08-01T00:00:00Z,8707,87,0.009991960491558515,-0.6807439042691394,91,0.010451360973929022,-0.7768619319892958,"lemonde.fr,lefigaro.fr,franceinfo.fr,liberation.fr,ouest-france.fr,lesechos.fr,numerama.com,lequotidiendumedecin.fr,actu-environnement.com,dalloz-actualite.fr"
FR,France,2023-08-01T00:00:00Z,2023-09-01T00:00:00Z,8929,51,0.005711725837159816,-0.40782376026657835,58,0.006495688206966065,-0.3955847329288565,"lemonde.fr,lefigaro.fr,franceinfo.fr,liberation.fr,ouest-france.fr,lesechos.fr,numerama.com,lequotidiendumedecin.fr,actu-environnement.com,dalloz-actualite.fr"
FR,France,2023-09-01T00:00:00Z,2023-10-01T00:00:00Z,10863,97,0.008929393353585566,-0.7265569844265785,107,0.00984994936941913,-0.8431985791741756,"lemonde.fr,lefigaro.fr,franceinfo.fr,liberation.fr,ouest-france.fr,lesechos.fr,numerama.com,lequotidiendumedecin.fr,actu-environnement.com,dalloz-actualite.fr"
FR,France,2023-10-01T00:00:00Z,2023-11-01T00:00:00Z,10152,99,0.00975177304964539,-0.7097417822076643,105,0.010342789598108746,-0.7458194785192377,"lemonde.fr,lefigaro.fr,franceinfo.fr,liberation.fr,ouest-france.fr,lesechos.fr,numerama.com,lequotidiendumedecin.fr,actu-environnement.com,dalloz-actualite.fr"
FR,France,2023-11-01T00:00:00Z,2023-12-01T00:00:00Z,9919,126,0.012702893436838392,-0.6998275960297756,130,0.01310615989515072,-0.7424061209987918,"lemonde.fr,lefigaro.fr,franceinfo.fr,liberation.fr,ouest-france.fr,lesechos.fr,numerama.com,lequotidiendumedecin.fr,actu-environnement.com,dalloz-actualite.fr"
FR,France,2023-12-01T00:00:00Z,2024-01-01T00:00:00Z,7332,128,0.01745771958537916,-0.36702560977235726,137,0.01868521549372613,-0.4699167997111323,"lemonde.fr,lefigaro.fr,franceinfo.fr,liberation.fr,ouest-france.fr,lesechos.fr,numerama.com,lequotidiendumedecin.fr,actu-environnement.com,dalloz-actualite.fr"
FR,France,2024-01-01T00:00:00Z,2024-02-01T00:00:00Z,7939,73,0.009195112734601335,-0.35310230499797557,102,0.01284796573875803,-0.5428930554109846,"lemonde.fr,lefigaro.fr,franceinfo.fr,liberation.fr,ouest-france.fr,lesechos.fr,numerama.com,lequotidiendumedecin.fr,actu-environnement.com,dalloz-actualite.fr"
FR,France,2024-02-01T00:00:00Z,2024-03-01T00:00:00Z,6487,62,0.009557576691845229,-0.39914645709364865,66,0.010174194542932018,-0.41661919953240156,"lemonde.fr,lefigaro.fr,franceinfo.fr,liberation.fr,ouest-france.fr,lesechos.fr,numerama.com,lequotidiendumedecin.fr,actu-environnement.com,dalloz-actualite.fr"
FR,France,2024-03-01T00:00:00Z,2024-04-01T00:00:00Z,7238,52,0.007184305056645482,-0.9249158577452111,53,0.0073224647692732795,-0.9715071788193322,"lemonde.fr,lefigaro.fr,franceinfo.fr,liberation.fr,ouest-france.fr,lesechos.fr,numerama.com,lequotidiendumedecin.fr,actu-environnement.com,dalloz-actualite.fr"
FR,France,2024-04-01T00:00:00Z,2024-05-01T00:00:00Z,8958,61,0.006809555704398303,-0.388746289564111,71,0.007925876311676714,-0.7737515644981772,"lemonde.fr,lefigaro.fr,franceinfo.fr,liberation.fr,ouest-france.fr,lesechos.fr,numerama.com,lequotidiendumedecin.fr,actu-environnement.com,dalloz-actualite.fr"
FR,France,2024-05-01T00:00:00Z,2024-06-01T00:00:00Z,10750,121,0.011255813953488372,-0.5632808736582922,139,0.012930232558139534,-0.770626103380227,"lemonde.fr,lefigaro.fr,franceinfo.fr,liberation.fr,ouest-france.fr,lesechos.fr,numerama.com,lequotidiendumedecin.fr,actu-environnement.com,dalloz-actualite.fr"
FR,France,2024-06-01T00:00:00Z,2024-07-01T00:00:00Z,10286,76,0.007388683647676453,-0.49228201713756686,78,0.00758312269103636,-0.5664896749626898,"lemonde.fr,lefigaro.fr,franceinfo.fr,liberation.fr,ouest-france.fr,lesechos.fr,numerama.com,lequotidiendumedecin.fr,actu-environnement.com,dalloz-actualite.fr"
FR,France,2024-07-01T00:00:00Z,2024-08-01T00:00:00Z,10260,81,0.007894736842105263,-0.29425478671495575,91,0.008869395711500975,-0.5887466587386571,"lemonde.fr,lefigaro.fr,franceinfo.fr,liberation.fr,ouest-france.fr,lesechos.fr,numerama.com,lequotidiendumedecin.fr,actu-environnement.com,dalloz-actualite.fr"
FR,France,2024-08-01T00:00:00Z,2024-09-01T00:00:00Z,7580,48,0.0063324538258575196,-0.18980523156840495,55,0.007255936675461741,-0.3653401409449225,"lemonde.fr,lefigaro.fr,franceinfo.fr,liberation.fr,ouest-france.fr,lesechos.fr,numerama.com,lequotidiendumedecin.fr,actu-environnement.com,dalloz-actualite.fr"
FR,France,2024-09-01T00:00:00Z,2024-10-01T00:00:00Z,8490,77,0.009069493521790341,-0.969871618475802,88,0.010365135453474675,-1.1047556109603385,"lemonde.fr,lefigaro.fr,franceinfo.fr,liberation.fr,ouest-france.fr,lesechos.fr,numerama.com,lequotidiendumedecin.fr,actu-environnement.com,dalloz-actualite.fr"
FR,France,2024-10-01T00:00:00Z,2024-11-01T00:00:00Z,8448,61,0.007220643939393939,-0.9825874235241219,75,0.00887784090909091,-1.3056459145046644,"lemonde.fr,lefigaro.fr,franceinfo.fr,liberation.fr,ouest-france.fr,lesechos.fr,numerama.com,lequotidiendumedecin.fr,actu-environnement.com,dalloz-actualite.fr"
FR,France,2024-11-01T00:00:00Z,2024-12-01T00:00:00Z,9226,45,0.004877520052026881,-0.12797843401592834,53,0.0057446347279427705,-0.5079597986905163,"lemonde.fr,lefigaro.fr,franceinfo.fr,liberation.fr,ouest-france.fr,lesechos.fr,numerama.com,lequotidiendumedecin.fr,actu-environnement.com,dalloz-actualite.fr"
FR,France,2024-12-01T00:00:00Z,2025-01-01T00:00:00Z,6744,36,0.005338078291814947,-1.617340228649768,43,0.006376037959667853,-1.7110419673142785,"lemonde.fr,lefigaro.fr,franceinfo.fr,liberation.fr,ouest-france.fr,lesechos.fr,numerama.com,lequotidiendumedecin.fr,actu-environnement.com,dalloz-actualite.fr"
FR,France,2025-01-01T00:00:00Z,2025-02-01T00:00:00Z,5976,70,0.011713520749665328,-1.9855429096267692,72,0.012048192771084338,-1.9771942120052524,"lemonde.fr,lefigaro.fr,franceinfo.fr,liberation.fr,ouest-france.fr,lesechos.fr,numerama.com,lequotidiendumedecin.fr,actu-environnement.com,dalloz-actualite.fr"
FR,France,2025-02-01T00:00:00Z,2025-03-01T00:00:00Z,5330,67,0.012570356472795497,-0.7143399222592137,70,0.013133208255159476,-0.8010621160617781,"lemonde.fr,lefigaro.fr,franceinfo.fr,liberation.fr,ouest-france.fr,lesechos.fr,numerama.com,lequotidiendumedecin.fr,actu-environnement.com,dalloz-actualite.fr"
FR,France,2025-03-01T00:00:00Z,2025-04-01T00:00:00Z,5909,56,0.009477068877982739,-1.8048663938732263,59,0.009984768996446099,-1.8743578393439977,"lemonde.fr,lefigaro.fr,franceinfo.fr,liberation.fr,ouest-france.fr,lesechos.fr,numerama.com,lequotidiendumedecin.fr,actu-environnement.com,dalloz-actualite.fr"
FR,France,2025-04-01T00:00:00Z,2025-05-01T00:00:00Z,5491,36,0.00655618284465489,-0.9298598589265389,54,0.009834274266982334,-1.3301016096996985,"lemonde.fr,lefigaro.fr,franceinfo.fr,liberation.fr,ouest-france.fr,lesechos.fr,numerama.com,lequotidiendumedecin.fr,actu-environnement.com,dalloz-actualite.fr"
FR,France,2025-05-01T00:00:00Z,2025-06-01T00:00:00Z,8549,61,0.007135337466370336,-0.5397823905306257,65,0.007603228447771669,-0.5692952621603505,"lemonde.fr,lefigaro.fr,franceinfo.fr,liberation.fr,ouest-france.fr,lesechos.fr,numerama.com,lequotidiendumedecin.fr,actu-environnement.com,dalloz-actualite.fr"
FR,France,2025-06-01T00:00:00Z,2025-07-01T00:00:00Z,4363,28,0.006417602567041027,0.041706683743031076,30,0.0068760027504011,-0.19296641822280375,"lemonde.fr,lefigaro.fr,franceinfo.fr,liberation.fr,ouest-france.fr,lesechos.fr,numerama.com,lequotidiendumedecin.fr,actu-environnement.com,dalloz-actualite.fr"
FR,France,2025-07-01T00:00:00Z,2025-08-01T00:00:00Z,9511,63,0.006623909157817264,-0.5374128680795799,68,0.0071496162338345074,-0.6181034397920283,"lemonde.fr,lefigaro.fr,franceinfo.fr,liberation.fr,ouest-france.fr,lesechos.fr,numerama.com,lequotidiendumedecin.fr,actu-environnement.com,dalloz-actualite.fr"
FR,France,2025-08-01T00:00:00Z,2025-09-01T00:00:00Z,8107,44,0.005427408412483039,0.008865738744917084,50,0.006167509559639818,-0.2009376897848967,"lemonde.fr,lefigaro.fr,franceinfo.fr,liberation.fr,ouest-france.fr,lesechos.fr,numerama.com,lequotidiendumedecin.fr,actu-environnement.com,dalloz-actualite.fr"
FR,France,2025-09-01T00:00:00Z,2025-10-01T00:00:00Z,10870,112,0.010303587856485741,-1.7517565357743856,117,0.01076356945722171,-1.7052952004606796,"lemonde.fr,lefigaro.fr,franceinfo.fr,liberation.fr,ouest-france.fr,lesechos.fr,numerama.com,lequotidiendumedecin.fr,actu-environnement.com,dalloz-actualite.fr"
FR,France,2025-10-01T00:00:00Z,2025-11-01T00:00:00Z,11681,89,0.007619210684016779,-1.646075532936233,92,0.00787603801044431,-1.62524078578842,"lemonde.fr,lefigaro.fr,franceinfo.fr,liberation.fr,ouest-france.fr,lesechos.fr,numerama.com,lequotidiendumedecin.fr,actu-environnement.com,dalloz-actualite.fr"
FR,France,2025-11-01T00:00:00Z,2025-12-01T00:00:00Z,11052,83,0.007509952949692363,-1.8489004514576655,88,0.007962359753890699,-1.776086149388929,"lemonde.fr,lefigaro.fr,franceinfo.fr,liberation.fr,ouest-france.fr,lesechos.fr,numerama.com,lequotidiendumedecin.fr,actu-environnement.com,dalloz-actualite.fr"
FR,France,2025-12-01T00:00:00Z,2026-01-01T00:00:00Z,10747,91,0.008467479296547873,-0.37091966423314526,104,0.009677119196054714,-0.6843020226856837,"lemonde.fr,lefigaro.fr,franceinfo.fr,liberation.fr,ouest-france.fr,lesechos.fr,numerama.com,lequotidiendumedecin.fr,actu-environnement.com,dalloz-actualite.fr"
FR,France,2026-01-01T00:00:00Z,2026-02-01T00:00:00Z,10209,115,0.011264570477030071,-0.7982330613969363,124,0.012146145557841121,-0.886352163104879,"lemonde.fr,lefigaro.fr,franceinfo.fr,liberation.fr,ouest-france.fr,lesechos.fr,numerama.com,lequotidiendumedecin.fr,actu-environnement.com,dalloz-actualite.fr"
FR,France,2026-02-01T00:00:00Z,2026-03-01T00:00:00Z,9703,116,0.011955065443677214,-0.5419273885577824,118,0.012161187261671648,-0.49656172159522405,"lemonde.fr,lefigaro.fr,franceinfo.fr,liberation.fr,ouest-france.fr,lesechos.fr,numerama.com,lequotidiendumedecin.fr,actu-environnement.com,dalloz-actualite.fr"
FR,France,2026-03-01T00:00:00Z,2026-04-01T00:00:00Z,3976,42,0.01056338028169014,-1.6550489402443918,45,0.011317907444668008,-1.8420413263108046,"lemonde.fr,lefigaro.fr,franceinfo.fr,liberation.fr,ouest-france.fr,lesechos.fr,numerama.com,lequotidiendumedecin.fr,actu-environnement.com,dalloz-actualite.fr"
HU,Hungary,2018-06-01T00:00:00Z,2018-07-01T00:00:00Z,10543,60,0.005690979797021721,-1.12007853501754,60,0.005690979797021721,-1.12007853501754,"telex.hu,24.hu,hvg.hu,index.hu,portfolio.hu,vg.hu,hwsw.hu,medicalonline.hu,energiaoldal.hu,jogiforum.hu"
HU,Hungary,2018-07-01T00:00:00Z,2018-08-01T00:00:00Z,10236,95,0.009280969128565845,-1.3646078890691204,95,0.009280969128565845,-1.3646078890691204,"telex.hu,24.hu,hvg.hu,index.hu,portfolio.hu,vg.hu,hwsw.hu,medicalonline.hu,energiaoldal.hu,jogiforum.hu"
HU,Hungary,2018-08-01T00:00:00Z,2018-09-01T00:00:00Z,5358,36,0.006718924972004479,-0.7488565563197559,36,0.006718924972004479,-0.7488565563197559,"telex.hu,24.hu,hvg.hu,index.hu,portfolio.hu,vg.hu,hwsw.hu,medicalonline.hu,energiaoldal.hu,jogiforum.hu"
HU,Hungary,2018-09-01T00:00:00Z,2018-10-01T00:00:00Z,10099,92,0.0091098128527577,-0.27093591884067875,92,0.0091098128527577,-0.27093591884067875,"telex.hu,24.hu,hvg.hu,index.hu,portfolio.hu,vg.hu,hwsw.hu,medicalonline.hu,energiaoldal.hu,jogiforum.hu"
HU,Hungary,2018-10-01T00:00:00Z,2018-11-01T00:00:00Z,10642,82,0.007705318549144897,-0.23195678099400296,82,0.007705318549144897,-0.23195678099400296,"telex.hu,24.hu,hvg.hu,index.hu,portfolio.hu,vg.hu,hwsw.hu,medicalonline.hu,energiaoldal.hu,jogiforum.hu"
HU,Hungary,2018-11-01T00:00:00Z,2018-12-01T00:00:00Z,10507,69,0.006567050537736747,0.11155463328055072,69,0.006567050537736747,0.11155463328055072,"telex.hu,24.hu,hvg.hu,index.hu,portfolio.hu,vg.hu,hwsw.hu,medicalonline.hu,energiaoldal.hu,jogiforum.hu"
HU,Hungary,2018-12-01T00:00:00Z,2019-01-01T00:00:00Z,9276,78,0.008408796895213453,-0.09917354840028579,78,0.008408796895213453,-0.09917354840028579,"telex.hu,24.hu,hvg.hu,index.hu,portfolio.hu,vg.hu,hwsw.hu,medicalonline.hu,energiaoldal.hu,jogiforum.hu"
HU,Hungary,2019-01-01T00:00:00Z,2019-02-01T00:00:00Z,10434,64,0.006133793367835921,-0.36544445953909394,64,0.006133793367835921,-0.36544445953909394,"telex.hu,24.hu,hvg.hu,index.hu,portfolio.hu,vg.hu,hwsw.hu,medicalonline.hu,energiaoldal.hu,jogiforum.hu"
HU,Hungary,2019-02-01T00:00:00Z,2019-03-01T00:00:00Z,9740,130,0.013347022587268994,-0.6060047023017943,130,0.013347022587268994,-0.6060047023017943,"telex.hu,24.hu,hvg.hu,index.hu,portfolio.hu,vg.hu,hwsw.hu,medicalonline.hu,energiaoldal.hu,jogiforum.hu"
HU,Hungary,2019-03-01T00:00:00Z,2019-04-01T00:00:00Z,10385,164,0.015792007703418393,0.17300187258069735,164,0.015792007703418393,0.17300187258069735,"telex.hu,24.hu,hvg.hu,index.hu,portfolio.hu,vg.hu,hwsw.hu,medicalonline.hu,energiaoldal.hu,jogiforum.hu"
HU,Hungary,2019-04-01T00:00:00Z,2019-05-01T00:00:00Z,9993,88,0.008806164315020515,-1.4182293455804238,88,0.008806164315020515,-1.4182293455804238,"telex.hu,24.hu,hvg.hu,index.hu,portfolio.hu,vg.hu,hwsw.hu,medicalonline.hu,energiaoldal.hu,jogiforum.hu"
HU,Hungary,2019-05-01T00:00:00Z,2019-06-01T00:00:00Z,10938,136,0.01243371731577985,-0.031079223969902647,136,0.01243371731577985,-0.031079223969902647,"telex.hu,24.hu,hvg.hu,index.hu,portfolio.hu,vg.hu,hwsw.hu,medicalonline.hu,energiaoldal.hu,jogiforum.hu"
HU,Hungary,2019-06-01T00:00:00Z,2019-07-01T00:00:00Z,9889,87,0.008797653958944282,-0.47002315310963394,87,0.008797653958944282,-0.47002315310963394,"telex.hu,24.hu,hvg.hu,index.hu,portfolio.hu,vg.hu,hwsw.hu,medicalonline.hu,energiaoldal.hu,jogiforum.hu"
HU,Hungary,2019-07-01T00:00:00Z,2019-08-01T00:00:00Z,10331,67,0.0064853353983157485,-0.274634159173953,67,0.0064853353983157485,-0.274634159173953,"telex.hu,24.hu,hvg.hu,index.hu,portfolio.hu,vg.hu,hwsw.hu,medicalonline.hu,energiaoldal.hu,jogiforum.hu"
HU,Hungary,2019-08-01T00:00:00Z,2019-09-01T00:00:00Z,9446,52,0.0055049756510692355,-0.6597844199879129,52,0.0055049756510692355,-0.6597844199879129,"telex.hu,24.hu,hvg.hu,index.hu,portfolio.hu,vg.hu,hwsw.hu,medicalonline.hu,energiaoldal.hu,jogiforum.hu"
HU,Hungary,2019-09-01T00:00:00Z,2019-10-01T00:00:00Z,10822,80,0.0073923489188689705,-0.2590648601530859,80,0.0073923489188689705,-0.2590648601530859,"telex.hu,24.hu,hvg.hu,index.hu,portfolio.hu,vg.hu,hwsw.hu,medicalonline.hu,energiaoldal.hu,jogiforum.hu"
HU,Hungary,2019-10-01T00:00:00Z,2019-11-01T00:00:00Z,11228,103,0.009173494834342715,-0.7016121832165123,103,0.009173494834342715,-0.7016121832165123,"telex.hu,24.hu,hvg.hu,index.hu,portfolio.hu,vg.hu,hwsw.hu,medicalonline.hu,energiaoldal.hu,jogiforum.hu"
HU,Hungary,2019-11-01T00:00:00Z,2019-12-01T00:00:00Z,10317,56,0.0054279344770766695,-0.5341625617223286,56,0.0054279344770766695,-0.5341625617223286,"telex.hu,24.hu,hvg.hu,index.hu,portfolio.hu,vg.hu,hwsw.hu,medicalonline.hu,energiaoldal.hu,jogiforum.hu"
HU,Hungary,2019-12-01T00:00:00Z,2020-01-01T00:00:00Z,8934,35,0.003917618088202373,-0.3819558445606034,35,0.003917618088202373,-0.3819558445606034,"telex.hu,24.hu,hvg.hu,index.hu,portfolio.hu,vg.hu,hwsw.hu,medicalonline.hu,energiaoldal.hu,jogiforum.hu"
HU,Hungary,2020-01-01T00:00:00Z,2020-02-01T00:00:00Z,10468,37,0.003534581581964081,0.6383789442131658,37,0.003534581581964081,0.6383789442131658,"telex.hu,24.hu,hvg.hu,index.hu,portfolio.hu,vg.hu,hwsw.hu,medicalonline.hu,energiaoldal.hu,jogiforum.hu"
HU,Hungary,2020-02-01T00:00:00Z,2020-03-01T00:00:00Z,8834,37,0.004188363142404347,-0.6267878651097857,37,0.004188363142404347,-0.6267878651097857,"telex.hu,24.hu,hvg.hu,index.hu,portfolio.hu,vg.hu,hwsw.hu,medicalonline.hu,energiaoldal.hu,jogiforum.hu"
HU,Hungary,2020-03-01T00:00:00Z,2020-04-01T00:00:00Z,6953,22,0.003164101826549691,-1.5376955236238636,22,0.003164101826549691,-1.5376955236238636,"telex.hu,24.hu,hvg.hu,index.hu,portfolio.hu,vg.hu,hwsw.hu,medicalonline.hu,energiaoldal.hu,jogiforum.hu"
HU,Hungary,2020-04-01T00:00:00Z,2020-05-01T00:00:00Z,6594,18,0.00272975432211101,-1.1887874141769883,18,0.00272975432211101,-1.1887874141769883,"telex.hu,24.hu,hvg.hu,index.hu,portfolio.hu,vg.hu,hwsw.hu,medicalonline.hu,energiaoldal.hu,jogiforum.hu"
HU,Hungary,2020-05-01T00:00:00Z,2020-06-01T00:00:00Z,6405,17,0.002654176424668228,-1.6568632933711105,17,0.002654176424668228,-1.6568632933711105,"telex.hu,24.hu,hvg.hu,index.hu,portfolio.hu,vg.hu,hwsw.hu,medicalonline.hu,energiaoldal.hu,jogiforum.hu"
HU,Hungary,2020-06-01T00:00:00Z,2020-07-01T00:00:00Z,5788,10,0.0017277125086385626,0.40118727721979425,10,0.0017277125086385626,0.40118727721979425,"telex.hu,24.hu,hvg.hu,index.hu,portfolio.hu,vg.hu,hwsw.hu,medicalonline.hu,energiaoldal.hu,jogiforum.hu"
HU,Hungary,2020-07-01T00:00:00Z,2020-08-01T00:00:00Z,5172,17,0.0032869296210363496,-0.8140961584154787,17,0.0032869296210363496,-0.8140961584154787,"telex.hu,24.hu,hvg.hu,index.hu,portfolio.hu,vg.hu,hwsw.hu,medicalonline.hu,energiaoldal.hu,jogiforum.hu"
HU,Hungary,2020-08-01T00:00:00Z,2020-09-01T00:00:00Z,4905,12,0.0024464831804281344,-1.6088802094058399,12,0.0024464831804281344,-1.6088802094058399,"telex.hu,24.hu,hvg.hu,index.hu,portfolio.hu,vg.hu,hwsw.hu,medicalonline.hu,energiaoldal.hu,jogiforum.hu"
HU,Hungary,2020-09-01T00:00:00Z,2020-10-01T00:00:00Z,5300,15,0.002830188679245283,-1.401339613545991,15,0.002830188679245283,-1.401339613545991,"telex.hu,24.hu,hvg.hu,index.hu,portfolio.hu,vg.hu,hwsw.hu,medicalonline.hu,energiaoldal.hu,jogiforum.hu"
HU,Hungary,2020-10-01T00:00:00Z,2020-11-01T00:00:00Z,4488,11,0.0024509803921568627,-0.8418645887371683,11,0.0024509803921568627,-0.8418645887371683,"telex.hu,24.hu,hvg.hu,index.hu,portfolio.hu,vg.hu,hwsw.hu,medicalonline.hu,energiaoldal.hu,jogiforum.hu"
HU,Hungary,2020-11-01T00:00:00Z,2020-12-01T00:00:00Z,4098,8,0.0019521717911176184,-0.9883016268429552,9,0.0021961932650073207,-1.5233316048127856,"telex.hu,24.hu,hvg.hu,index.hu,portfolio.hu,vg.hu,hwsw.hu,medicalonline.hu,energiaoldal.hu,jogiforum.hu"
HU,Hungary,2020-12-01T00:00:00Z,2021-01-01T00:00:00Z,5669,7,0.0012347856764861529,-1.7747988814147835,7,0.0012347856764861529,-1.7747988814147835,"telex.hu,24.hu,hvg.hu,index.hu,portfolio.hu,vg.hu,hwsw.hu,medicalonline.hu,energiaoldal.hu,jogiforum.hu"
HU,Hungary,2021-01-01T00:00:00Z,2021-02-01T00:00:00Z,5887,4,0.0006794632240529981,-1.4726095857751162,4,0.0006794632240529981,-1.4726095857751162,"telex.hu,24.hu,hvg.hu,index.hu,portfolio.hu,vg.hu,hwsw.hu,medicalonline.hu,energiaoldal.hu,jogiforum.hu"
HU,Hungary,2021-02-01T00:00:00Z,2021-03-01T00:00:00Z,6026,14,0.0023232658479920344,-1.3405136785035725,14,0.0023232658479920344,-1.3405136785035725,"telex.hu,24.hu,hvg.hu,index.hu,portfolio.hu,vg.hu,hwsw.hu,medicalonline.hu,energiaoldal.hu,jogiforum.hu"
HU,Hungary,2021-03-01T00:00:00Z,2021-04-01T00:00:00Z,6467,20,0.003092624091541673,-1.8104722112724287,20,0.003092624091541673,-1.8104722112724287,"telex.hu,24.hu,hvg.hu,index.hu,portfolio.hu,vg.hu,hwsw.hu,medicalonline.hu,energiaoldal.hu,jogiforum.hu"
HU,Hungary,2021-04-01T00:00:00Z,2021-05-01T00:00:00Z,5997,12,0.002001000500250125,-1.2827248734552135,12,0.002001000500250125,-1.2827248734552135,"telex.hu,24.hu,hvg.hu,index.hu,portfolio.hu,vg.hu,hwsw.hu,medicalonline.hu,energiaoldal.hu,jogiforum.hu"
HU,Hungary,2021-05-01T00:00:00Z,2021-06-01T00:00:00Z,6935,13,0.0018745493871665465,0.6499152728385922,13,0.0018745493871665465,0.6499152728385922,"telex.hu,24.hu,hvg.hu,index.hu,portfolio.hu,vg.hu,hwsw.hu,medicalonline.hu,energiaoldal.hu,jogiforum.hu"
HU,Hungary,2021-06-01T00:00:00Z,2021-07-01T00:00:00Z,6473,22,0.0033987331994438435,-1.246677784441364,22,0.0033987331994438435,-1.246677784441364,"telex.hu,24.hu,hvg.hu,index.hu,portfolio.hu,vg.hu,hwsw.hu,medicalonline.hu,energiaoldal.hu,jogiforum.hu"
HU,Hungary,2021-07-01T00:00:00Z,2021-08-01T00:00:00Z,5576,26,0.004662840746054519,-3.923718143361467,27,0.004842180774748924,-3.843952095207546,"telex.hu,24.hu,hvg.hu,index.hu,portfolio.hu,vg.hu,hwsw.hu,medicalonline.hu,energiaoldal.hu,jogiforum.hu"
HU,Hungary,2021-08-01T00:00:00Z,2021-09-01T00:00:00Z,4792,14,0.002921535893155259,-0.1452502044511973,14,0.002921535893155259,-0.1452502044511973,"telex.hu,24.hu,hvg.hu,index.hu,portfolio.hu,vg.hu,hwsw.hu,medicalonline.hu,energiaoldal.hu,jogiforum.hu"
HU,Hungary,2021-09-01T00:00:00Z,2021-10-01T00:00:00Z,5094,16,0.0031409501374165686,-1.7785575402936398,16,0.0031409501374165686,-1.7785575402936398,"telex.hu,24.hu,hvg.hu,index.hu,portfolio.hu,vg.hu,hwsw.hu,medicalonline.hu,energiaoldal.hu,jogiforum.hu"
HU,Hungary,2021-10-01T00:00:00Z,2021-11-01T00:00:00Z,2496,5,0.002003205128205128,-0.25497927408755394,5,0.002003205128205128,-0.25497927408755394,"telex.hu,24.hu,hvg.hu,index.hu,portfolio.hu,vg.hu,hwsw.hu,medicalonline.hu,energiaoldal.hu,jogiforum.hu"
HU,Hungary,2021-11-01T00:00:00Z,2021-12-01T00:00:00Z,2540,4,0.0015748031496062992,-0.323867223544267,4,0.0015748031496062992,-0.323867223544267,"telex.hu,24.hu,hvg.hu,index.hu,portfolio.hu,vg.hu,hwsw.hu,medicalonline.hu,energiaoldal.hu,jogiforum.hu"
HU,Hungary,2021-12-01T00:00:00Z,2022-01-01T00:00:00Z,2462,2,0.0008123476848090983,1.6506784201884,2,0.0008123476848090983,1.6506784201884,"telex.hu,24.hu,hvg.hu,index.hu,portfolio.hu,vg.hu,hwsw.hu,medicalonline.hu,energiaoldal.hu,jogiforum.hu"
HU,Hungary,2022-01-01T00:00:00Z,2022-02-01T00:00:00Z,2416,5,0.0020695364238410598,-1.0828687354696394,5,0.0020695364238410598,-1.0828687354696394,"telex.hu,24.hu,hvg.hu,index.hu,portfolio.hu,vg.hu,hwsw.hu,medicalonline.hu,energiaoldal.hu,jogiforum.hu"
HU,Hungary,2022-02-01T00:00:00Z,2022-03-01T00:00:00Z,2270,8,0.003524229074889868,-0.7672547971142745,8,0.003524229074889868,-0.7672547971142745,"telex.hu,24.hu,hvg.hu,index.hu,portfolio.hu,vg.hu,hwsw.hu,medicalonline.hu,energiaoldal.hu,jogiforum.hu"
HU,Hungary,2022-03-01T00:00:00Z,2022-04-01T00:00:00Z,2739,7,0.002555677254472435,-0.11575765355146728,7,0.002555677254472435,-0.11575765355146728,"telex.hu,24.hu,hvg.hu,index.hu,portfolio.hu,vg.hu,hwsw.hu,medicalonline.hu,energiaoldal.hu,jogiforum.hu"
HU,Hungary,2022-04-01T00:00:00Z,2022-05-01T00:00:00Z,2752,14,0.005087209302325582,-1.8304755738691292,14,0.005087209302325582,-1.8304755738691292,"telex.hu,24.hu,hvg.hu,index.hu,portfolio.hu,vg.hu,hwsw.hu,medicalonline.hu,energiaoldal.hu,jogiforum.hu"
HU,Hungary,2022-05-01T00:00:00Z,2022-06-01T00:00:00Z,2807,7,0.0024937655860349127,-1.022916821435087,7,0.0024937655860349127,-1.022916821435087,"telex.hu,24.hu,hvg.hu,index.hu,portfolio.hu,vg.hu,hwsw.hu,medicalonline.hu,energiaoldal.hu,jogiforum.hu"
HU,Hungary,2022-06-01T00:00:00Z,2022-07-01T00:00:00Z,2926,9,0.0030758714969241286,-0.36020438324816517,9,0.0030758714969241286,-0.36020438324816517,"telex.hu,24.hu,hvg.hu,index.hu,portfolio.hu,vg.hu,hwsw.hu,medicalonline.hu,energiaoldal.hu,jogiforum.hu"
HU,Hungary,2022-07-01T00:00:00Z,2022-08-01T00:00:00Z,2642,4,0.001514004542013626,-0.7686369292784443,4,0.001514004542013626,-0.7686369292784443,"telex.hu,24.hu,hvg.hu,index.hu,portfolio.hu,vg.hu,hwsw.hu,medicalonline.hu,energiaoldal.hu,jogiforum.hu"
HU,Hungary,2022-08-01T00:00:00Z,2022-09-01T00:00:00Z,2688,9,0.0033482142857142855,-1.862444602902603,9,0.0033482142857142855,-1.862444602902603,"telex.hu,24.hu,hvg.hu,index.hu,portfolio.hu,vg.hu,hwsw.hu,medicalonline.hu,energiaoldal.hu,jogiforum.hu"
HU,Hungary,2022-09-01T00:00:00Z,2022-10-01T00:00:00Z,2818,9,0.00319375443577005,-2.01900264062943,9,0.00319375443577005,-2.01900264062943,"telex.hu,24.hu,hvg.hu,index.hu,portfolio.hu,vg.hu,hwsw.hu,medicalonline.hu,energiaoldal.hu,jogiforum.hu"
HU,Hungary,2022-10-01T00:00:00Z,2022-11-01T00:00:00Z,3010,10,0.0033222591362126247,-1.9518325782587562,10,0.0033222591362126247,-1.9518325782587562,"telex.hu,24.hu,hvg.hu,index.hu,portfolio.hu,vg.hu,hwsw.hu,medicalonline.hu,energiaoldal.hu,jogiforum.hu"
HU,Hungary,2022-11-01T00:00:00Z,2022-12-01T00:00:00Z,3037,9,0.0029634507737899243,1.01332278137495,9,0.0029634507737899243,1.01332278137495,"telex.hu,24.hu,hvg.hu,index.hu,portfolio.hu,vg.hu,hwsw.hu,medicalonline.hu,energiaoldal.hu,jogiforum.hu"
HU,Hungary,2022-12-01T00:00:00Z,2023-01-01T00:00:00Z,2974,7,0.0023537323470073975,-0.16084386473148327,7,0.0023537323470073975,-0.16084386473148327,"telex.hu,24.hu,hvg.hu,index.hu,portfolio.hu,vg.hu,hwsw.hu,medicalonline.hu,energiaoldal.hu,jogiforum.hu"
HU,Hungary,2023-01-01T00:00:00Z,2023-02-01T00:00:00Z,2986,6,0.0020093770931011385,-0.5797161539254698,6,0.0020093770931011385,-0.5797161539254698,"telex.hu,24.hu,hvg.hu,index.hu,portfolio.hu,vg.hu,hwsw.hu,medicalonline.hu,energiaoldal.hu,jogiforum.hu"
HU,Hungary,2023-02-01T00:00:00Z,2023-03-01T00:00:00Z,2314,4,0.001728608470181504,0.736113743324885,4,0.001728608470181504,0.736113743324885,"telex.hu,24.hu,hvg.hu,index.hu,portfolio.hu,vg.hu,hwsw.hu,medicalonline.hu,energiaoldal.hu,jogiforum.hu"
HU,Hungary,2023-03-01T00:00:00Z,2023-04-01T00:00:00Z,5598,25,0.004465880671668453,-1.2294758593605069,25,0.004465880671668453,-1.2294758593605069,"telex.hu,24.hu,hvg.hu,index.hu,portfolio.hu,vg.hu,hwsw.hu,medicalonline.hu,energiaoldal.hu,jogiforum.hu"
HU,Hungary,2023-04-01T00:00:00Z,2023-05-01T00:00:00Z,12190,41,0.0033634126333059885,0.01026093353604074,41,0.0033634126333059885,0.01026093353604074,"telex.hu,24.hu,hvg.hu,index.hu,portfolio.hu,vg.hu,hwsw.hu,medicalonline.hu,energiaoldal.hu,jogiforum.hu"
HU,Hungary,2023-05-01T00:00:00Z,2023-06-01T00:00:00Z,10714,47,0.004386783647563935,0.8053897698349377,47,0.004386783647563935,0.8053897698349377,"telex.hu,24.hu,hvg.hu,index.hu,portfolio.hu,vg.hu,hwsw.hu,medicalonline.hu,energiaoldal.hu,jogiforum.hu"
HU,Hungary,2023-06-01T00:00:00Z,2023-07-01T00:00:00Z,10457,30,0.002868891651525294,-0.35595977688118596,30,0.002868891651525294,-0.35595977688118596,"telex.hu,24.hu,hvg.hu,index.hu,portfolio.hu,vg.hu,hwsw.hu,medicalonline.hu,energiaoldal.hu,jogiforum.hu"
HU,Hungary,2023-07-01T00:00:00Z,2023-08-01T00:00:00Z,10025,23,0.00229426433915212,-1.6863256074862187,23,0.00229426433915212,-1.6863256074862187,"telex.hu,24.hu,hvg.hu,index.hu,portfolio.hu,vg.hu,hwsw.hu,medicalonline.hu,energiaoldal.hu,jogiforum.hu"
HU,Hungary,2023-08-01T00:00:00Z,2023-09-01T00:00:00Z,10175,36,0.0035380835380835383,-1.2905792916989745,36,0.0035380835380835383,-1.2905792916989745,"telex.hu,24.hu,hvg.hu,index.hu,portfolio.hu,vg.hu,hwsw.hu,medicalonline.hu,energiaoldal.hu,jogiforum.hu"
HU,Hungary,2023-09-01T00:00:00Z,2023-10-01T00:00:00Z,11643,31,0.0026625440178648114,-1.354405445499712,31,0.0026625440178648114,-1.354405445499712,"telex.hu,24.hu,hvg.hu,index.hu,portfolio.hu,vg.hu,hwsw.hu,medicalonline.hu,energiaoldal.hu,jogiforum.hu"
HU,Hungary,2023-10-01T00:00:00Z,2023-11-01T00:00:00Z,11328,51,0.004502118644067797,-0.35654312284284373,51,0.004502118644067797,-0.35654312284284373,"telex.hu,24.hu,hvg.hu,index.hu,portfolio.hu,vg.hu,hwsw.hu,medicalonline.hu,energiaoldal.hu,jogiforum.hu"
HU,Hungary,2023-11-01T00:00:00Z,2023-12-01T00:00:00Z,10032,24,0.0023923444976076554,-0.40324423799880355,24,0.0023923444976076554,-0.40324423799880355,"telex.hu,24.hu,hvg.hu,index.hu,portfolio.hu,vg.hu,hwsw.hu,medicalonline.hu,energiaoldal.hu,jogiforum.hu"
HU,Hungary,2023-12-01T00:00:00Z,2024-01-01T00:00:00Z,9718,34,0.003498662276188516,-1.4198529698293052,34,0.003498662276188516,-1.4198529698293052,"telex.hu,24.hu,hvg.hu,index.hu,portfolio.hu,vg.hu,hwsw.hu,medicalonline.hu,energiaoldal.hu,jogiforum.hu"
HU,Hungary,2024-01-01T00:00:00Z,2024-02-01T00:00:00Z,10428,52,0.004986574606827772,-0.28911181076238673,52,0.004986574606827772,-0.28911181076238673,"telex.hu,24.hu,hvg.hu,index.hu,portfolio.hu,vg.hu,hwsw.hu,medicalonline.hu,energiaoldal.hu,jogiforum.hu"
HU,Hungary,2024-02-01T00:00:00Z,2024-03-01T00:00:00Z,10088,56,0.0055511498810467885,-1.996134167392059,56,0.0055511498810467885,-1.996134167392059,"telex.hu,24.hu,hvg.hu,index.hu,portfolio.hu,vg.hu,hwsw.hu,medicalonline.hu,energiaoldal.hu,jogiforum.hu"
HU,Hungary,2024-03-01T00:00:00Z,2024-04-01T00:00:00Z,10075,55,0.005459057071960298,-1.4835773301168598,55,0.005459057071960298,-1.4835773301168598,"telex.hu,24.hu,hvg.hu,index.hu,portfolio.hu,vg.hu,hwsw.hu,medicalonline.hu,energiaoldal.hu,jogiforum.hu"
HU,Hungary,2024-04-01T00:00:00Z,2024-05-01T00:00:00Z,10288,37,0.0035964230171073096,-0.7717750474444217,37,0.0035964230171073096,-0.7717750474444217,"telex.hu,24.hu,hvg.hu,index.hu,portfolio.hu,vg.hu,hwsw.hu,medicalonline.hu,energiaoldal.hu,jogiforum.hu"
HU,Hungary,2024-05-01T00:00:00Z,2024-06-01T00:00:00Z,10434,52,0.004983707111366686,-0.4457852501315797,52,0.004983707111366686,-0.4457852501315797,"telex.hu,24.hu,hvg.hu,index.hu,portfolio.hu,vg.hu,hwsw.hu,medicalonline.hu,energiaoldal.hu,jogiforum.hu"
HU,Hungary,2024-06-01T00:00:00Z,2024-07-01T00:00:00Z,9735,37,0.003800719054956343,-1.4618462434492394,37,0.003800719054956343,-1.4618462434492394,"telex.hu,24.hu,hvg.hu,index.hu,portfolio.hu,vg.hu,hwsw.hu,medicalonline.hu,energiaoldal.hu,jogiforum.hu"
HU,Hungary,2024-07-01T00:00:00Z,2024-08-01T00:00:00Z,9814,30,0.0030568575504381496,-2.4070989270689944,30,0.0030568575504381496,-2.4070989270689944,"telex.hu,24.hu,hvg.hu,index.hu,portfolio.hu,vg.hu,hwsw.hu,medicalonline.hu,energiaoldal.hu,jogiforum.hu"
HU,Hungary,2024-08-01T00:00:00Z,2024-09-01T00:00:00Z,9165,18,0.0019639934533551553,-1.2664083118969354,18,0.0019639934533551553,-1.2664083118969354,"telex.hu,24.hu,hvg.hu,index.hu,portfolio.hu,vg.hu,hwsw.hu,medicalonline.hu,energiaoldal.hu,jogiforum.hu"
HU,Hungary,2024-09-01T00:00:00Z,2024-10-01T00:00:00Z,10271,31,0.0030182066011099212,-2.8676578303738602,32,0.0031155681043715314,-2.8152090335810196,"telex.hu,24.hu,hvg.hu,index.hu,portfolio.hu,vg.hu,hwsw.hu,medicalonline.hu,energiaoldal.hu,jogiforum.hu"
HU,Hungary,2024-10-01T00:00:00Z,2024-11-01T00:00:00Z,10800,22,0.002037037037037037,-0.7265723019887731,22,0.002037037037037037,-0.7265723019887731,"telex.hu,24.hu,hvg.hu,index.hu,portfolio.hu,vg.hu,hwsw.hu,medicalonline.hu,energiaoldal.hu,jogiforum.hu"
HU,Hungary,2024-11-01T00:00:00Z,2024-12-01T00:00:00Z,10725,20,0.0018648018648018648,-0.6539033957760644,20,0.0018648018648018648,-0.6539033957760644,"telex.hu,24.hu,hvg.hu,index.hu,portfolio.hu,vg.hu,hwsw.hu,medicalonline.hu,energiaoldal.hu,jogiforum.hu"
HU,Hungary,2024-12-01T00:00:00Z,2025-01-01T00:00:00Z,9639,18,0.0018674136321195146,-0.6240504384297109,18,0.0018674136321195146,-0.6240504384297109,"telex.hu,24.hu,hvg.hu,index.hu,portfolio.hu,vg.hu,hwsw.hu,medicalonline.hu,energiaoldal.hu,jogiforum.hu"
HU,Hungary,2025-01-01T00:00:00Z,2025-02-01T00:00:00Z,10038,32,0.0031878860330743176,-1.0821364446804773,32,0.0031878860330743176,-1.0821364446804773,"telex.hu,24.hu,hvg.hu,index.hu,portfolio.hu,vg.hu,hwsw.hu,medicalonline.hu,energiaoldal.hu,jogiforum.hu"
HU,Hungary,2025-02-01T00:00:00Z,2025-03-01T00:00:00Z,8419,22,0.0026131369521320822,-0.23480353852763036,22,0.0026131369521320822,-0.23480353852763036,"telex.hu,24.hu,hvg.hu,index.hu,portfolio.hu,vg.hu,hwsw.hu,medicalonline.hu,energiaoldal.hu,jogiforum.hu"
HU,Hungary,2025-03-01T00:00:00Z,2025-04-01T00:00:00Z,9426,32,0.003394865266284744,-0.3130045142954628,32,0.003394865266284744,-0.3130045142954628,"telex.hu,24.hu,hvg.hu,index.hu,portfolio.hu,vg.hu,hwsw.hu,medicalonline.hu,energiaoldal.hu,jogiforum.hu"
HU,Hungary,2025-04-01T00:00:00Z,2025-05-01T00:00:00Z,9116,50,0.005484861781483106,-1.871380093180059,50,0.005484861781483106,-1.871380093180059,"telex.hu,24.hu,hvg.hu,index.hu,portfolio.hu,vg.hu,hwsw.hu,medicalonline.hu,energiaoldal.hu,jogiforum.hu"
HU,Hungary,2025-05-01T00:00:00Z,2025-06-01T00:00:00Z,9070,32,0.0035281146637265713,-0.8246188781738357,32,0.0035281146637265713,-0.8246188781738357,"telex.hu,24.hu,hvg.hu,index.hu,portfolio.hu,vg.hu,hwsw.hu,medicalonline.hu,energiaoldal.hu,jogiforum.hu"
HU,Hungary,2025-06-01T00:00:00Z,2025-07-01T00:00:00Z,4059,19,0.004680955900468096,-1.754115854984135,19,0.004680955900468096,-1.754115854984135,"telex.hu,24.hu,hvg.hu,index.hu,portfolio.hu,vg.hu,hwsw.hu,medicalonline.hu,energiaoldal.hu,jogiforum.hu"
HU,Hungary,2025-07-01T00:00:00Z,2025-08-01T00:00:00Z,9194,27,0.0029366978464215794,-1.0907343157406972,27,0.0029366978464215794,-1.0907343157406972,"telex.hu,24.hu,hvg.hu,index.hu,portfolio.hu,vg.hu,hwsw.hu,medicalonline.hu,energiaoldal.hu,jogiforum.hu"
HU,Hungary,2025-08-01T00:00:00Z,2025-09-01T00:00:00Z,8501,25,0.0029408304905305257,-0.8824366923266254,25,0.0029408304905305257,-0.8824366923266254,"telex.hu,24.hu,hvg.hu,index.hu,portfolio.hu,vg.hu,hwsw.hu,medicalonline.hu,energiaoldal.hu,jogiforum.hu"
HU,Hungary,2025-09-01T00:00:00Z,2025-10-01T00:00:00Z,9153,27,0.0029498525073746312,0.4299348392919728,28,0.003059106303944062,0.37221818835792686,"telex.hu,24.hu,hvg.hu,index.hu,portfolio.hu,vg.hu,hwsw.hu,medicalonline.hu,energiaoldal.hu,jogiforum.hu"
HU,Hungary,2025-10-01T00:00:00Z,2025-11-01T00:00:00Z,9174,24,0.002616088947024199,-0.87474921150377,24,0.002616088947024199,-0.87474921150377,"telex.hu,24.hu,hvg.hu,index.hu,portfolio.hu,vg.hu,hwsw.hu,medicalonline.hu,energiaoldal.hu,jogiforum.hu"
HU,Hungary,2025-11-01T00:00:00Z,2025-12-01T00:00:00Z,8777,24,0.002734419505525806,-1.2938951939698995,24,0.002734419505525806,-1.2938951939698995,"telex.hu,24.hu,hvg.hu,index.hu,portfolio.hu,vg.hu,hwsw.hu,medicalonline.hu,energiaoldal.hu,jogiforum.hu"
HU,Hungary,2025-12-01T00:00:00Z,2026-01-01T00:00:00Z,7865,32,0.00406865861411316,-1.5108534778672102,32,0.00406865861411316,-1.5108534778672102,"telex.hu,24.hu,hvg.hu,index.hu,portfolio.hu,vg.hu,hwsw.hu,medicalonline.hu,energiaoldal.hu,jogiforum.hu"
HU,Hungary,2026-01-01T00:00:00Z,2026-02-01T00:00:00Z,8080,30,0.0037128712871287127,-1.9471758471840086,30,0.0037128712871287127,-1.9471758471840086,"telex.hu,24.hu,hvg.hu,index.hu,portfolio.hu,vg.hu,hwsw.hu,medicalonline.hu,energiaoldal.hu,jogiforum.hu"
HU,Hungary,2026-02-01T00:00:00Z,2026-03-01T00:00:00Z,7538,41,0.0054391085168479705,0.09969595461314446,41,0.0054391085168479705,0.09969595461314446,"telex.hu,24.hu,hvg.hu,index.hu,portfolio.hu,vg.hu,hwsw.hu,medicalonline.hu,energiaoldal.hu,jogiforum.hu"
HU,Hungary,2026-03-01T00:00:00Z,2026-04-01T00:00:00Z,3270,21,0.006422018348623854,-1.3348807698672083,21,0.006422018348623854,-1.3348807698672083,"telex.hu,24.hu,hvg.hu,index.hu,portfolio.hu,vg.hu,hwsw.hu,medicalonline.hu,energiaoldal.hu,jogiforum.hu"
IS,Iceland,2018-06-01T00:00:00Z,2018-07-01T00:00:00Z,10112,14,0.001384493670886076,-0.09255059729476067,15,0.0014833860759493672,-0.15730254329071264,"ruv.is,mbl.is,visir.is,dv.is,stundin.is,vb.is,startupiceland.com,laeknabladid.is,samorka.is,kjarninn.is"
IS,Iceland,2018-07-01T00:00:00Z,2018-08-01T00:00:00Z,7657,11,0.0014365939663053414,0.23413844851291318,11,0.0014365939663053414,0.23413844851291318,"ruv.is,mbl.is,visir.is,dv.is,stundin.is,vb.is,startupiceland.com,laeknabladid.is,samorka.is,kjarninn.is"
IS,Iceland,2018-08-01T00:00:00Z,2018-09-01T00:00:00Z,6408,7,0.0010923845193508116,-0.46155205426704216,7,0.0010923845193508116,-0.46155205426704216,"ruv.is,mbl.is,visir.is,dv.is,stundin.is,vb.is,startupiceland.com,laeknabladid.is,samorka.is,kjarninn.is"
IS,Iceland,2018-09-01T00:00:00Z,2018-10-01T00:00:00Z,6960,1,0.00014367816091954023,2.63504611330698,1,0.00014367816091954023,2.63504611330698,"ruv.is,mbl.is,visir.is,dv.is,stundin.is,vb.is,startupiceland.com,laeknabladid.is,samorka.is,kjarninn.is"
IS,Iceland,2018-10-01T00:00:00Z,2018-11-01T00:00:00Z,7938,6,0.0007558578987150416,0.161071875252154,6,0.0007558578987150416,0.161071875252154,"ruv.is,mbl.is,visir.is,dv.is,stundin.is,vb.is,startupiceland.com,laeknabladid.is,samorka.is,kjarninn.is"
IS,Iceland,2018-11-01T00:00:00Z,2018-12-01T00:00:00Z,8556,6,0.0007012622720897616,1.158924959884824,6,0.0007012622720897616,1.158924959884824,"ruv.is,mbl.is,visir.is,dv.is,stundin.is,vb.is,startupiceland.com,laeknabladid.is,samorka.is,kjarninn.is"
IS,Iceland,2018-12-01T00:00:00Z,2019-01-01T00:00:00Z,7451,5,0.0006710508656556167,1.7977443371083242,5,0.0006710508656556167,1.7977443371083242,"ruv.is,mbl.is,visir.is,dv.is,stundin.is,vb.is,startupiceland.com,laeknabladid.is,samorka.is,kjarninn.is"
IS,Iceland,2019-01-01T00:00:00Z,2019-02-01T00:00:00Z,7122,10,0.0014040999719180005,0.5293894373349615,10,0.0014040999719180005,0.5293894373349615,"ruv.is,mbl.is,visir.is,dv.is,stundin.is,vb.is,startupiceland.com,laeknabladid.is,samorka.is,kjarninn.is"
IS,Iceland,2019-02-01T00:00:00Z,2019-03-01T00:00:00Z,7061,9,0.001274606996176179,0.41947488111508213,9,0.001274606996176179,0.41947488111508213,"ruv.is,mbl.is,visir.is,dv.is,stundin.is,vb.is,startupiceland.com,laeknabladid.is,samorka.is,kjarninn.is"
IS,Iceland,2019-03-01T00:00:00Z,2019-04-01T00:00:00Z,6848,5,0.0007301401869158878,0.026069119592772194,5,0.0007301401869158878,0.026069119592772194,"ruv.is,mbl.is,visir.is,dv.is,stundin.is,vb.is,startupiceland.com,laeknabladid.is,samorka.is,kjarninn.is"
IS,Iceland,2019-04-01T00:00:00Z,2019-05-01T00:00:00Z,4194,4,0.0009537434430138292,1.0885773853004599,4,0.0009537434430138292,1.0885773853004599,"ruv.is,mbl.is,visir.is,dv.is,stundin.is,vb.is,startupiceland.com,laeknabladid.is,samorka.is,kjarninn.is"
IS,Iceland,2019-05-01T00:00:00Z,2019-06-01T00:00:00Z,4755,7,0.0014721345951629863,-1.1189369062363976,7,0.0014721345951629863,-1.1189369062363976,"ruv.is,mbl.is,visir.is,dv.is,stundin.is,vb.is,startupiceland.com,laeknabladid.is,samorka.is,kjarninn.is"
IS,Iceland,2019-06-01T00:00:00Z,2019-07-01T00:00:00Z,5118,4,0.0007815552950371239,1.2695275963986787,4,0.0007815552950371239,1.2695275963986787,"ruv.is,mbl.is,visir.is,dv.is,stundin.is,vb.is,startupiceland.com,laeknabladid.is,samorka.is,kjarninn.is"
IS,Iceland,2019-07-01T00:00:00Z,2019-08-01T00:00:00Z,4616,1,0.0002166377816291161,0.492610837438424,1,0.0002166377816291161,0.492610837438424,"ruv.is,mbl.is,visir.is,dv.is,stundin.is,vb.is,startupiceland.com,laeknabladid.is,samorka.is,kjarninn.is"
IS,Iceland,2019-08-01T00:00:00Z,2019-09-01T00:00:00Z,4380,1,0.00022831050228310502,-0.540540540540541,1,0.00022831050228310502,-0.540540540540541,"ruv.is,mbl.is,visir.is,dv.is,stundin.is,vb.is,startupiceland.com,laeknabladid.is,samorka.is,kjarninn.is"
IS,Iceland,2019-09-01T00:00:00Z,2019-10-01T00:00:00Z,5257,4,0.0007608902415826517,0.7236738012752231,4,0.0007608902415826517,0.7236738012752231,"ruv.is,mbl.is,visir.is,dv.is,stundin.is,vb.is,startupiceland.com,laeknabladid.is,samorka.is,kjarninn.is"
IS,Iceland,2019-10-01T00:00:00Z,2019-11-01T00:00:00Z,5305,12,0.0022620169651272385,-1.9319302034759853,12,0.0022620169651272385,-1.9319302034759853,"ruv.is,mbl.is,visir.is,dv.is,stundin.is,vb.is,startupiceland.com,laeknabladid.is,samorka.is,kjarninn.is"
IS,Iceland,2019-11-01T00:00:00Z,2019-12-01T00:00:00Z,5253,4,0.0007614696363982486,0.010559458011309475,4,0.0007614696363982486,0.010559458011309475,"ruv.is,mbl.is,visir.is,dv.is,stundin.is,vb.is,startupiceland.com,laeknabladid.is,samorka.is,kjarninn.is"
IS,Iceland,2019-12-01T00:00:00Z,2020-01-01T00:00:00Z,4933,1,0.00020271639975674033,0.578034682080925,1,0.00020271639975674033,0.578034682080925,"ruv.is,mbl.is,visir.is,dv.is,stundin.is,vb.is,startupiceland.com,laeknabladid.is,samorka.is,kjarninn.is"
IS,Iceland,2020-01-01T00:00:00Z,2020-02-01T00:00:00Z,5025,4,0.0007960199004975124,0.7179688938121587,4,0.0007960199004975124,0.7179688938121587,"ruv.is,mbl.is,visir.is,dv.is,stundin.is,vb.is,startupiceland.com,laeknabladid.is,samorka.is,kjarninn.is"
IS,Iceland,2020-02-01T00:00:00Z,2020-03-01T00:00:00Z,4684,3,0.0006404782237403928,1.06064439946019,3,0.0006404782237403928,1.06064439946019,"ruv.is,mbl.is,visir.is,dv.is,stundin.is,vb.is,startupiceland.com,laeknabladid.is,samorka.is,kjarninn.is"
IS,Iceland,2020-03-01T00:00:00Z,2020-04-01T00:00:00Z,5231,4,0.0007646721468170522,1.2118874611375323,4,0.0007646721468170522,1.2118874611375323,"ruv.is,mbl.is,visir.is,dv.is,stundin.is,vb.is,startupiceland.com,laeknabladid.is,samorka.is,kjarninn.is"
IS,Iceland,2020-04-01T00:00:00Z,2020-05-01T00:00:00Z,4769,2,0.0004193751310547285,0.742014994351443,2,0.0004193751310547285,0.742014994351443,"ruv.is,mbl.is,visir.is,dv.is,stundin.is,vb.is,startupiceland.com,laeknabladid.is,samorka.is,kjarninn.is"
IS,Iceland,2020-05-01T00:00:00Z,2020-06-01T00:00:00Z,4990,1,0.0002004008016032064,-4.31372549019608,1,0.0002004008016032064,-4.31372549019608,"ruv.is,mbl.is,visir.is,dv.is,stundin.is,vb.is,startupiceland.com,laeknabladid.is,samorka.is,kjarninn.is"
IS,Iceland,2020-06-01T00:00:00Z,2020-07-01T00:00:00Z,4804,6,0.0012489592006661116,-0.2503051847016394,6,0.0012489592006661116,-0.2503051847016394,"ruv.is,mbl.is,visir.is,dv.is,stundin.is,vb.is,startupiceland.com,laeknabladid.is,samorka.is,kjarninn.is"
IS,Iceland,2020-07-01T00:00:00Z,2020-08-01T00:00:00Z,4106,1,0.00024354603019970775,-2.29885057471264,1,0.00024354603019970775,-2.29885057471264,"ruv.is,mbl.is,visir.is,dv.is,stundin.is,vb.is,startupiceland.com,laeknabladid.is,samorka.is,kjarninn.is"
IS,Iceland,2020-08-01T00:00:00Z,2020-09-01T00:00:00Z,4010,2,0.0004987531172069825,1.4621458537244465,2,0.0004987531172069825,1.4621458537244465,"ruv.is,mbl.is,visir.is,dv.is,stundin.is,vb.is,startupiceland.com,laeknabladid.is,samorka.is,kjarninn.is"
IS,Iceland,2020-09-01T00:00:00Z,2020-10-01T00:00:00Z,4454,5,0.001122586439155815,1.6063735323058306,5,0.001122586439155815,1.6063735323058306,"ruv.is,mbl.is,visir.is,dv.is,stundin.is,vb.is,startupiceland.com,laeknabladid.is,samorka.is,kjarninn.is"
IS,Iceland,2020-10-01T00:00:00Z,2020-11-01T00:00:00Z,3242,6,0.001850709438618137,1.8403692231446482,6,0.001850709438618137,1.8403692231446482,"ruv.is,mbl.is,visir.is,dv.is,stundin.is,vb.is,startupiceland.com,laeknabladid.is,samorka.is,kjarninn.is"
IS,Iceland,2020-11-01T00:00:00Z,2020-12-01T00:00:00Z,3354,5,0.0014907573047107932,1.725731066574208,5,0.0014907573047107932,1.725731066574208,"ruv.is,mbl.is,visir.is,dv.is,stundin.is,vb.is,startupiceland.com,laeknabladid.is,samorka.is,kjarninn.is"
IS,Iceland,2020-12-01T00:00:00Z,2021-01-01T00:00:00Z,5639,2,0.0003546728143287817,-5.310747983043894,2,0.0003546728143287817,-5.310747983043894,"ruv.is,mbl.is,visir.is,dv.is,stundin.is,vb.is,startupiceland.com,laeknabladid.is,samorka.is,kjarninn.is"
IS,Iceland,2021-01-01T00:00:00Z,2021-02-01T00:00:00Z,5673,1,0.00017627357659086903,1.92926045016077,1,0.00017627357659086903,1.92926045016077,"ruv.is,mbl.is,visir.is,dv.is,stundin.is,vb.is,startupiceland.com,laeknabladid.is,samorka.is,kjarninn.is"
IS,Iceland,2021-02-01T00:00:00Z,2021-03-01T00:00:00Z,5489,5,0.0009109127345600292,1.486292007116507,5,0.0009109127345600292,1.486292007116507,"ruv.is,mbl.is,visir.is,dv.is,stundin.is,vb.is,startupiceland.com,laeknabladid.is,samorka.is,kjarninn.is"
IS,Iceland,2021-03-01T00:00:00Z,2021-04-01T00:00:00Z,6047,2,0.000330742516950554,1.1579059704678198,2,0.000330742516950554,1.1579059704678198,"ruv.is,mbl.is,visir.is,dv.is,stundin.is,vb.is,startupiceland.com,laeknabladid.is,samorka.is,kjarninn.is"
IS,Iceland,2021-04-01T00:00:00Z,2021-05-01T00:00:00Z,5531,9,0.0016271921894774905,0.412497908962537,9,0.0016271921894774905,0.412497908962537,"ruv.is,mbl.is,visir.is,dv.is,stundin.is,vb.is,startupiceland.com,laeknabladid.is,samorka.is,kjarninn.is"
IS,Iceland,2021-05-01T00:00:00Z,2021-06-01T00:00:00Z,6078,1,0.00016452780519907864,2.23880597014925,1,0.00016452780519907864,2.23880597014925,"ruv.is,mbl.is,visir.is,dv.is,stundin.is,vb.is,startupiceland.com,laeknabladid.is,samorka.is,kjarninn.is"
IS,Iceland,2021-06-01T00:00:00Z,2021-07-01T00:00:00Z,5804,3,0.0005168849069607167,0.8114643764609131,3,0.0005168849069607167,0.8114643764609131,"ruv.is,mbl.is,visir.is,dv.is,stundin.is,vb.is,startupiceland.com,laeknabladid.is,samorka.is,kjarninn.is"
IS,Iceland,2021-07-01T00:00:00Z,2021-08-01T00:00:00Z,5405,4,0.0007400555041628122,-1.2849251163627262,4,0.0007400555041628122,-1.2849251163627262,"ruv.is,mbl.is,visir.is,dv.is,stundin.is,vb.is,startupiceland.com,laeknabladid.is,samorka.is,kjarninn.is"
IS,Iceland,2021-08-01T00:00:00Z,2021-09-01T00:00:00Z,4874,1,0.0002051702913418137,-1.03092783505155,1,0.0002051702913418137,-1.03092783505155,"ruv.is,mbl.is,visir.is,dv.is,stundin.is,vb.is,startupiceland.com,laeknabladid.is,samorka.is,kjarninn.is"
IS,Iceland,2021-09-01T00:00:00Z,2021-10-01T00:00:00Z,5848,7,0.0011969904240766074,-1.0983764895202823,7,0.0011969904240766074,-1.0983764895202823,"ruv.is,mbl.is,visir.is,dv.is,stundin.is,vb.is,startupiceland.com,laeknabladid.is,samorka.is,kjarninn.is"
IS,Iceland,2021-10-01T00:00:00Z,2021-11-01T00:00:00Z,5907,5,0.0008464533604198408,1.786574434890056,5,0.0008464533604198408,1.786574434890056,"ruv.is,mbl.is,visir.is,dv.is,stundin.is,vb.is,startupiceland.com,laeknabladid.is,samorka.is,kjarninn.is"
IS,Iceland,2021-11-01T00:00:00Z,2021-12-01T00:00:00Z,5768,4,0.0006934812760055479,0.29844723076604507,4,0.0006934812760055479,0.29844723076604507,"ruv.is,mbl.is,visir.is,dv.is,stundin.is,vb.is,startupiceland.com,laeknabladid.is,samorka.is,kjarninn.is"
IS,Iceland,2021-12-01T00:00:00Z,2022-01-01T00:00:00Z,5897,4,0.0006783110055960658,-1.1213182453758574,4,0.0006783110055960658,-1.1213182453758574,"ruv.is,mbl.is,visir.is,dv.is,stundin.is,vb.is,startupiceland.com,laeknabladid.is,samorka.is,kjarninn.is"
IS,Iceland,2022-01-01T00:00:00Z,2022-02-01T00:00:00Z,5733,2,0.00034885749171463456,-1.0724323946858476,2,0.00034885749171463456,-1.0724323946858476,"ruv.is,mbl.is,visir.is,dv.is,stundin.is,vb.is,startupiceland.com,laeknabladid.is,samorka.is,kjarninn.is"
IS,Iceland,2022-02-01T00:00:00Z,2022-03-01T00:00:00Z,5014,2,0.00039888312724371757,1.92351280732867,2,0.00039888312724371757,1.92351280732867,"ruv.is,mbl.is,visir.is,dv.is,stundin.is,vb.is,startupiceland.com,laeknabladid.is,samorka.is,kjarninn.is"
IS,Iceland,2022-03-01T00:00:00Z,2022-04-01T00:00:00Z,5538,5,0.0009028530155290719,0.7599458281009921,5,0.0009028530155290719,0.7599458281009921,"ruv.is,mbl.is,visir.is,dv.is,stundin.is,vb.is,startupiceland.com,laeknabladid.is,samorka.is,kjarninn.is"
IS,Iceland,2022-04-01T00:00:00Z,2022-05-01T00:00:00Z,4963,5,0.0010074551682450132,0.9728657979704304,5,0.0010074551682450132,0.9728657979704304,"ruv.is,mbl.is,visir.is,dv.is,stundin.is,vb.is,startupiceland.com,laeknabladid.is,samorka.is,kjarninn.is"
IS,Iceland,2022-05-01T00:00:00Z,2022-06-01T00:00:00Z,5698,5,0.0008775008775008775,0.09532613144013691,5,0.0008775008775008775,0.09532613144013691,"ruv.is,mbl.is,visir.is,dv.is,stundin.is,vb.is,startupiceland.com,laeknabladid.is,samorka.is,kjarninn.is"
IS,Iceland,2022-06-01T00:00:00Z,2022-07-01T00:00:00Z,5011,2,0.0003991219317501497,0.5897938443670145,2,0.0003991219317501497,0.5897938443670145,"ruv.is,mbl.is,visir.is,dv.is,stundin.is,vb.is,startupiceland.com,laeknabladid.is,samorka.is,kjarninn.is"
IS,Iceland,2022-07-01T00:00:00Z,2022-08-01T00:00:00Z,4735,2,0.00042238648363252375,0.5585772252438909,2,0.00042238648363252375,0.5585772252438909,"ruv.is,mbl.is,visir.is,dv.is,stundin.is,vb.is,startupiceland.com,laeknabladid.is,samorka.is,kjarninn.is"
IS,Iceland,2022-08-01T00:00:00Z,2022-09-01T00:00:00Z,5161,1,0.00019376089905057158,-0.458715596330275,1,0.00019376089905057158,-0.458715596330275,"ruv.is,mbl.is,visir.is,dv.is,stundin.is,vb.is,startupiceland.com,laeknabladid.is,samorka.is,kjarninn.is"
IS,Iceland,2022-09-01T00:00:00Z,2022-10-01T00:00:00Z,5156,2,0.0003878975950349108,-3.18220219656435,2,0.0003878975950349108,-3.18220219656435,"ruv.is,mbl.is,visir.is,dv.is,stundin.is,vb.is,startupiceland.com,laeknabladid.is,samorka.is,kjarninn.is"
IS,Iceland,2022-10-01T00:00:00Z,2022-11-01T00:00:00Z,5246,4,0.0007624857033930614,-1.9248086379381324,4,0.0007624857033930614,-1.9248086379381324,"ruv.is,mbl.is,visir.is,dv.is,stundin.is,vb.is,startupiceland.com,laeknabladid.is,samorka.is,kjarninn.is"
IS,Iceland,2022-11-01T00:00:00Z,2022-12-01T00:00:00Z,4803,2,0.00041640641265875496,-0.11214416381807651,2,0.00041640641265875496,-0.11214416381807651,"ruv.is,mbl.is,visir.is,dv.is,stundin.is,vb.is,startupiceland.com,laeknabladid.is,samorka.is,kjarninn.is"
IS,Iceland,2022-12-01T00:00:00Z,2023-01-01T00:00:00Z,4556,2,0.0004389815627743635,-2.6170070677277497,2,0.0004389815627743635,-2.6170070677277497,"ruv.is,mbl.is,visir.is,dv.is,stundin.is,vb.is,startupiceland.com,laeknabladid.is,samorka.is,kjarninn.is"
IS,Iceland,2023-01-01T00:00:00Z,2023-02-01T00:00:00Z,4007,4,0.0009982530571499876,0.7564105265258615,4,0.0009982530571499876,0.7564105265258615,"ruv.is,mbl.is,visir.is,dv.is,stundin.is,vb.is,startupiceland.com,laeknabladid.is,samorka.is,kjarninn.is"
IS,Iceland,2023-02-01T00:00:00Z,2023-03-01T00:00:00Z,3438,5,0.0014543339150668994,-0.1635190720694916,5,0.0014543339150668994,-0.1635190720694916,"ruv.is,mbl.is,visir.is,dv.is,stundin.is,vb.is,startupiceland.com,laeknabladid.is,samorka.is,kjarninn.is"
IS,Iceland,2023-03-01T00:00:00Z,2023-04-01T00:00:00Z,4586,6,0.0013083296990841692,0.4101411685863549,6,0.0013083296990841692,0.4101411685863549,"ruv.is,mbl.is,visir.is,dv.is,stundin.is,vb.is,startupiceland.com,laeknabladid.is,samorka.is,kjarninn.is"
IS,Iceland,2023-04-01T00:00:00Z,2023-05-01T00:00:00Z,6223,4,0.0006427767957576731,-1.8152370462159826,4,0.0006427767957576731,-1.8152370462159826,"ruv.is,mbl.is,visir.is,dv.is,stundin.is,vb.is,startupiceland.com,laeknabladid.is,samorka.is,kjarninn.is"
IS,Iceland,2023-05-01T00:00:00Z,2023-06-01T00:00:00Z,6943,9,0.001296269624081809,0.4006126451756604,9,0.001296269624081809,0.4006126451756604,"ruv.is,mbl.is,visir.is,dv.is,stundin.is,vb.is,startupiceland.com,laeknabladid.is,samorka.is,kjarninn.is"
IS,Iceland,2023-06-01T00:00:00Z,2023-07-01T00:00:00Z,6966,6,0.0008613264427217916,-0.08645116918411067,6,0.0008613264427217916,-0.08645116918411067,"ruv.is,mbl.is,visir.is,dv.is,stundin.is,vb.is,startupiceland.com,laeknabladid.is,samorka.is,kjarninn.is"
IS,Iceland,2023-07-01T00:00:00Z,2023-08-01T00:00:00Z,6984,5,0.0007159221076746849,0.3627905761571764,5,0.0007159221076746849,0.3627905761571764,"ruv.is,mbl.is,visir.is,dv.is,stundin.is,vb.is,startupiceland.com,laeknabladid.is,samorka.is,kjarninn.is"
IS,Iceland,2023-08-01T00:00:00Z,2023-09-01T00:00:00Z,6972,2,0.00028686173264486515,1.1108714408973246,2,0.00028686173264486515,1.1108714408973246,"ruv.is,mbl.is,visir.is,dv.is,stundin.is,vb.is,startupiceland.com,laeknabladid.is,samorka.is,kjarninn.is"
IS,Iceland,2023-09-01T00:00:00Z,2023-10-01T00:00:00Z,7276,1,0.00013743815283122595,-1.38888888888889,1,0.00013743815283122595,-1.38888888888889,"ruv.is,mbl.is,visir.is,dv.is,stundin.is,vb.is,startupiceland.com,laeknabladid.is,samorka.is,kjarninn.is"
IS,Iceland,2023-10-01T00:00:00Z,2023-11-01T00:00:00Z,7949,8,0.0010064159013712416,-0.43760457733876135,8,0.0010064159013712416,-0.43760457733876135,"ruv.is,mbl.is,visir.is,dv.is,stundin.is,vb.is,startupiceland.com,laeknabladid.is,samorka.is,kjarninn.is"
IS,Iceland,2023-11-01T00:00:00Z,2023-12-01T00:00:00Z,8536,6,0.0007029053420805998,0.9092618137840249,6,0.0007029053420805998,0.9092618137840249,"ruv.is,mbl.is,visir.is,dv.is,stundin.is,vb.is,startupiceland.com,laeknabladid.is,samorka.is,kjarninn.is"
IS,Iceland,2023-12-01T00:00:00Z,2024-01-01T00:00:00Z,8066,6,0.0007438631291842301,2.371671265905738,6,0.0007438631291842301,2.371671265905738,"ruv.is,mbl.is,visir.is,dv.is,stundin.is,vb.is,startupiceland.com,laeknabladid.is,samorka.is,kjarninn.is"
IS,Iceland,2024-01-01T00:00:00Z,2024-02-01T00:00:00Z,9230,8,0.000866738894907909,2.358888312105803,8,0.000866738894907909,2.358888312105803,"ruv.is,mbl.is,visir.is,dv.is,stundin.is,vb.is,startupiceland.com,laeknabladid.is,samorka.is,kjarninn.is"
IS,Iceland,2024-02-01T00:00:00Z,2024-03-01T00:00:00Z,8983,8,0.0008905710787042191,1.0459051518077898,8,0.0008905710787042191,1.0459051518077898,"ruv.is,mbl.is,visir.is,dv.is,stundin.is,vb.is,startupiceland.com,laeknabladid.is,samorka.is,kjarninn.is"
IS,Iceland,2024-03-01T00:00:00Z,2024-04-01T00:00:00Z,9188,2,0.00021767522855898998,-0.01906470786139014,2,0.00021767522855898998,-0.01906470786139014,"ruv.is,mbl.is,visir.is,dv.is,stundin.is,vb.is,startupiceland.com,laeknabladid.is,samorka.is,kjarninn.is"
IS,Iceland,2024-04-01T00:00:00Z,2024-05-01T00:00:00Z,9066,5,0.0005515111405250386,0.30563819855930185,5,0.0005515111405250386,0.30563819855930185,"ruv.is,mbl.is,visir.is,dv.is,stundin.is,vb.is,startupiceland.com,laeknabladid.is,samorka.is,kjarninn.is"
IS,Iceland,2024-05-01T00:00:00Z,2024-06-01T00:00:00Z,9810,6,0.0006116207951070336,-0.45953020002746303,6,0.0006116207951070336,-0.45953020002746303,"ruv.is,mbl.is,visir.is,dv.is,stundin.is,vb.is,startupiceland.com,laeknabladid.is,samorka.is,kjarninn.is"
IS,Iceland,2024-06-01T00:00:00Z,2024-07-01T00:00:00Z,8688,11,0.0012661141804788214,2.8757982501113406,11,0.0012661141804788214,2.8757982501113406,"ruv.is,mbl.is,visir.is,dv.is,stundin.is,vb.is,startupiceland.com,laeknabladid.is,samorka.is,kjarninn.is"
IS,Iceland,2024-07-01T00:00:00Z,2024-08-01T00:00:00Z,7798,11,0.0014106181072069761,-0.4824304438979303,11,0.0014106181072069761,-0.4824304438979303,"ruv.is,mbl.is,visir.is,dv.is,stundin.is,vb.is,startupiceland.com,laeknabladid.is,samorka.is,kjarninn.is"
IS,Iceland,2024-08-01T00:00:00Z,2024-09-01T00:00:00Z,7939,14,0.0017634462778687492,0.15255960251654493,14,0.0017634462778687492,0.15255960251654493,"ruv.is,mbl.is,visir.is,dv.is,stundin.is,vb.is,startupiceland.com,laeknabladid.is,samorka.is,kjarninn.is"
IS,Iceland,2024-09-01T00:00:00Z,2024-10-01T00:00:00Z,8564,8,0.0009341429238673517,-0.2418444053540152,8,0.0009341429238673517,-0.2418444053540152,"ruv.is,mbl.is,visir.is,dv.is,stundin.is,vb.is,startupiceland.com,laeknabladid.is,samorka.is,kjarninn.is"
IS,Iceland,2024-10-01T00:00:00Z,2024-11-01T00:00:00Z,9604,6,0.0006247396917950854,2.5809228300671125,6,0.0006247396917950854,2.5809228300671125,"ruv.is,mbl.is,visir.is,dv.is,stundin.is,vb.is,startupiceland.com,laeknabladid.is,samorka.is,kjarninn.is"
IS,Iceland,2024-11-01T00:00:00Z,2024-12-01T00:00:00Z,9762,3,0.00030731407498463427,-0.9515605167779064,3,0.00030731407498463427,-0.9515605167779064,"ruv.is,mbl.is,visir.is,dv.is,stundin.is,vb.is,startupiceland.com,laeknabladid.is,samorka.is,kjarninn.is"
IS,Iceland,2024-12-01T00:00:00Z,2025-01-01T00:00:00Z,8377,1,0.0001193744777366599,1.12359550561798,1,0.0001193744777366599,1.12359550561798,"ruv.is,mbl.is,visir.is,dv.is,stundin.is,vb.is,startupiceland.com,laeknabladid.is,samorka.is,kjarninn.is"
IS,Iceland,2025-01-01T00:00:00Z,2025-02-01T00:00:00Z,8328,4,0.0004803073967339097,-1.0231578872204372,4,0.0004803073967339097,-1.0231578872204372,"ruv.is,mbl.is,visir.is,dv.is,stundin.is,vb.is,startupiceland.com,laeknabladid.is,samorka.is,kjarninn.is"
IS,Iceland,2025-02-01T00:00:00Z,2025-03-01T00:00:00Z,7970,6,0.000752823086574655,-0.2056896989350875,6,0.000752823086574655,-0.2056896989350875,"ruv.is,mbl.is,visir.is,dv.is,stundin.is,vb.is,startupiceland.com,laeknabladid.is,samorka.is,kjarninn.is"
IS,Iceland,2025-03-01T00:00:00Z,2025-04-01T00:00:00Z,8479,4,0.00047175374454534735,0.7879087246242045,4,0.00047175374454534735,0.7879087246242045,"ruv.is,mbl.is,visir.is,dv.is,stundin.is,vb.is,startupiceland.com,laeknabladid.is,samorka.is,kjarninn.is"
IS,Iceland,2025-04-01T00:00:00Z,2025-05-01T00:00:00Z,7755,3,0.00038684719535783365,-1.2473986793272538,3,0.00038684719535783365,-1.2473986793272538,"ruv.is,mbl.is,visir.is,dv.is,stundin.is,vb.is,startupiceland.com,laeknabladid.is,samorka.is,kjarninn.is"
IS,Iceland,2025-05-01T00:00:00Z,2025-06-01T00:00:00Z,8575,12,0.0013994169096209913,1.5606182392961754,12,0.0013994169096209913,1.5606182392961754,"ruv.is,mbl.is,visir.is,dv.is,stundin.is,vb.is,startupiceland.com,laeknabladid.is,samorka.is,kjarninn.is"
IS,Iceland,2025-06-01T00:00:00Z,2025-07-01T00:00:00Z,3846,2,0.0005200208008320333,0.7617161716171614,2,0.0005200208008320333,0.7617161716171614,"ruv.is,mbl.is,visir.is,dv.is,stundin.is,vb.is,startupiceland.com,laeknabladid.is,samorka.is,kjarninn.is"
IS,Iceland,2025-07-01T00:00:00Z,2025-08-01T00:00:00Z,7240,6,0.0008287292817679558,2.61836250707024,6,0.0008287292817679558,2.61836250707024,"ruv.is,mbl.is,visir.is,dv.is,stundin.is,vb.is,startupiceland.com,laeknabladid.is,samorka.is,kjarninn.is"
IS,Iceland,2025-08-01T00:00:00Z,2025-09-01T00:00:00Z,7628,6,0.0007865757734661773,0.276663230807643,6,0.0007865757734661773,0.276663230807643,"ruv.is,mbl.is,visir.is,dv.is,stundin.is,vb.is,startupiceland.com,laeknabladid.is,samorka.is,kjarninn.is"
IS,Iceland,2025-09-01T00:00:00Z,2025-10-01T00:00:00Z,8693,5,0.0005751754285056943,1.366696479191692,5,0.0005751754285056943,1.366696479191692,"ruv.is,mbl.is,visir.is,dv.is,stundin.is,vb.is,startupiceland.com,laeknabladid.is,samorka.is,kjarninn.is"
IS,Iceland,2025-10-01T00:00:00Z,2025-11-01T00:00:00Z,9248,5,0.0005406574394463668,2.098475933778884,5,0.0005406574394463668,2.098475933778884,"ruv.is,mbl.is,visir.is,dv.is,stundin.is,vb.is,startupiceland.com,laeknabladid.is,samorka.is,kjarninn.is"
IS,Iceland,2025-11-01T00:00:00Z,2025-12-01T00:00:00Z,8440,9,0.0010663507109004739,0.4493178891279123,9,0.0010663507109004739,0.4493178891279123,"ruv.is,mbl.is,visir.is,dv.is,stundin.is,vb.is,startupiceland.com,laeknabladid.is,samorka.is,kjarninn.is"
IS,Iceland,2025-12-01T00:00:00Z,2026-01-01T00:00:00Z,5383,3,0.0005573100501579045,-0.5070546737213406,3,0.0005573100501579045,-0.5070546737213406,"ruv.is,mbl.is,visir.is,dv.is,stundin.is,vb.is,startupiceland.com,laeknabladid.is,samorka.is,kjarninn.is"
IS,Iceland,2026-01-01T00:00:00Z,2026-02-01T00:00:00Z,5878,6,0.0010207553589656345,-0.3298153034300783,6,0.0010207553589656345,-0.3298153034300783,"ruv.is,mbl.is,visir.is,dv.is,stundin.is,vb.is,startupiceland.com,laeknabladid.is,samorka.is,kjarninn.is"
IS,Iceland,2026-02-01T00:00:00Z,2026-03-01T00:00:00Z,5468,0,0.0,,0,0.0,,"ruv.is,mbl.is,visir.is,dv.is,stundin.is,vb.is,startupiceland.com,laeknabladid.is,samorka.is,kjarninn.is"
IS,Iceland,2026-03-01T00:00:00Z,2026-04-01T00:00:00Z,2338,3,0.0012831479897348161,-0.007785107095919674,3,0.0012831479897348161,-0.007785107095919674,"ruv.is,mbl.is,visir.is,dv.is,stundin.is,vb.is,startupiceland.com,laeknabladid.is,samorka.is,kjarninn.is"
PL,Poland,2018-06-01T00:00:00Z,2018-07-01T00:00:00Z,16465,759,0.04609778317643486,-3.7240662488109377,763,0.046340722745217125,-3.7142124761100694,"tvn24.pl,onet.pl,gazeta.pl,rp.pl,wyborcza.pl,pb.pl,spidersweb.pl,rynekzdrowia.pl,wysokienapiecie.pl,prawo.pl"
PL,Poland,2018-07-01T00:00:00Z,2018-08-01T00:00:00Z,14956,596,0.03985022733351164,-4.31005122187421,599,0.04005081572612998,-4.297465634617034,"tvn24.pl,onet.pl,gazeta.pl,rp.pl,wyborcza.pl,pb.pl,spidersweb.pl,rynekzdrowia.pl,wysokienapiecie.pl,prawo.pl"
PL,Poland,2018-08-01T00:00:00Z,2018-09-01T00:00:00Z,13459,514,0.038190058696782825,-4.37621956066558,514,0.038190058696782825,-4.37621956066558,"tvn24.pl,onet.pl,gazeta.pl,rp.pl,wyborcza.pl,pb.pl,spidersweb.pl,rynekzdrowia.pl,wysokienapiecie.pl,prawo.pl"
PL,Poland,2018-09-01T00:00:00Z,2018-10-01T00:00:00Z,11742,426,0.036280020439448134,-4.718582715753834,427,0.03636518480667689,-4.710423430473928,"tvn24.pl,onet.pl,gazeta.pl,rp.pl,wyborcza.pl,pb.pl,spidersweb.pl,rynekzdrowia.pl,wysokienapiecie.pl,prawo.pl"
PL,Poland,2018-10-01T00:00:00Z,2018-11-01T00:00:00Z,12770,312,0.024432263116679717,-4.461388925644292,312,0.024432263116679717,-4.461388925644292,"tvn24.pl,onet.pl,gazeta.pl,rp.pl,wyborcza.pl,pb.pl,spidersweb.pl,rynekzdrowia.pl,wysokienapiecie.pl,prawo.pl"
PL,Poland,2018-11-01T00:00:00Z,2018-12-01T00:00:00Z,10994,264,0.024013098053483718,-3.1822439233394606,264,0.024013098053483718,-3.1822439233394606,"tvn24.pl,onet.pl,gazeta.pl,rp.pl,wyborcza.pl,pb.pl,spidersweb.pl,rynekzdrowia.pl,wysokienapiecie.pl,prawo.pl"
PL,Poland,2018-12-01T00:00:00Z,2019-01-01T00:00:00Z,10983,219,0.01993990712919967,-3.3909567304977615,221,0.020122006737685515,-3.4198756550208165,"tvn24.pl,onet.pl,gazeta.pl,rp.pl,wyborcza.pl,pb.pl,spidersweb.pl,rynekzdrowia.pl,wysokienapiecie.pl,prawo.pl"
PL,Poland,2019-01-01T00:00:00Z,2019-02-01T00:00:00Z,12348,195,0.015792031098153546,-4.03974167674392,198,0.016034985422740525,-3.9843446062476353,"tvn24.pl,onet.pl,gazeta.pl,rp.pl,wyborcza.pl,pb.pl,spidersweb.pl,rynekzdrowia.pl,wysokienapiecie.pl,prawo.pl"
PL,Poland,2019-02-01T00:00:00Z,2019-03-01T00:00:00Z,11160,189,0.016935483870967744,-4.127077276096651,190,0.017025089605734768,-4.1124681922822015,"tvn24.pl,onet.pl,gazeta.pl,rp.pl,wyborcza.pl,pb.pl,spidersweb.pl,rynekzdrowia.pl,wysokienapiecie.pl,prawo.pl"
PL,Poland,2019-03-01T00:00:00Z,2019-04-01T00:00:00Z,12100,236,0.019504132231404958,-3.704366581125726,239,0.01975206611570248,-3.6825348262706834,"tvn24.pl,onet.pl,gazeta.pl,rp.pl,wyborcza.pl,pb.pl,spidersweb.pl,rynekzdrowia.pl,wysokienapiecie.pl,prawo.pl"
PL,Poland,2019-04-01T00:00:00Z,2019-05-01T00:00:00Z,11596,227,0.019575715764056572,-4.022484294425435,229,0.01974818903070024,-3.9897570668162827,"tvn24.pl,onet.pl,gazeta.pl,rp.pl,wyborcza.pl,pb.pl,spidersweb.pl,rynekzdrowia.pl,wysokienapiecie.pl,prawo.pl"
PL,Poland,2019-05-01T00:00:00Z,2019-06-01T00:00:00Z,11485,186,0.016195037004788856,-3.4082106334436344,187,0.01628210709621245,-3.38521027100352,"tvn24.pl,onet.pl,gazeta.pl,rp.pl,wyborcza.pl,pb.pl,spidersweb.pl,rynekzdrowia.pl,wysokienapiecie.pl,prawo.pl"
PL,Poland,2019-06-01T00:00:00Z,2019-07-01T00:00:00Z,10126,192,0.018961090262690106,-3.8589175412330157,193,0.019059845941141615,-3.8488238131721086,"tvn24.pl,onet.pl,gazeta.pl,rp.pl,wyborcza.pl,pb.pl,spidersweb.pl,rynekzdrowia.pl,wysokienapiecie.pl,prawo.pl"
PL,Poland,2019-07-01T00:00:00Z,2019-08-01T00:00:00Z,10596,200,0.01887504718761797,-3.835485783589294,202,0.019063797659494147,-3.8008331567200817,"tvn24.pl,onet.pl,gazeta.pl,rp.pl,wyborcza.pl,pb.pl,spidersweb.pl,rynekzdrowia.pl,wysokienapiecie.pl,prawo.pl"
PL,Poland,2019-08-01T00:00:00Z,2019-09-01T00:00:00Z,8660,155,0.01789838337182448,-3.778364991914291,155,0.01789838337182448,-3.778364991914291,"tvn24.pl,onet.pl,gazeta.pl,rp.pl,wyborcza.pl,pb.pl,spidersweb.pl,rynekzdrowia.pl,wysokienapiecie.pl,prawo.pl"
PL,Poland,2019-09-01T00:00:00Z,2019-10-01T00:00:00Z,10628,162,0.015242754986827249,-4.494417042169346,164,0.015430937147158449,-4.458952261647083,"tvn24.pl,onet.pl,gazeta.pl,rp.pl,wyborcza.pl,pb.pl,spidersweb.pl,rynekzdrowia.pl,wysokienapiecie.pl,prawo.pl"
PL,Poland,2019-10-01T00:00:00Z,2019-11-01T00:00:00Z,11412,160,0.014020329477742727,-3.5162923816657523,160,0.014020329477742727,-3.5162923816657523,"tvn24.pl,onet.pl,gazeta.pl,rp.pl,wyborcza.pl,pb.pl,spidersweb.pl,rynekzdrowia.pl,wysokienapiecie.pl,prawo.pl"
PL,Poland,2019-11-01T00:00:00Z,2019-12-01T00:00:00Z,8862,174,0.01963439404197698,-4.025028421924233,175,0.019747235387045814,-4.0145595878340385,"tvn24.pl,onet.pl,gazeta.pl,rp.pl,wyborcza.pl,pb.pl,spidersweb.pl,rynekzdrowia.pl,wysokienapiecie.pl,prawo.pl"
PL,Poland,2019-12-01T00:00:00Z,2020-01-01T00:00:00Z,8683,148,0.01704480018426811,-4.047039521345878,148,0.01704480018426811,-4.047039521345878,"tvn24.pl,onet.pl,gazeta.pl,rp.pl,wyborcza.pl,pb.pl,spidersweb.pl,rynekzdrowia.pl,wysokienapiecie.pl,prawo.pl"
PL,Poland,2020-01-01T00:00:00Z,2020-02-01T00:00:00Z,10851,294,0.027094277025158972,-4.532713070468826,299,0.02755506404939637,-4.508815809604467,"tvn24.pl,onet.pl,gazeta.pl,rp.pl,wyborcza.pl,pb.pl,spidersweb.pl,rynekzdrowia.pl,wysokienapiecie.pl,prawo.pl"
PL,Poland,2020-02-01T00:00:00Z,2020-03-01T00:00:00Z,10052,318,0.03163549542379626,-4.285723929297845,319,0.031734978113808196,-4.276413789938555,"tvn24.pl,onet.pl,gazeta.pl,rp.pl,wyborcza.pl,pb.pl,spidersweb.pl,rynekzdrowia.pl,wysokienapiecie.pl,prawo.pl"
PL,Poland,2020-03-01T00:00:00Z,2020-04-01T00:00:00Z,12620,247,0.019572107765451666,-4.153621799493049,249,0.019730586370839936,-4.13696788552215,"tvn24.pl,onet.pl,gazeta.pl,rp.pl,wyborcza.pl,pb.pl,spidersweb.pl,rynekzdrowia.pl,wysokienapiecie.pl,prawo.pl"
PL,Poland,2020-04-01T00:00:00Z,2020-05-01T00:00:00Z,12325,322,0.026125760649087223,-4.1901788930489285,323,0.02620689655172414,-4.194061082465183,"tvn24.pl,onet.pl,gazeta.pl,rp.pl,wyborcza.pl,pb.pl,spidersweb.pl,rynekzdrowia.pl,wysokienapiecie.pl,prawo.pl"
PL,Poland,2020-05-01T00:00:00Z,2020-06-01T00:00:00Z,11985,349,0.02911973299958281,-4.6434326586595915,349,0.02911973299958281,-4.6434326586595915,"tvn24.pl,onet.pl,gazeta.pl,rp.pl,wyborcza.pl,pb.pl,spidersweb.pl,rynekzdrowia.pl,wysokienapiecie.pl,prawo.pl"
PL,Poland,2020-06-01T00:00:00Z,2020-07-01T00:00:00Z,11616,316,0.027203856749311296,-4.67395645900488,319,0.027462121212121212,-4.6773098552901216,"tvn24.pl,onet.pl,gazeta.pl,rp.pl,wyborcza.pl,pb.pl,spidersweb.pl,rynekzdrowia.pl,wysokienapiecie.pl,prawo.pl"
PL,Poland,2020-07-01T00:00:00Z,2020-08-01T00:00:00Z,10896,362,0.033223201174743026,-4.453558291744731,363,0.033314977973568284,-4.451270771397766,"tvn24.pl,onet.pl,gazeta.pl,rp.pl,wyborcza.pl,pb.pl,spidersweb.pl,rynekzdrowia.pl,wysokienapiecie.pl,prawo.pl"
PL,Poland,2020-08-01T00:00:00Z,2020-09-01T00:00:00Z,10478,316,0.030158427180759687,-4.068954255970717,318,0.0303493033021569,-4.055426966026292,"tvn24.pl,onet.pl,gazeta.pl,rp.pl,wyborcza.pl,pb.pl,spidersweb.pl,rynekzdrowia.pl,wysokienapiecie.pl,prawo.pl"
PL,Poland,2020-09-01T00:00:00Z,2020-10-01T00:00:00Z,10596,288,0.027180067950169876,-4.60718215332836,297,0.028029445073612685,-4.552282828999563,"tvn24.pl,onet.pl,gazeta.pl,rp.pl,wyborcza.pl,pb.pl,spidersweb.pl,rynekzdrowia.pl,wysokienapiecie.pl,prawo.pl"
PL,Poland,2020-10-01T00:00:00Z,2020-11-01T00:00:00Z,8896,263,0.02956384892086331,-5.176437637253724,268,0.03012589928057554,-5.117595614150338,"tvn24.pl,onet.pl,gazeta.pl,rp.pl,wyborcza.pl,pb.pl,spidersweb.pl,rynekzdrowia.pl,wysokienapiecie.pl,prawo.pl"
PL,Poland,2020-11-01T00:00:00Z,2020-12-01T00:00:00Z,8180,300,0.03667481662591687,-4.5445059659302585,307,0.03753056234718826,-4.461034340159333,"tvn24.pl,onet.pl,gazeta.pl,rp.pl,wyborcza.pl,pb.pl,spidersweb.pl,rynekzdrowia.pl,wysokienapiecie.pl,prawo.pl"
PL,Poland,2020-12-01T00:00:00Z,2021-01-01T00:00:00Z,12221,366,0.029948449390393584,-3.899638311867534,370,0.030275754848212093,-3.9132187101527776,"tvn24.pl,onet.pl,gazeta.pl,rp.pl,wyborcza.pl,pb.pl,spidersweb.pl,rynekzdrowia.pl,wysokienapiecie.pl,prawo.pl"
PL,Poland,2021-01-01T00:00:00Z,2021-02-01T00:00:00Z,12656,347,0.027417825537294563,-4.494835000446006,353,0.027891908975979773,-4.407120858389559,"tvn24.pl,onet.pl,gazeta.pl,rp.pl,wyborcza.pl,pb.pl,spidersweb.pl,rynekzdrowia.pl,wysokienapiecie.pl,prawo.pl"
PL,Poland,2021-02-01T00:00:00Z,2021-03-01T00:00:00Z,12477,407,0.03262002083834255,-4.53286718505091,407,0.03262002083834255,-4.53286718505091,"tvn24.pl,onet.pl,gazeta.pl,rp.pl,wyborcza.pl,pb.pl,spidersweb.pl,rynekzdrowia.pl,wysokienapiecie.pl,prawo.pl"
PL,Poland,2021-03-01T00:00:00Z,2021-04-01T00:00:00Z,14582,391,0.026813880126182965,-4.49643342362622,394,0.027019613221780276,-4.481107267282828,"tvn24.pl,onet.pl,gazeta.pl,rp.pl,wyborcza.pl,pb.pl,spidersweb.pl,rynekzdrowia.pl,wysokienapiecie.pl,prawo.pl"
PL,Poland,2021-04-01T00:00:00Z,2021-05-01T00:00:00Z,12949,394,0.030427060004633563,-4.650371344411449,398,0.03073596416711715,-4.603864076705313,"tvn24.pl,onet.pl,gazeta.pl,rp.pl,wyborcza.pl,pb.pl,spidersweb.pl,rynekzdrowia.pl,wysokienapiecie.pl,prawo.pl"
PL,Poland,2021-05-01T00:00:00Z,2021-06-01T00:00:00Z,12558,444,0.035355948399426664,-4.290335988525184,449,0.03575410097149227,-4.289442651978637,"tvn24.pl,onet.pl,gazeta.pl,rp.pl,wyborcza.pl,pb.pl,spidersweb.pl,rynekzdrowia.pl,wysokienapiecie.pl,prawo.pl"
PL,Poland,2021-06-01T00:00:00Z,2021-07-01T00:00:00Z,12439,478,0.038427526328482994,-3.9097495536317908,484,0.0389098802154514,-3.86628025126905,"tvn24.pl,onet.pl,gazeta.pl,rp.pl,wyborcza.pl,pb.pl,spidersweb.pl,rynekzdrowia.pl,wysokienapiecie.pl,prawo.pl"
PL,Poland,2021-07-01T00:00:00Z,2021-08-01T00:00:00Z,12164,510,0.04192699769812561,-4.5459126669831695,514,0.04225583689575797,-4.513823506843648,"tvn24.pl,onet.pl,gazeta.pl,rp.pl,wyborcza.pl,pb.pl,spidersweb.pl,rynekzdrowia.pl,wysokienapiecie.pl,prawo.pl"
PL,Poland,2021-08-01T00:00:00Z,2021-09-01T00:00:00Z,11275,496,0.04399113082039911,-4.776621112732369,500,0.04434589800443459,-4.753849047808272,"tvn24.pl,onet.pl,gazeta.pl,rp.pl,wyborcza.pl,pb.pl,spidersweb.pl,rynekzdrowia.pl,wysokienapiecie.pl,prawo.pl"
PL,Poland,2021-09-01T00:00:00Z,2021-10-01T00:00:00Z,11105,501,0.045114813147230974,-4.703966807485104,506,0.04556506078343089,-4.667583784932606,"tvn24.pl,onet.pl,gazeta.pl,rp.pl,wyborcza.pl,pb.pl,spidersweb.pl,rynekzdrowia.pl,wysokienapiecie.pl,prawo.pl"
PL,Poland,2021-10-01T00:00:00Z,2021-11-01T00:00:00Z,12822,556,0.043362969895492126,-4.344748282425323,565,0.04406488847293714,-4.309308238088042,"tvn24.pl,onet.pl,gazeta.pl,rp.pl,wyborcza.pl,pb.pl,spidersweb.pl,rynekzdrowia.pl,wysokienapiecie.pl,prawo.pl"
PL,Poland,2021-11-01T00:00:00Z,2021-12-01T00:00:00Z,12922,557,0.04310478254140226,-4.67703058606382,576,0.04457514316669246,-4.556568846906317,"tvn24.pl,onet.pl,gazeta.pl,rp.pl,wyborcza.pl,pb.pl,spidersweb.pl,rynekzdrowia.pl,wysokienapiecie.pl,prawo.pl"
PL,Poland,2021-12-01T00:00:00Z,2022-01-01T00:00:00Z,12809,430,0.03357014599110001,-4.768657541870213,440,0.034350847060660473,-4.687000166413122,"tvn24.pl,onet.pl,gazeta.pl,rp.pl,wyborcza.pl,pb.pl,spidersweb.pl,rynekzdrowia.pl,wysokienapiecie.pl,prawo.pl"
PL,Poland,2022-01-01T00:00:00Z,2022-02-01T00:00:00Z,12424,487,0.03919832582099163,-4.942707868294895,497,0.0400032195750161,-4.872390926035217,"tvn24.pl,onet.pl,gazeta.pl,rp.pl,wyborcza.pl,pb.pl,spidersweb.pl,rynekzdrowia.pl,wysokienapiecie.pl,prawo.pl"
PL,Poland,2022-02-01T00:00:00Z,2022-03-01T00:00:00Z,12544,405,0.03228635204081633,-4.478704703162634,408,0.032525510204081634,-4.461387321827969,"tvn24.pl,onet.pl,gazeta.pl,rp.pl,wyborcza.pl,pb.pl,spidersweb.pl,rynekzdrowia.pl,wysokienapiecie.pl,prawo.pl"
PL,Poland,2022-03-01T00:00:00Z,2022-04-01T00:00:00Z,10611,218,0.020544717745735557,-4.288347979010021,224,0.021110168692865895,-4.241860861817458,"tvn24.pl,onet.pl,gazeta.pl,rp.pl,wyborcza.pl,pb.pl,spidersweb.pl,rynekzdrowia.pl,wysokienapiecie.pl,prawo.pl"
PL,Poland,2022-04-01T00:00:00Z,2022-05-01T00:00:00Z,7447,175,0.02349939572982409,-3.2306427003751255,176,0.023633677991137372,-3.239868417600489,"tvn24.pl,onet.pl,gazeta.pl,rp.pl,wyborcza.pl,pb.pl,spidersweb.pl,rynekzdrowia.pl,wysokienapiecie.pl,prawo.pl"
PL,Poland,2022-05-01T00:00:00Z,2022-06-01T00:00:00Z,7804,260,0.03331624807790876,-3.189059887932917,265,0.03395694515633009,-3.1237325778785223,"tvn24.pl,onet.pl,gazeta.pl,rp.pl,wyborcza.pl,pb.pl,spidersweb.pl,rynekzdrowia.pl,wysokienapiecie.pl,prawo.pl"
PL,Poland,2022-06-01T00:00:00Z,2022-07-01T00:00:00Z,7513,181,0.0240915746040197,-3.28727827908258,184,0.024490882470384667,-3.2702842202329934,"tvn24.pl,onet.pl,gazeta.pl,rp.pl,wyborcza.pl,pb.pl,spidersweb.pl,rynekzdrowia.pl,wysokienapiecie.pl,prawo.pl"
PL,Poland,2022-07-01T00:00:00Z,2022-08-01T00:00:00Z,7251,194,0.02675493035443387,-3.832901203541477,198,0.0273065784029789,-3.8180594351707633,"tvn24.pl,onet.pl,gazeta.pl,rp.pl,wyborcza.pl,pb.pl,spidersweb.pl,rynekzdrowia.pl,wysokienapiecie.pl,prawo.pl"
PL,Poland,2022-08-01T00:00:00Z,2022-09-01T00:00:00Z,5880,147,0.025,-4.318215777527123,211,0.0358843537414966,-3.785259835993051,"tvn24.pl,onet.pl,gazeta.pl,rp.pl,wyborcza.pl,pb.pl,spidersweb.pl,rynekzdrowia.pl,wysokienapiecie.pl,prawo.pl"
PL,Poland,2022-09-01T00:00:00Z,2022-10-01T00:00:00Z,4642,104,0.02240413614821198,-2.5258159925097226,110,0.023696682464454975,-2.505568814246783,"tvn24.pl,onet.pl,gazeta.pl,rp.pl,wyborcza.pl,pb.pl,spidersweb.pl,rynekzdrowia.pl,wysokienapiecie.pl,prawo.pl"
PL,Poland,2022-10-01T00:00:00Z,2022-11-01T00:00:00Z,4915,114,0.023194303153611394,-3.966916943789035,117,0.023804679552390642,-3.9053571615894853,"tvn24.pl,onet.pl,gazeta.pl,rp.pl,wyborcza.pl,pb.pl,spidersweb.pl,rynekzdrowia.pl,wysokienapiecie.pl,prawo.pl"
PL,Poland,2022-11-01T00:00:00Z,2022-12-01T00:00:00Z,4972,139,0.027956556717618663,-3.319689552768426,142,0.028559935639581657,-3.299727747419094,"tvn24.pl,onet.pl,gazeta.pl,rp.pl,wyborcza.pl,pb.pl,spidersweb.pl,rynekzdrowia.pl,wysokienapiecie.pl,prawo.pl"
PL,Poland,2022-12-01T00:00:00Z,2023-01-01T00:00:00Z,4848,139,0.02867161716171617,-3.7772286201884837,140,0.028877887788778877,-3.777720943231093,"tvn24.pl,onet.pl,gazeta.pl,rp.pl,wyborcza.pl,pb.pl,spidersweb.pl,rynekzdrowia.pl,wysokienapiecie.pl,prawo.pl"
PL,Poland,2023-01-01T00:00:00Z,2023-02-01T00:00:00Z,25508,442,0.017327897130312058,-3.6346399789684503,443,0.01736710051748471,-3.636109672663136,"tvn24.pl,onet.pl,gazeta.pl,rp.pl,wyborcza.pl,pb.pl,spidersweb.pl,rynekzdrowia.pl,wysokienapiecie.pl,prawo.pl"
PL,Poland,2023-02-01T00:00:00Z,2023-03-01T00:00:00Z,5235,153,0.029226361031518624,-3.0138081973212265,157,0.02999044890162369,-2.9926084800426374,"tvn24.pl,onet.pl,gazeta.pl,rp.pl,wyborcza.pl,pb.pl,spidersweb.pl,rynekzdrowia.pl,wysokienapiecie.pl,prawo.pl"
PL,Poland,2023-03-01T00:00:00Z,2023-04-01T00:00:00Z,9321,326,0.03497478811286343,-3.9852178899215276,336,0.036047634373994206,-3.9135496475180434,"tvn24.pl,onet.pl,gazeta.pl,rp.pl,wyborcza.pl,pb.pl,spidersweb.pl,rynekzdrowia.pl,wysokienapiecie.pl,prawo.pl"
PL,Poland,2023-04-01T00:00:00Z,2023-05-01T00:00:00Z,14797,730,0.049334324525241606,-3.735616842668592,750,0.05068594985470028,-3.6950577982980986,"tvn24.pl,onet.pl,gazeta.pl,rp.pl,wyborcza.pl,pb.pl,spidersweb.pl,rynekzdrowia.pl,wysokienapiecie.pl,prawo.pl"
PL,Poland,2023-05-01T00:00:00Z,2023-06-01T00:00:00Z,14503,758,0.05226504861063228,-3.7870976257749587,768,0.052954561125284426,-3.7604838942776424,"tvn24.pl,onet.pl,gazeta.pl,rp.pl,wyborcza.pl,pb.pl,spidersweb.pl,rynekzdrowia.pl,wysokienapiecie.pl,prawo.pl"
PL,Poland,2023-06-01T00:00:00Z,2023-07-01T00:00:00Z,13820,626,0.04529667149059334,-4.261962816186394,633,0.04580318379160637,-4.241045521582039,"tvn24.pl,onet.pl,gazeta.pl,rp.pl,wyborcza.pl,pb.pl,spidersweb.pl,rynekzdrowia.pl,wysokienapiecie.pl,prawo.pl"
PL,Poland,2023-07-01T00:00:00Z,2023-08-01T00:00:00Z,13683,719,0.05254695607688373,-4.267064001890235,725,0.05298545640575897,-4.226178914287229,"tvn24.pl,onet.pl,gazeta.pl,rp.pl,wyborcza.pl,pb.pl,spidersweb.pl,rynekzdrowia.pl,wysokienapiecie.pl,prawo.pl"
PL,Poland,2023-08-01T00:00:00Z,2023-09-01T00:00:00Z,14336,790,0.05510602678571429,-3.93682273777112,798,0.0556640625,-3.923745840757723,"tvn24.pl,onet.pl,gazeta.pl,rp.pl,wyborcza.pl,pb.pl,spidersweb.pl,rynekzdrowia.pl,wysokienapiecie.pl,prawo.pl"
PL,Poland,2023-09-01T00:00:00Z,2023-10-01T00:00:00Z,13925,621,0.044596050269299824,-4.412839602118021,646,0.046391382405745064,-4.322972094880612,"tvn24.pl,onet.pl,gazeta.pl,rp.pl,wyborcza.pl,pb.pl,spidersweb.pl,rynekzdrowia.pl,wysokienapiecie.pl,prawo.pl"
PL,Poland,2023-10-01T00:00:00Z,2023-11-01T00:00:00Z,15002,694,0.04626049860018664,-4.321273291600659,700,0.04666044527396347,-4.299179827986478,"tvn24.pl,onet.pl,gazeta.pl,rp.pl,wyborcza.pl,pb.pl,spidersweb.pl,rynekzdrowia.pl,wysokienapiecie.pl,prawo.pl"
PL,Poland,2023-11-01T00:00:00Z,2023-12-01T00:00:00Z,14050,645,0.045907473309608544,-4.388894504440635,653,0.04647686832740214,-4.343988598423489,"tvn24.pl,onet.pl,gazeta.pl,rp.pl,wyborcza.pl,pb.pl,spidersweb.pl,rynekzdrowia.pl,wysokienapiecie.pl,prawo.pl"
PL,Poland,2023-12-01T00:00:00Z,2024-01-01T00:00:00Z,13420,682,0.05081967213114754,-4.28716949645047,691,0.051490312965722804,-4.246663800438818,"tvn24.pl,onet.pl,gazeta.pl,rp.pl,wyborcza.pl,pb.pl,spidersweb.pl,rynekzdrowia.pl,wysokienapiecie.pl,prawo.pl"
PL,Poland,2024-01-01T00:00:00Z,2024-02-01T00:00:00Z,14618,616,0.04213982760979614,-4.281574526012813,636,0.04350800383089342,-4.1891945312194485,"tvn24.pl,onet.pl,gazeta.pl,rp.pl,wyborcza.pl,pb.pl,spidersweb.pl,rynekzdrowia.pl,wysokienapiecie.pl,prawo.pl"
PL,Poland,2024-02-01T00:00:00Z,2024-03-01T00:00:00Z,13961,628,0.04498245111381706,-4.299915771230429,638,0.04569873218250842,-4.287964443563417,"tvn24.pl,onet.pl,gazeta.pl,rp.pl,wyborcza.pl,pb.pl,spidersweb.pl,rynekzdrowia.pl,wysokienapiecie.pl,prawo.pl"
PL,Poland,2024-03-01T00:00:00Z,2024-04-01T00:00:00Z,14280,708,0.04957983193277311,-4.143669569339611,718,0.05028011204481793,-4.118034587070998,"tvn24.pl,onet.pl,gazeta.pl,rp.pl,wyborcza.pl,pb.pl,spidersweb.pl,rynekzdrowia.pl,wysokienapiecie.pl,prawo.pl"
PL,Poland,2024-04-01T00:00:00Z,2024-05-01T00:00:00Z,14038,643,0.045804245619034054,-4.374451482877499,653,0.04651659780595527,-4.36859965510263,"tvn24.pl,onet.pl,gazeta.pl,rp.pl,wyborcza.pl,pb.pl,spidersweb.pl,rynekzdrowia.pl,wysokienapiecie.pl,prawo.pl"
PL,Poland,2024-05-01T00:00:00Z,2024-06-01T00:00:00Z,13461,729,0.05415645197236461,-3.83034137853026,736,0.05467647277319664,-3.8185634992414106,"tvn24.pl,onet.pl,gazeta.pl,rp.pl,wyborcza.pl,pb.pl,spidersweb.pl,rynekzdrowia.pl,wysokienapiecie.pl,prawo.pl"
PL,Poland,2024-06-01T00:00:00Z,2024-07-01T00:00:00Z,12990,708,0.05450346420323326,-4.1041492665997215,715,0.0550423402617398,-4.099324660098767,"tvn24.pl,onet.pl,gazeta.pl,rp.pl,wyborcza.pl,pb.pl,spidersweb.pl,rynekzdrowia.pl,wysokienapiecie.pl,prawo.pl"
PL,Poland,2024-07-01T00:00:00Z,2024-08-01T00:00:00Z,13510,794,0.05877128053293856,-4.345068459092763,805,0.05958549222797927,-4.31342034021107,"tvn24.pl,onet.pl,gazeta.pl,rp.pl,wyborcza.pl,pb.pl,spidersweb.pl,rynekzdrowia.pl,wysokienapiecie.pl,prawo.pl"
PL,Poland,2024-08-01T00:00:00Z,2024-09-01T00:00:00Z,12741,776,0.060905737383250926,-4.419679275590814,782,0.061376658033121416,-4.414584914488776,"tvn24.pl,onet.pl,gazeta.pl,rp.pl,wyborcza.pl,pb.pl,spidersweb.pl,rynekzdrowia.pl,wysokienapiecie.pl,prawo.pl"
PL,Poland,2024-09-01T00:00:00Z,2024-10-01T00:00:00Z,13173,705,0.05351856069232521,-4.633401803916452,713,0.05412586350869202,-4.596054427323686,"tvn24.pl,onet.pl,gazeta.pl,rp.pl,wyborcza.pl,pb.pl,spidersweb.pl,rynekzdrowia.pl,wysokienapiecie.pl,prawo.pl"
PL,Poland,2024-10-01T00:00:00Z,2024-11-01T00:00:00Z,13978,683,0.048862498211475175,-4.706110445363966,694,0.049649449134353985,-4.701132545279857,"tvn24.pl,onet.pl,gazeta.pl,rp.pl,wyborcza.pl,pb.pl,spidersweb.pl,rynekzdrowia.pl,wysokienapiecie.pl,prawo.pl"
PL,Poland,2024-11-01T00:00:00Z,2024-12-01T00:00:00Z,13194,683,0.05176595422161589,-4.174742914755361,688,0.052144914355009855,-4.154651099802554,"tvn24.pl,onet.pl,gazeta.pl,rp.pl,wyborcza.pl,pb.pl,spidersweb.pl,rynekzdrowia.pl,wysokienapiecie.pl,prawo.pl"
PL,Poland,2024-12-01T00:00:00Z,2025-01-01T00:00:00Z,12700,656,0.051653543307086616,-4.932826389219609,667,0.05251968503937008,-4.867644158032966,"tvn24.pl,onet.pl,gazeta.pl,rp.pl,wyborcza.pl,pb.pl,spidersweb.pl,rynekzdrowia.pl,wysokienapiecie.pl,prawo.pl"
PL,Poland,2025-01-01T00:00:00Z,2025-02-01T00:00:00Z,14028,784,0.05588822355289421,-4.386563017374221,789,0.056244653550042774,-4.372727724245126,"tvn24.pl,onet.pl,gazeta.pl,rp.pl,wyborcza.pl,pb.pl,spidersweb.pl,rynekzdrowia.pl,wysokienapiecie.pl,prawo.pl"
PL,Poland,2025-02-01T00:00:00Z,2025-03-01T00:00:00Z,12792,600,0.04690431519699812,-4.6305865485265985,604,0.047217010631644775,-4.626127519150974,"tvn24.pl,onet.pl,gazeta.pl,rp.pl,wyborcza.pl,pb.pl,spidersweb.pl,rynekzdrowia.pl,wysokienapiecie.pl,prawo.pl"
PL,Poland,2025-03-01T00:00:00Z,2025-04-01T00:00:00Z,14356,683,0.04757592644190582,-4.615444243928605,692,0.048202842017275004,-4.592565395432709,"tvn24.pl,onet.pl,gazeta.pl,rp.pl,wyborcza.pl,pb.pl,spidersweb.pl,rynekzdrowia.pl,wysokienapiecie.pl,prawo.pl"
PL,Poland,2025-04-01T00:00:00Z,2025-05-01T00:00:00Z,14266,851,0.05965232020187859,-4.654017206890184,859,0.06021309406981635,-4.633697369094784,"tvn24.pl,onet.pl,gazeta.pl,rp.pl,wyborcza.pl,pb.pl,spidersweb.pl,rynekzdrowia.pl,wysokienapiecie.pl,prawo.pl"
PL,Poland,2025-05-01T00:00:00Z,2025-06-01T00:00:00Z,13806,690,0.04997827031725337,-4.2590979257746,697,0.05048529624800811,-4.237882666261995,"tvn24.pl,onet.pl,gazeta.pl,rp.pl,wyborcza.pl,pb.pl,spidersweb.pl,rynekzdrowia.pl,wysokienapiecie.pl,prawo.pl"
PL,Poland,2025-06-01T00:00:00Z,2025-07-01T00:00:00Z,6202,294,0.04740406320541761,-3.924080574564784,295,0.04756530151564012,-3.9178591924338964,"tvn24.pl,onet.pl,gazeta.pl,rp.pl,wyborcza.pl,pb.pl,spidersweb.pl,rynekzdrowia.pl,wysokienapiecie.pl,prawo.pl"
PL,Poland,2025-07-01T00:00:00Z,2025-08-01T00:00:00Z,13568,817,0.06021521226415094,-3.900251314608447,819,0.0603626179245283,-3.895367286529178,"tvn24.pl,onet.pl,gazeta.pl,rp.pl,wyborcza.pl,pb.pl,spidersweb.pl,rynekzdrowia.pl,wysokienapiecie.pl,prawo.pl"
PL,Poland,2025-08-01T00:00:00Z,2025-09-01T00:00:00Z,13280,941,0.07085843373493976,-4.080348890446324,946,0.07123493975903615,-4.066312605037382,"tvn24.pl,onet.pl,gazeta.pl,rp.pl,wyborcza.pl,pb.pl,spidersweb.pl,rynekzdrowia.pl,wysokienapiecie.pl,prawo.pl"
PL,Poland,2025-09-01T00:00:00Z,2025-10-01T00:00:00Z,13750,1077,0.07832727272727273,-3.8469222962266034,1083,0.07876363636363637,-3.8303075463983003,"tvn24.pl,onet.pl,gazeta.pl,rp.pl,wyborcza.pl,pb.pl,spidersweb.pl,rynekzdrowia.pl,wysokienapiecie.pl,prawo.pl"
PL,Poland,2025-10-01T00:00:00Z,2025-11-01T00:00:00Z,14696,1005,0.06838595536200327,-4.103954189308918,1017,0.0692025040827436,-4.09263483331508,"tvn24.pl,onet.pl,gazeta.pl,rp.pl,wyborcza.pl,pb.pl,spidersweb.pl,rynekzdrowia.pl,wysokienapiecie.pl,prawo.pl"
PL,Poland,2025-11-01T00:00:00Z,2025-12-01T00:00:00Z,12632,796,0.0630145661811273,-3.949868799274498,805,0.06372704243191894,-3.930669272005704,"tvn24.pl,onet.pl,gazeta.pl,rp.pl,wyborcza.pl,pb.pl,spidersweb.pl,rynekzdrowia.pl,wysokienapiecie.pl,prawo.pl"
PL,Poland,2025-12-01T00:00:00Z,2026-01-01T00:00:00Z,14072,815,0.05791642978965321,-3.8653083734703086,830,0.05898237635019898,-3.8572410799369887,"tvn24.pl,onet.pl,gazeta.pl,rp.pl,wyborcza.pl,pb.pl,spidersweb.pl,rynekzdrowia.pl,wysokienapiecie.pl,prawo.pl"
PL,Poland,2026-01-01T00:00:00Z,2026-02-01T00:00:00Z,14170,895,0.06316160903316867,-3.876786982765866,908,0.06407904022582922,-3.8575805913257146,"tvn24.pl,onet.pl,gazeta.pl,rp.pl,wyborcza.pl,pb.pl,spidersweb.pl,rynekzdrowia.pl,wysokienapiecie.pl,prawo.pl"
PL,Poland,2026-02-01T00:00:00Z,2026-03-01T00:00:00Z,12592,753,0.05979987293519695,-3.992056787183628,761,0.060435196950444726,-3.9597817838767115,"tvn24.pl,onet.pl,gazeta.pl,rp.pl,wyborcza.pl,pb.pl,spidersweb.pl,rynekzdrowia.pl,wysokienapiecie.pl,prawo.pl"
PL,Poland,2026-03-01T00:00:00Z,2026-04-01T00:00:00Z,4431,259,0.05845181674565561,-4.401777775078273,260,0.05867749943579328,-4.391375275702344,"tvn24.pl,onet.pl,gazeta.pl,rp.pl,wyborcza.pl,pb.pl,spidersweb.pl,rynekzdrowia.pl,wysokienapiecie.pl,prawo.pl"
PT,Portugal,2018-06-01T00:00:00Z,2018-07-01T00:00:00Z,11838,157,0.013262375401250212,-2.4145039369529036,160,0.013515796587261361,-2.392294040807541,"rtp.pt,publico.pt,observador.pt,sicnoticias.pt,jornaldenegocios.pt,eco.sapo.pt,tek.sapo.pt,newsfarma.pt,ambienteonline.pt,iberianlawyer.com"
PT,Portugal,2018-07-01T00:00:00Z,2018-08-01T00:00:00Z,11182,122,0.010910391700947953,-2.5437157582983034,126,0.01126810946163477,-2.56732867582726,"rtp.pt,publico.pt,observador.pt,sicnoticias.pt,jornaldenegocios.pt,eco.sapo.pt,tek.sapo.pt,newsfarma.pt,ambienteonline.pt,iberianlawyer.com"
PT,Portugal,2018-08-01T00:00:00Z,2018-09-01T00:00:00Z,6674,161,0.02412346418939167,-2.351626232256928,167,0.025022475277195085,-2.218286598972643,"rtp.pt,publico.pt,observador.pt,sicnoticias.pt,jornaldenegocios.pt,eco.sapo.pt,tek.sapo.pt,newsfarma.pt,ambienteonline.pt,iberianlawyer.com"
PT,Portugal,2018-09-01T00:00:00Z,2018-10-01T00:00:00Z,6765,93,0.013747228381374724,-1.6336663982490014,95,0.014042867701404288,-1.5443535129769406,"rtp.pt,publico.pt,observador.pt,sicnoticias.pt,jornaldenegocios.pt,eco.sapo.pt,tek.sapo.pt,newsfarma.pt,ambienteonline.pt,iberianlawyer.com"
PT,Portugal,2018-10-01T00:00:00Z,2018-11-01T00:00:00Z,6771,103,0.01521193324472013,-1.597932908931845,104,0.015359621916998967,-1.585315422170137,"rtp.pt,publico.pt,observador.pt,sicnoticias.pt,jornaldenegocios.pt,eco.sapo.pt,tek.sapo.pt,newsfarma.pt,ambienteonline.pt,iberianlawyer.com"
PT,Portugal,2018-11-01T00:00:00Z,2018-12-01T00:00:00Z,6578,121,0.01839464882943144,-1.481405720137727,124,0.018850714502888416,-1.4001115827688329,"rtp.pt,publico.pt,observador.pt,sicnoticias.pt,jornaldenegocios.pt,eco.sapo.pt,tek.sapo.pt,newsfarma.pt,ambienteonline.pt,iberianlawyer.com"
PT,Portugal,2018-12-01T00:00:00Z,2019-01-01T00:00:00Z,5557,148,0.026633075400395896,-2.5831589330996385,152,0.027352888249055244,-2.480671999997768,"rtp.pt,publico.pt,observador.pt,sicnoticias.pt,jornaldenegocios.pt,eco.sapo.pt,tek.sapo.pt,newsfarma.pt,ambienteonline.pt,iberianlawyer.com"
PT,Portugal,2019-01-01T00:00:00Z,2019-02-01T00:00:00Z,6567,148,0.022536927059540125,-2.711435358954023,155,0.0236028627988427,-2.585574875840751,"rtp.pt,publico.pt,observador.pt,sicnoticias.pt,jornaldenegocios.pt,eco.sapo.pt,tek.sapo.pt,newsfarma.pt,ambienteonline.pt,iberianlawyer.com"
PT,Portugal,2019-02-01T00:00:00Z,2019-03-01T00:00:00Z,5900,120,0.020338983050847456,-2.694954475213238,121,0.020508474576271186,-2.688336560591717,"rtp.pt,publico.pt,observador.pt,sicnoticias.pt,jornaldenegocios.pt,eco.sapo.pt,tek.sapo.pt,newsfarma.pt,ambienteonline.pt,iberianlawyer.com"
PT,Portugal,2019-03-01T00:00:00Z,2019-04-01T00:00:00Z,6094,96,0.015753199868723335,-1.3717089390890078,105,0.017230062356416147,-1.1066198913049947,"rtp.pt,publico.pt,observador.pt,sicnoticias.pt,jornaldenegocios.pt,eco.sapo.pt,tek.sapo.pt,newsfarma.pt,ambienteonline.pt,iberianlawyer.com"
PT,Portugal,2019-04-01T00:00:00Z,2019-05-01T00:00:00Z,5639,90,0.015960276644795178,-1.7831013522337797,91,0.016137613051959567,-1.7750986156232451,"rtp.pt,publico.pt,observador.pt,sicnoticias.pt,jornaldenegocios.pt,eco.sapo.pt,tek.sapo.pt,newsfarma.pt,ambienteonline.pt,iberianlawyer.com"
PT,Portugal,2019-05-01T00:00:00Z,2019-06-01T00:00:00Z,5973,110,0.01841620626151013,-2.102212980084768,113,0.018918466432278586,-2.014497716325688,"rtp.pt,publico.pt,observador.pt,sicnoticias.pt,jornaldenegocios.pt,eco.sapo.pt,tek.sapo.pt,newsfarma.pt,ambienteonline.pt,iberianlawyer.com"
PT,Portugal,2019-06-01T00:00:00Z,2019-07-01T00:00:00Z,5476,89,0.016252739225712198,-2.9387281121995334,91,0.016617969320672023,-2.82097882992061,"rtp.pt,publico.pt,observador.pt,sicnoticias.pt,jornaldenegocios.pt,eco.sapo.pt,tek.sapo.pt,newsfarma.pt,ambienteonline.pt,iberianlawyer.com"
PT,Portugal,2019-07-01T00:00:00Z,2019-08-01T00:00:00Z,6206,134,0.02159200773445053,-2.6059870596081898,141,0.022719948436996457,-2.4865792736302548,"rtp.pt,publico.pt,observador.pt,sicnoticias.pt,jornaldenegocios.pt,eco.sapo.pt,tek.sapo.pt,newsfarma.pt,ambienteonline.pt,iberianlawyer.com"
PT,Portugal,2019-08-01T00:00:00Z,2019-09-01T00:00:00Z,4699,124,0.026388593317727176,-2.815168406078348,127,0.02702702702702703,-2.8249702252011653,"rtp.pt,publico.pt,observador.pt,sicnoticias.pt,jornaldenegocios.pt,eco.sapo.pt,tek.sapo.pt,newsfarma.pt,ambienteonline.pt,iberianlawyer.com"
PT,Portugal,2019-09-01T00:00:00Z,2019-10-01T00:00:00Z,6028,115,0.01907763769077638,-2.8260641226174803,121,0.020072992700729927,-2.716306779199773,"rtp.pt,publico.pt,observador.pt,sicnoticias.pt,jornaldenegocios.pt,eco.sapo.pt,tek.sapo.pt,newsfarma.pt,ambienteonline.pt,iberianlawyer.com"
PT,Portugal,2019-10-01T00:00:00Z,2019-11-01T00:00:00Z,5922,89,0.01502870651806822,-1.7547848483668493,90,0.015197568389057751,-1.7509000414385998,"rtp.pt,publico.pt,observador.pt,sicnoticias.pt,jornaldenegocios.pt,eco.sapo.pt,tek.sapo.pt,newsfarma.pt,ambienteonline.pt,iberianlawyer.com"
PT,Portugal,2019-11-01T00:00:00Z,2019-12-01T00:00:00Z,5098,99,0.01941938014907807,-2.68779046447927,99,0.01941938014907807,-2.68779046447927,"rtp.pt,publico.pt,observador.pt,sicnoticias.pt,jornaldenegocios.pt,eco.sapo.pt,tek.sapo.pt,newsfarma.pt,ambienteonline.pt,iberianlawyer.com"
PT,Portugal,2019-12-01T00:00:00Z,2020-01-01T00:00:00Z,4557,77,0.016897081413210446,-2.7642121827099575,80,0.017555409260478386,-2.6521256444365546,"rtp.pt,publico.pt,observador.pt,sicnoticias.pt,jornaldenegocios.pt,eco.sapo.pt,tek.sapo.pt,newsfarma.pt,ambienteonline.pt,iberianlawyer.com"
PT,Portugal,2020-01-01T00:00:00Z,2020-02-01T00:00:00Z,4169,76,0.018229791316862556,-2.14272202452625,79,0.018949388342528184,-2.059997829935541,"rtp.pt,publico.pt,observador.pt,sicnoticias.pt,jornaldenegocios.pt,eco.sapo.pt,tek.sapo.pt,newsfarma.pt,ambienteonline.pt,iberianlawyer.com"
PT,Portugal,2020-02-01T00:00:00Z,2020-03-01T00:00:00Z,3139,35,0.011150047785919083,-1.6974517586176905,36,0.011468620579802484,-1.7266128971908867,"rtp.pt,publico.pt,observador.pt,sicnoticias.pt,jornaldenegocios.pt,eco.sapo.pt,tek.sapo.pt,newsfarma.pt,ambienteonline.pt,iberianlawyer.com"
PT,Portugal,2020-03-01T00:00:00Z,2020-04-01T00:00:00Z,3366,31,0.00920974450386215,-2.306264461740226,31,0.00920974450386215,-2.306264461740226,"rtp.pt,publico.pt,observador.pt,sicnoticias.pt,jornaldenegocios.pt,eco.sapo.pt,tek.sapo.pt,newsfarma.pt,ambienteonline.pt,iberianlawyer.com"
PT,Portugal,2020-04-01T00:00:00Z,2020-05-01T00:00:00Z,3199,34,0.010628321350422007,-2.8484380169656203,34,0.010628321350422007,-2.8484380169656203,"rtp.pt,publico.pt,observador.pt,sicnoticias.pt,jornaldenegocios.pt,eco.sapo.pt,tek.sapo.pt,newsfarma.pt,ambienteonline.pt,iberianlawyer.com"
PT,Portugal,2020-05-01T00:00:00Z,2020-06-01T00:00:00Z,3052,31,0.010157273918741808,-3.198050048369644,31,0.010157273918741808,-3.198050048369644,"rtp.pt,publico.pt,observador.pt,sicnoticias.pt,jornaldenegocios.pt,eco.sapo.pt,tek.sapo.pt,newsfarma.pt,ambienteonline.pt,iberianlawyer.com"
PT,Portugal,2020-06-01T00:00:00Z,2020-07-01T00:00:00Z,2996,41,0.013684913217623497,-2.8354406153077654,41,0.013684913217623497,-2.8354406153077654,"rtp.pt,publico.pt,observador.pt,sicnoticias.pt,jornaldenegocios.pt,eco.sapo.pt,tek.sapo.pt,newsfarma.pt,ambienteonline.pt,iberianlawyer.com"
PT,Portugal,2020-07-01T00:00:00Z,2020-08-01T00:00:00Z,3099,55,0.017747660535656663,-2.4356664965596995,55,0.017747660535656663,-2.4356664965596995,"rtp.pt,publico.pt,observador.pt,sicnoticias.pt,jornaldenegocios.pt,eco.sapo.pt,tek.sapo.pt,newsfarma.pt,ambienteonline.pt,iberianlawyer.com"
PT,Portugal,2020-08-01T00:00:00Z,2020-09-01T00:00:00Z,2286,54,0.023622047244094488,-2.9274347417695417,58,0.02537182852143482,-2.7612158410694683,"rtp.pt,publico.pt,observador.pt,sicnoticias.pt,jornaldenegocios.pt,eco.sapo.pt,tek.sapo.pt,newsfarma.pt,ambienteonline.pt,iberianlawyer.com"
PT,Portugal,2020-09-01T00:00:00Z,2020-10-01T00:00:00Z,2503,31,0.012385137834598482,-2.453817651356928,34,0.013583699560527367,-2.3678725623623174,"rtp.pt,publico.pt,observador.pt,sicnoticias.pt,jornaldenegocios.pt,eco.sapo.pt,tek.sapo.pt,newsfarma.pt,ambienteonline.pt,iberianlawyer.com"
PT,Portugal,2020-10-01T00:00:00Z,2020-11-01T00:00:00Z,1977,22,0.01112797167425392,-1.1336826951381398,24,0.012139605462822459,-1.3397853361120078,"rtp.pt,publico.pt,observador.pt,sicnoticias.pt,jornaldenegocios.pt,eco.sapo.pt,tek.sapo.pt,newsfarma.pt,ambienteonline.pt,iberianlawyer.com"
PT,Portugal,2020-11-01T00:00:00Z,2020-12-01T00:00:00Z,1748,12,0.006864988558352402,-2.277480341107002,12,0.006864988558352402,-2.277480341107002,"rtp.pt,publico.pt,observador.pt,sicnoticias.pt,jornaldenegocios.pt,eco.sapo.pt,tek.sapo.pt,newsfarma.pt,ambienteonline.pt,iberianlawyer.com"
PT,Portugal,2020-12-01T00:00:00Z,2021-01-01T00:00:00Z,2506,22,0.008778930566640064,-3.1491476645679803,24,0.009577015163607342,-2.967651518275273,"rtp.pt,publico.pt,observador.pt,sicnoticias.pt,jornaldenegocios.pt,eco.sapo.pt,tek.sapo.pt,newsfarma.pt,ambienteonline.pt,iberianlawyer.com"
PT,Portugal,2021-01-01T00:00:00Z,2021-02-01T00:00:00Z,1942,15,0.007723995880535531,-2.227703577605263,15,0.007723995880535531,-2.227703577605263,"rtp.pt,publico.pt,observador.pt,sicnoticias.pt,jornaldenegocios.pt,eco.sapo.pt,tek.sapo.pt,newsfarma.pt,ambienteonline.pt,iberianlawyer.com"
PT,Portugal,2021-02-01T00:00:00Z,2021-03-01T00:00:00Z,2096,18,0.008587786259541985,-1.454822412385616,19,0.009064885496183206,-1.5753748302632111,"rtp.pt,publico.pt,observador.pt,sicnoticias.pt,jornaldenegocios.pt,eco.sapo.pt,tek.sapo.pt,newsfarma.pt,ambienteonline.pt,iberianlawyer.com"
PT,Portugal,2021-03-01T00:00:00Z,2021-04-01T00:00:00Z,2660,31,0.011654135338345865,-3.156962919865579,32,0.012030075187969926,-3.052552764163058,"rtp.pt,publico.pt,observador.pt,sicnoticias.pt,jornaldenegocios.pt,eco.sapo.pt,tek.sapo.pt,newsfarma.pt,ambienteonline.pt,iberianlawyer.com"
PT,Portugal,2021-04-01T00:00:00Z,2021-05-01T00:00:00Z,2748,34,0.012372634643377001,-2.757518587269824,40,0.01455604075691412,-2.352271969512697,"rtp.pt,publico.pt,observador.pt,sicnoticias.pt,jornaldenegocios.pt,eco.sapo.pt,tek.sapo.pt,newsfarma.pt,ambienteonline.pt,iberianlawyer.com"
PT,Portugal,2021-05-01T00:00:00Z,2021-06-01T00:00:00Z,3126,46,0.01471529110684581,-2.139288024028106,46,0.01471529110684581,-2.139288024028106,"rtp.pt,publico.pt,observador.pt,sicnoticias.pt,jornaldenegocios.pt,eco.sapo.pt,tek.sapo.pt,newsfarma.pt,ambienteonline.pt,iberianlawyer.com"
PT,Portugal,2021-06-01T00:00:00Z,2021-07-01T00:00:00Z,3065,45,0.01468189233278956,-1.9134460951471874,47,0.01533442088091354,-1.995527730758784,"rtp.pt,publico.pt,observador.pt,sicnoticias.pt,jornaldenegocios.pt,eco.sapo.pt,tek.sapo.pt,newsfarma.pt,ambienteonline.pt,iberianlawyer.com"
PT,Portugal,2021-07-01T00:00:00Z,2021-08-01T00:00:00Z,2504,57,0.022763578274760384,-2.1092857546141603,58,0.0231629392971246,-2.1027739611139458,"rtp.pt,publico.pt,observador.pt,sicnoticias.pt,jornaldenegocios.pt,eco.sapo.pt,tek.sapo.pt,newsfarma.pt,ambienteonline.pt,iberianlawyer.com"
PT,Portugal,2021-08-01T00:00:00Z,2021-09-01T00:00:00Z,2233,54,0.02418271383788625,-2.9131643249212913,54,0.02418271383788625,-2.9131643249212913,"rtp.pt,publico.pt,observador.pt,sicnoticias.pt,jornaldenegocios.pt,eco.sapo.pt,tek.sapo.pt,newsfarma.pt,ambienteonline.pt,iberianlawyer.com"
PT,Portugal,2021-09-01T00:00:00Z,2021-10-01T00:00:00Z,3131,62,0.019801980198019802,-2.6719975676305543,64,0.020440753752794635,-2.6038795450602468,"rtp.pt,publico.pt,observador.pt,sicnoticias.pt,jornaldenegocios.pt,eco.sapo.pt,tek.sapo.pt,newsfarma.pt,ambienteonline.pt,iberianlawyer.com"
PT,Portugal,2021-10-01T00:00:00Z,2021-11-01T00:00:00Z,3993,50,0.01252191334835963,-2.2132760580517323,57,0.014274981217129978,-2.153380695261786,"rtp.pt,publico.pt,observador.pt,sicnoticias.pt,jornaldenegocios.pt,eco.sapo.pt,tek.sapo.pt,newsfarma.pt,ambienteonline.pt,iberianlawyer.com"
PT,Portugal,2021-11-01T00:00:00Z,2021-12-01T00:00:00Z,3384,49,0.014479905437352246,-2.173517589354013,55,0.016252955082742316,-2.186131893741151,"rtp.pt,publico.pt,observador.pt,sicnoticias.pt,jornaldenegocios.pt,eco.sapo.pt,tek.sapo.pt,newsfarma.pt,ambienteonline.pt,iberianlawyer.com"
PT,Portugal,2021-12-01T00:00:00Z,2022-01-01T00:00:00Z,3123,52,0.01665065642010887,-2.899733286167579,53,0.01697086135126481,-2.7978515260512093,"rtp.pt,publico.pt,observador.pt,sicnoticias.pt,jornaldenegocios.pt,eco.sapo.pt,tek.sapo.pt,newsfarma.pt,ambienteonline.pt,iberianlawyer.com"
PT,Portugal,2022-01-01T00:00:00Z,2022-02-01T00:00:00Z,3400,33,0.009705882352941177,-3.2025966156324444,36,0.010588235294117647,-2.9760115749971368,"rtp.pt,publico.pt,observador.pt,sicnoticias.pt,jornaldenegocios.pt,eco.sapo.pt,tek.sapo.pt,newsfarma.pt,ambienteonline.pt,iberianlawyer.com"
PT,Portugal,2022-02-01T00:00:00Z,2022-03-01T00:00:00Z,3370,48,0.014243323442136498,-4.514120074495308,51,0.015133531157270029,-4.259102405004742,"rtp.pt,publico.pt,observador.pt,sicnoticias.pt,jornaldenegocios.pt,eco.sapo.pt,tek.sapo.pt,newsfarma.pt,ambienteonline.pt,iberianlawyer.com"
PT,Portugal,2022-03-01T00:00:00Z,2022-04-01T00:00:00Z,3781,41,0.010843692144935203,-3.0338133216070675,44,0.011637133033588997,-3.0314590442129736,"rtp.pt,publico.pt,observador.pt,sicnoticias.pt,jornaldenegocios.pt,eco.sapo.pt,tek.sapo.pt,newsfarma.pt,ambienteonline.pt,iberianlawyer.com"
PT,Portugal,2022-04-01T00:00:00Z,2022-05-01T00:00:00Z,3322,42,0.012642986152919929,-3.5924634814841765,42,0.012642986152919929,-3.5924634814841765,"rtp.pt,publico.pt,observador.pt,sicnoticias.pt,jornaldenegocios.pt,eco.sapo.pt,tek.sapo.pt,newsfarma.pt,ambienteonline.pt,iberianlawyer.com"
PT,Portugal,2022-05-01T00:00:00Z,2022-06-01T00:00:00Z,3595,52,0.014464534075104311,-3.2440124569658404,56,0.015577190542420028,-2.9526696922990285,"rtp.pt,publico.pt,observador.pt,sicnoticias.pt,jornaldenegocios.pt,eco.sapo.pt,tek.sapo.pt,newsfarma.pt,ambienteonline.pt,iberianlawyer.com"
PT,Portugal,2022-06-01T00:00:00Z,2022-07-01T00:00:00Z,3216,38,0.01181592039800995,-2.1028733559128123,42,0.013059701492537313,-2.0391573367109257,"rtp.pt,publico.pt,observador.pt,sicnoticias.pt,jornaldenegocios.pt,eco.sapo.pt,tek.sapo.pt,newsfarma.pt,ambienteonline.pt,iberianlawyer.com"
PT,Portugal,2022-07-01T00:00:00Z,2022-08-01T00:00:00Z,3421,101,0.029523531131248174,-3.141170608405541,103,0.03010815551008477,-3.1168537672683025,"rtp.pt,publico.pt,observador.pt,sicnoticias.pt,jornaldenegocios.pt,eco.sapo.pt,tek.sapo.pt,newsfarma.pt,ambienteonline.pt,iberianlawyer.com"
PT,Portugal,2022-08-01T00:00:00Z,2022-09-01T00:00:00Z,3017,63,0.02088167053364269,-3.247727764947227,92,0.030493868080875043,-2.7437254309255215,"rtp.pt,publico.pt,observador.pt,sicnoticias.pt,jornaldenegocios.pt,eco.sapo.pt,tek.sapo.pt,newsfarma.pt,ambienteonline.pt,iberianlawyer.com"
PT,Portugal,2022-09-01T00:00:00Z,2022-10-01T00:00:00Z,3470,51,0.014697406340057636,-2.312046698498613,53,0.01527377521613833,-2.3002762224128306,"rtp.pt,publico.pt,observador.pt,sicnoticias.pt,jornaldenegocios.pt,eco.sapo.pt,tek.sapo.pt,newsfarma.pt,ambienteonline.pt,iberianlawyer.com"
PT,Portugal,2022-10-01T00:00:00Z,2022-11-01T00:00:00Z,5328,75,0.014076576576576577,-3.0752740414047244,81,0.015202702702702704,-2.921644505513316,"rtp.pt,publico.pt,observador.pt,sicnoticias.pt,jornaldenegocios.pt,eco.sapo.pt,tek.sapo.pt,newsfarma.pt,ambienteonline.pt,iberianlawyer.com"
PT,Portugal,2022-11-01T00:00:00Z,2022-12-01T00:00:00Z,4675,81,0.01732620320855615,-2.6269520036130145,87,0.018609625668449196,-2.554772287132854,"rtp.pt,publico.pt,observador.pt,sicnoticias.pt,jornaldenegocios.pt,eco.sapo.pt,tek.sapo.pt,newsfarma.pt,ambienteonline.pt,iberianlawyer.com"
PT,Portugal,2022-12-01T00:00:00Z,2023-01-01T00:00:00Z,3656,55,0.015043763676148797,-2.370947550017964,57,0.015590809628008753,-2.34476224706712,"rtp.pt,publico.pt,observador.pt,sicnoticias.pt,jornaldenegocios.pt,eco.sapo.pt,tek.sapo.pt,newsfarma.pt,ambienteonline.pt,iberianlawyer.com"
PT,Portugal,2023-01-01T00:00:00Z,2023-02-01T00:00:00Z,4702,59,0.012547851977881752,-3.16399011319153,67,0.014249255635899617,-2.9871119450577557,"rtp.pt,publico.pt,observador.pt,sicnoticias.pt,jornaldenegocios.pt,eco.sapo.pt,tek.sapo.pt,newsfarma.pt,ambienteonline.pt,iberianlawyer.com"
PT,Portugal,2023-02-01T00:00:00Z,2023-03-01T00:00:00Z,4567,69,0.015108386249178892,-2.9721646855401977,73,0.01598423472739216,-2.8498213394291803,"rtp.pt,publico.pt,observador.pt,sicnoticias.pt,jornaldenegocios.pt,eco.sapo.pt,tek.sapo.pt,newsfarma.pt,ambienteonline.pt,iberianlawyer.com"
PT,Portugal,2023-03-01T00:00:00Z,2023-04-01T00:00:00Z,6916,120,0.01735106998264893,-2.9240395698115087,133,0.019230769230769232,-2.6271706202423317,"rtp.pt,publico.pt,observador.pt,sicnoticias.pt,jornaldenegocios.pt,eco.sapo.pt,tek.sapo.pt,newsfarma.pt,ambienteonline.pt,iberianlawyer.com"
PT,Portugal,2023-04-01T00:00:00Z,2023-05-01T00:00:00Z,8277,145,0.017518424549957713,-1.2173176732929054,163,0.019693125528573153,-1.1841839008295958,"rtp.pt,publico.pt,observador.pt,sicnoticias.pt,jornaldenegocios.pt,eco.sapo.pt,tek.sapo.pt,newsfarma.pt,ambienteonline.pt,iberianlawyer.com"
PT,Portugal,2023-05-01T00:00:00Z,2023-06-01T00:00:00Z,9530,197,0.020671563483735573,-1.0129735521921075,204,0.021406086044071352,-1.001174777177319,"rtp.pt,publico.pt,observador.pt,sicnoticias.pt,jornaldenegocios.pt,eco.sapo.pt,tek.sapo.pt,newsfarma.pt,ambienteonline.pt,iberianlawyer.com"
PT,Portugal,2023-06-01T00:00:00Z,2023-07-01T00:00:00Z,8602,161,0.01871657754010695,-1.7279759351346304,171,0.019879097884212972,-1.6718474265204761,"rtp.pt,publico.pt,observador.pt,sicnoticias.pt,jornaldenegocios.pt,eco.sapo.pt,tek.sapo.pt,newsfarma.pt,ambienteonline.pt,iberianlawyer.com"
PT,Portugal,2023-07-01T00:00:00Z,2023-08-01T00:00:00Z,8525,177,0.020762463343108505,-2.2160293107617277,184,0.02158357771260997,-2.1554664725717014,"rtp.pt,publico.pt,observador.pt,sicnoticias.pt,jornaldenegocios.pt,eco.sapo.pt,tek.sapo.pt,newsfarma.pt,ambienteonline.pt,iberianlawyer.com"
PT,Portugal,2023-08-01T00:00:00Z,2023-09-01T00:00:00Z,7718,153,0.019823788546255508,-2.6692734513978533,165,0.02137859549105986,-2.553047803245913,"rtp.pt,publico.pt,observador.pt,sicnoticias.pt,jornaldenegocios.pt,eco.sapo.pt,tek.sapo.pt,newsfarma.pt,ambienteonline.pt,iberianlawyer.com"
PT,Portugal,2023-09-01T00:00:00Z,2023-10-01T00:00:00Z,8347,146,0.017491314244638793,-1.5236063984480144,152,0.01821013537798011,-1.4552230161441058,"rtp.pt,publico.pt,observador.pt,sicnoticias.pt,jornaldenegocios.pt,eco.sapo.pt,tek.sapo.pt,newsfarma.pt,ambienteonline.pt,iberianlawyer.com"
PT,Portugal,2023-10-01T00:00:00Z,2023-11-01T00:00:00Z,8711,128,0.014694064975318563,-1.8056488507901798,136,0.015612444036275973,-1.777598077076655,"rtp.pt,publico.pt,observador.pt,sicnoticias.pt,jornaldenegocios.pt,eco.sapo.pt,tek.sapo.pt,newsfarma.pt,ambienteonline.pt,iberianlawyer.com"
PT,Portugal,2023-11-01T00:00:00Z,2023-12-01T00:00:00Z,8194,145,0.01769587503051013,-1.0238333353154287,149,0.018184037100317307,-1.0508244504839876,"rtp.pt,publico.pt,observador.pt,sicnoticias.pt,jornaldenegocios.pt,eco.sapo.pt,tek.sapo.pt,newsfarma.pt,ambienteonline.pt,iberianlawyer.com"
PT,Portugal,2023-12-01T00:00:00Z,2024-01-01T00:00:00Z,7667,151,0.019694795878440068,-1.312024242721613,160,0.02086865788443981,-1.2813067806052967,"rtp.pt,publico.pt,observador.pt,sicnoticias.pt,jornaldenegocios.pt,eco.sapo.pt,tek.sapo.pt,newsfarma.pt,ambienteonline.pt,iberianlawyer.com"
PT,Portugal,2024-01-01T00:00:00Z,2024-02-01T00:00:00Z,9037,213,0.023569768728560363,-1.4594864693647387,257,0.028438641141971893,-1.239123444465626,"rtp.pt,publico.pt,observador.pt,sicnoticias.pt,jornaldenegocios.pt,eco.sapo.pt,tek.sapo.pt,newsfarma.pt,ambienteonline.pt,iberianlawyer.com"
PT,Portugal,2024-02-01T00:00:00Z,2024-03-01T00:00:00Z,8404,218,0.025940028557829606,-1.4706350613388897,230,0.027367920038077104,-1.4673862249006744,"rtp.pt,publico.pt,observador.pt,sicnoticias.pt,jornaldenegocios.pt,eco.sapo.pt,tek.sapo.pt,newsfarma.pt,ambienteonline.pt,iberianlawyer.com"
PT,Portugal,2024-03-01T00:00:00Z,2024-04-01T00:00:00Z,8124,169,0.020802560315115706,-1.4899665184036976,173,0.021294928606597735,-1.4788567536457238,"rtp.pt,publico.pt,observador.pt,sicnoticias.pt,jornaldenegocios.pt,eco.sapo.pt,tek.sapo.pt,newsfarma.pt,ambienteonline.pt,iberianlawyer.com"
PT,Portugal,2024-04-01T00:00:00Z,2024-05-01T00:00:00Z,8434,199,0.023594972729428502,-1.6211616214729738,216,0.02561062366611335,-1.5792622300256018,"rtp.pt,publico.pt,observador.pt,sicnoticias.pt,jornaldenegocios.pt,eco.sapo.pt,tek.sapo.pt,newsfarma.pt,ambienteonline.pt,iberianlawyer.com"
PT,Portugal,2024-05-01T00:00:00Z,2024-06-01T00:00:00Z,10031,237,0.02362675705313528,-0.8856724215241968,251,0.025022430465556775,-0.832755726657567,"rtp.pt,publico.pt,observador.pt,sicnoticias.pt,jornaldenegocios.pt,eco.sapo.pt,tek.sapo.pt,newsfarma.pt,ambienteonline.pt,iberianlawyer.com"
PT,Portugal,2024-06-01T00:00:00Z,2024-07-01T00:00:00Z,9109,169,0.01855307937204962,-1.0653470210410276,174,0.0191019870457789,-1.0995268225525148,"rtp.pt,publico.pt,observador.pt,sicnoticias.pt,jornaldenegocios.pt,eco.sapo.pt,tek.sapo.pt,newsfarma.pt,ambienteonline.pt,iberianlawyer.com"
PT,Portugal,2024-07-01T00:00:00Z,2024-08-01T00:00:00Z,9292,196,0.021093413689195005,-1.0653646092741529,204,0.021954369349978475,-1.0828644539291221,"rtp.pt,publico.pt,observador.pt,sicnoticias.pt,jornaldenegocios.pt,eco.sapo.pt,tek.sapo.pt,newsfarma.pt,ambienteonline.pt,iberianlawyer.com"
PT,Portugal,2024-08-01T00:00:00Z,2024-09-01T00:00:00Z,8153,194,0.023794922114559056,-1.8311533480612556,202,0.02477615601619036,-1.7741720446023943,"rtp.pt,publico.pt,observador.pt,sicnoticias.pt,jornaldenegocios.pt,eco.sapo.pt,tek.sapo.pt,newsfarma.pt,ambienteonline.pt,iberianlawyer.com"
PT,Portugal,2024-09-01T00:00:00Z,2024-10-01T00:00:00Z,8427,205,0.024326569360389225,-1.2510771132110474,216,0.025631897472410112,-1.2792447512608802,"rtp.pt,publico.pt,observador.pt,sicnoticias.pt,jornaldenegocios.pt,eco.sapo.pt,tek.sapo.pt,newsfarma.pt,ambienteonline.pt,iberianlawyer.com"
PT,Portugal,2024-10-01T00:00:00Z,2024-11-01T00:00:00Z,9219,228,0.024731532704197853,-1.3633313424042464,246,0.026684022128213473,-1.3361774906806225,"rtp.pt,publico.pt,observador.pt,sicnoticias.pt,jornaldenegocios.pt,eco.sapo.pt,tek.sapo.pt,newsfarma.pt,ambienteonline.pt,iberianlawyer.com"
PT,Portugal,2024-11-01T00:00:00Z,2024-12-01T00:00:00Z,9326,256,0.027450139395239118,-0.8288115307266409,264,0.02830795625134034,-0.8164681766013733,"rtp.pt,publico.pt,observador.pt,sicnoticias.pt,jornaldenegocios.pt,eco.sapo.pt,tek.sapo.pt,newsfarma.pt,ambienteonline.pt,iberianlawyer.com"
PT,Portugal,2024-12-01T00:00:00Z,2025-01-01T00:00:00Z,8532,233,0.027308954524144398,-1.798732498375676,248,0.029067041725269572,-1.7370422221205803,"rtp.pt,publico.pt,observador.pt,sicnoticias.pt,jornaldenegocios.pt,eco.sapo.pt,tek.sapo.pt,newsfarma.pt,ambienteonline.pt,iberianlawyer.com"
PT,Portugal,2025-01-01T00:00:00Z,2025-02-01T00:00:00Z,9477,293,0.03091695684288277,-1.4508747599550438,300,0.03165558721114277,-1.4187939487704777,"rtp.pt,publico.pt,observador.pt,sicnoticias.pt,jornaldenegocios.pt,eco.sapo.pt,tek.sapo.pt,newsfarma.pt,ambienteonline.pt,iberianlawyer.com"
PT,Portugal,2025-02-01T00:00:00Z,2025-03-01T00:00:00Z,9359,295,0.03152046158777647,-1.2997854193279832,298,0.03184100865477081,-1.29328014434725,"rtp.pt,publico.pt,observador.pt,sicnoticias.pt,jornaldenegocios.pt,eco.sapo.pt,tek.sapo.pt,newsfarma.pt,ambienteonline.pt,iberianlawyer.com"
PT,Portugal,2025-03-01T00:00:00Z,2025-04-01T00:00:00Z,9672,249,0.02574441687344913,-0.9224864626655709,258,0.026674937965260544,-0.9429138920752301,"rtp.pt,publico.pt,observador.pt,sicnoticias.pt,jornaldenegocios.pt,eco.sapo.pt,tek.sapo.pt,newsfarma.pt,ambienteonline.pt,iberianlawyer.com"
PT,Portugal,2025-04-01T00:00:00Z,2025-05-01T00:00:00Z,8704,248,0.02849264705882353,-1.3837082965690737,257,0.029526654411764705,-1.3956449899838796,"rtp.pt,publico.pt,observador.pt,sicnoticias.pt,jornaldenegocios.pt,eco.sapo.pt,tek.sapo.pt,newsfarma.pt,ambienteonline.pt,iberianlawyer.com"
PT,Portugal,2025-05-01T00:00:00Z,2025-06-01T00:00:00Z,9107,266,0.029208301306687164,-1.4393527489823346,271,0.029757329526737673,-1.424238305230781,"rtp.pt,publico.pt,observador.pt,sicnoticias.pt,jornaldenegocios.pt,eco.sapo.pt,tek.sapo.pt,newsfarma.pt,ambienteonline.pt,iberianlawyer.com"
PT,Portugal,2025-06-01T00:00:00Z,2025-07-01T00:00:00Z,3259,89,0.027308990487879718,-2.004265021910652,92,0.02822951825713409,-2.012279355593637,"rtp.pt,publico.pt,observador.pt,sicnoticias.pt,jornaldenegocios.pt,eco.sapo.pt,tek.sapo.pt,newsfarma.pt,ambienteonline.pt,iberianlawyer.com"
PT,Portugal,2025-07-01T00:00:00Z,2025-08-01T00:00:00Z,8428,282,0.03345989558614143,-1.5092849641918127,296,0.03512102515424775,-1.4649990273323479,"rtp.pt,publico.pt,observador.pt,sicnoticias.pt,jornaldenegocios.pt,eco.sapo.pt,tek.sapo.pt,newsfarma.pt,ambienteonline.pt,iberianlawyer.com"
PT,Portugal,2025-08-01T00:00:00Z,2025-09-01T00:00:00Z,6824,249,0.03648886283704572,-1.7819877582372854,257,0.037661195779601406,-1.7251361969514476,"rtp.pt,publico.pt,observador.pt,sicnoticias.pt,jornaldenegocios.pt,eco.sapo.pt,tek.sapo.pt,newsfarma.pt,ambienteonline.pt,iberianlawyer.com"
PT,Portugal,2025-09-01T00:00:00Z,2025-10-01T00:00:00Z,8535,276,0.03233743409490334,-2.011459699406932,281,0.032923257176332744,-1.9777875509783367,"rtp.pt,publico.pt,observador.pt,sicnoticias.pt,jornaldenegocios.pt,eco.sapo.pt,tek.sapo.pt,newsfarma.pt,ambienteonline.pt,iberianlawyer.com"
PT,Portugal,2025-10-01T00:00:00Z,2025-11-01T00:00:00Z,10063,327,0.03249527973765279,-2.0307171562825928,341,0.033886514955778595,-1.956675305626221,"rtp.pt,publico.pt,observador.pt,sicnoticias.pt,jornaldenegocios.pt,eco.sapo.pt,tek.sapo.pt,newsfarma.pt,ambienteonline.pt,iberianlawyer.com"
PT,Portugal,2025-11-01T00:00:00Z,2025-12-01T00:00:00Z,9002,371,0.04121306376360809,-1.9368409272382934,393,0.043656965118862474,-1.9545014430620626,"rtp.pt,publico.pt,observador.pt,sicnoticias.pt,jornaldenegocios.pt,eco.sapo.pt,tek.sapo.pt,newsfarma.pt,ambienteonline.pt,iberianlawyer.com"
PT,Portugal,2025-12-01T00:00:00Z,2026-01-01T00:00:00Z,7606,310,0.0407572968708914,-2.016860425632135,325,0.04272942413883776,-2.004400144582671,"rtp.pt,publico.pt,observador.pt,sicnoticias.pt,jornaldenegocios.pt,eco.sapo.pt,tek.sapo.pt,newsfarma.pt,ambienteonline.pt,iberianlawyer.com"
PT,Portugal,2026-01-01T00:00:00Z,2026-02-01T00:00:00Z,8146,270,0.03314510189049841,-1.9410088592312478,295,0.03621409280628529,-1.8004935078224489,"rtp.pt,publico.pt,observador.pt,sicnoticias.pt,jornaldenegocios.pt,eco.sapo.pt,tek.sapo.pt,newsfarma.pt,ambienteonline.pt,iberianlawyer.com"
PT,Portugal,2026-02-01T00:00:00Z,2026-03-01T00:00:00Z,7348,339,0.04613500272182907,-1.9333671558353962,350,0.04763200870985302,-1.835776503825497,"rtp.pt,publico.pt,observador.pt,sicnoticias.pt,jornaldenegocios.pt,eco.sapo.pt,tek.sapo.pt,newsfarma.pt,ambienteonline.pt,iberianlawyer.com"
PT,Portugal,2026-03-01T00:00:00Z,2026-04-01T00:00:00Z,2914,111,0.03809196980096088,-2.028674989137264,113,0.03877831159917639,-2.0583215894122957,"rtp.pt,publico.pt,observador.pt,sicnoticias.pt,jornaldenegocios.pt,eco.sapo.pt,tek.sapo.pt,newsfarma.pt,ambienteonline.pt,iberianlawyer.com"
SI,Slovenia,2018-06-01T00:00:00Z,2018-07-01T00:00:00Z,6519,92,0.01411259395612824,-0.7333352478455604,93,0.014265991716520939,-0.7554045774499812,"24ur.com,rtvslo.si,delo.si,dnevnik.si,vecer.com,finance.si,monitor.si,medicina-danes.si,energetika.net,iusinfo.si"
SI,Slovenia,2018-07-01T00:00:00Z,2018-08-01T00:00:00Z,6260,64,0.010223642172523962,-0.5088951423823116,64,0.010223642172523962,-0.5088951423823116,"24ur.com,rtvslo.si,delo.si,dnevnik.si,vecer.com,finance.si,monitor.si,medicina-danes.si,energetika.net,iusinfo.si"
SI,Slovenia,2018-08-01T00:00:00Z,2018-09-01T00:00:00Z,5818,22,0.0037813681677552422,0.3414235000220832,22,0.0037813681677552422,0.3414235000220832,"24ur.com,rtvslo.si,delo.si,dnevnik.si,vecer.com,finance.si,monitor.si,medicina-danes.si,energetika.net,iusinfo.si"
SI,Slovenia,2018-09-01T00:00:00Z,2018-10-01T00:00:00Z,6938,76,0.010954165465552033,-0.44089204885982536,80,0.01153070049005477,-0.36324133985531326,"24ur.com,rtvslo.si,delo.si,dnevnik.si,vecer.com,finance.si,monitor.si,medicina-danes.si,energetika.net,iusinfo.si"
SI,Slovenia,2018-10-01T00:00:00Z,2018-11-01T00:00:00Z,7938,59,0.007432602670697909,-0.531946033456668,59,0.007432602670697909,-0.531946033456668,"24ur.com,rtvslo.si,delo.si,dnevnik.si,vecer.com,finance.si,monitor.si,medicina-danes.si,energetika.net,iusinfo.si"
SI,Slovenia,2018-11-01T00:00:00Z,2018-12-01T00:00:00Z,8195,43,0.005247101891397194,0.32130267279219316,45,0.005491153142159854,0.3703812836327118,"24ur.com,rtvslo.si,delo.si,dnevnik.si,vecer.com,finance.si,monitor.si,medicina-danes.si,energetika.net,iusinfo.si"
SI,Slovenia,2018-12-01T00:00:00Z,2019-01-01T00:00:00Z,7338,22,0.002998092123194331,0.5705047888875607,22,0.002998092123194331,0.5705047888875607,"24ur.com,rtvslo.si,delo.si,dnevnik.si,vecer.com,finance.si,monitor.si,medicina-danes.si,energetika.net,iusinfo.si"
SI,Slovenia,2019-01-01T00:00:00Z,2019-02-01T00:00:00Z,7605,55,0.007232084155161078,-1.684553765554825,55,0.007232084155161078,-1.684553765554825,"24ur.com,rtvslo.si,delo.si,dnevnik.si,vecer.com,finance.si,monitor.si,medicina-danes.si,energetika.net,iusinfo.si"
SI,Slovenia,2019-02-01T00:00:00Z,2019-03-01T00:00:00Z,7145,39,0.005458362491252624,-0.5223492059569597,39,0.005458362491252624,-0.5223492059569597,"24ur.com,rtvslo.si,delo.si,dnevnik.si,vecer.com,finance.si,monitor.si,medicina-danes.si,energetika.net,iusinfo.si"
SI,Slovenia,2019-03-01T00:00:00Z,2019-04-01T00:00:00Z,8193,84,0.010252654705236177,-1.321220808794695,85,0.01037471011839375,-1.2687474645392893,"24ur.com,rtvslo.si,delo.si,dnevnik.si,vecer.com,finance.si,monitor.si,medicina-danes.si,energetika.net,iusinfo.si"
SI,Slovenia,2019-04-01T00:00:00Z,2019-05-01T00:00:00Z,7867,87,0.011058853438413627,0.09421009997185104,87,0.011058853438413627,0.09421009997185104,"24ur.com,rtvslo.si,delo.si,dnevnik.si,vecer.com,finance.si,monitor.si,medicina-danes.si,energetika.net,iusinfo.si"
SI,Slovenia,2019-05-01T00:00:00Z,2019-06-01T00:00:00Z,8375,84,0.010029850746268656,-0.09148952750782545,85,0.010149253731343283,-0.08384988535140403,"24ur.com,rtvslo.si,delo.si,dnevnik.si,vecer.com,finance.si,monitor.si,medicina-danes.si,energetika.net,iusinfo.si"
SI,Slovenia,2019-06-01T00:00:00Z,2019-07-01T00:00:00Z,8175,80,0.009785932721712538,0.24210372159088314,80,0.009785932721712538,0.24210372159088314,"24ur.com,rtvslo.si,delo.si,dnevnik.si,vecer.com,finance.si,monitor.si,medicina-danes.si,energetika.net,iusinfo.si"
SI,Slovenia,2019-07-01T00:00:00Z,2019-08-01T00:00:00Z,8427,69,0.008187967248131008,0.7038081605394302,69,0.008187967248131008,0.7038081605394302,"24ur.com,rtvslo.si,delo.si,dnevnik.si,vecer.com,finance.si,monitor.si,medicina-danes.si,energetika.net,iusinfo.si"
SI,Slovenia,2019-08-01T00:00:00Z,2019-09-01T00:00:00Z,7237,37,0.005112615724747823,-0.8195750232567672,38,0.005250794528119386,-0.7468589806264357,"24ur.com,rtvslo.si,delo.si,dnevnik.si,vecer.com,finance.si,monitor.si,medicina-danes.si,energetika.net,iusinfo.si"
SI,Slovenia,2019-09-01T00:00:00Z,2019-10-01T00:00:00Z,8349,53,0.006348065636603186,0.3293904921534943,53,0.006348065636603186,0.3293904921534943,"24ur.com,rtvslo.si,delo.si,dnevnik.si,vecer.com,finance.si,monitor.si,medicina-danes.si,energetika.net,iusinfo.si"
SI,Slovenia,2019-10-01T00:00:00Z,2019-11-01T00:00:00Z,8449,58,0.0068647177180731446,-0.7582446091474782,58,0.0068647177180731446,-0.7582446091474782,"24ur.com,rtvslo.si,delo.si,dnevnik.si,vecer.com,finance.si,monitor.si,medicina-danes.si,energetika.net,iusinfo.si"
SI,Slovenia,2019-11-01T00:00:00Z,2019-12-01T00:00:00Z,8461,34,0.004018437536934169,-0.47680586740701375,36,0.004254816215577355,-0.4164727715363785,"24ur.com,rtvslo.si,delo.si,dnevnik.si,vecer.com,finance.si,monitor.si,medicina-danes.si,energetika.net,iusinfo.si"
SI,Slovenia,2019-12-01T00:00:00Z,2020-01-01T00:00:00Z,7949,18,0.0022644357780852937,0.7178354647174918,21,0.0026418417410995093,0.6414008501935086,"24ur.com,rtvslo.si,delo.si,dnevnik.si,vecer.com,finance.si,monitor.si,medicina-danes.si,energetika.net,iusinfo.si"
SI,Slovenia,2020-01-01T00:00:00Z,2020-02-01T00:00:00Z,8156,31,0.0038008827856792545,0.06328201553983435,34,0.004168710152035311,0.0510616447600452,"24ur.com,rtvslo.si,delo.si,dnevnik.si,vecer.com,finance.si,monitor.si,medicina-danes.si,energetika.net,iusinfo.si"
SI,Slovenia,2020-02-01T00:00:00Z,2020-03-01T00:00:00Z,7460,28,0.0037533512064343165,-1.7100712226690717,28,0.0037533512064343165,-1.7100712226690717,"24ur.com,rtvslo.si,delo.si,dnevnik.si,vecer.com,finance.si,monitor.si,medicina-danes.si,energetika.net,iusinfo.si"
SI,Slovenia,2020-03-01T00:00:00Z,2020-04-01T00:00:00Z,8624,18,0.0020871985157699443,-0.5246842660975203,18,0.0020871985157699443,-0.5246842660975203,"24ur.com,rtvslo.si,delo.si,dnevnik.si,vecer.com,finance.si,monitor.si,medicina-danes.si,energetika.net,iusinfo.si"
SI,Slovenia,2020-04-01T00:00:00Z,2020-05-01T00:00:00Z,8322,9,0.0010814708002883922,-1.7214823371583123,9,0.0010814708002883922,-1.7214823371583123,"24ur.com,rtvslo.si,delo.si,dnevnik.si,vecer.com,finance.si,monitor.si,medicina-danes.si,energetika.net,iusinfo.si"
SI,Slovenia,2020-05-01T00:00:00Z,2020-06-01T00:00:00Z,8052,9,0.0011177347242921013,-1.2606958230647591,12,0.0014903129657228018,-1.218181694161068,"24ur.com,rtvslo.si,delo.si,dnevnik.si,vecer.com,finance.si,monitor.si,medicina-danes.si,energetika.net,iusinfo.si"
SI,Slovenia,2020-06-01T00:00:00Z,2020-07-01T00:00:00Z,7630,26,0.0034076015727391874,-0.862100050014016,26,0.0034076015727391874,-0.862100050014016,"24ur.com,rtvslo.si,delo.si,dnevnik.si,vecer.com,finance.si,monitor.si,medicina-danes.si,energetika.net,iusinfo.si"
SI,Slovenia,2020-07-01T00:00:00Z,2020-08-01T00:00:00Z,7370,15,0.0020352781546811396,0.7183729845456184,15,0.0020352781546811396,0.7183729845456184,"24ur.com,rtvslo.si,delo.si,dnevnik.si,vecer.com,finance.si,monitor.si,medicina-danes.si,energetika.net,iusinfo.si"
SI,Slovenia,2020-08-01T00:00:00Z,2020-09-01T00:00:00Z,6655,13,0.0019534184823441023,-1.1433434328969272,14,0.0021036814425244178,-1.2406006140013324,"24ur.com,rtvslo.si,delo.si,dnevnik.si,vecer.com,finance.si,monitor.si,medicina-danes.si,energetika.net,iusinfo.si"
SI,Slovenia,2020-09-01T00:00:00Z,2020-10-01T00:00:00Z,5944,20,0.0033647375504710633,1.3032333927871795,20,0.0033647375504710633,1.3032333927871795,"24ur.com,rtvslo.si,delo.si,dnevnik.si,vecer.com,finance.si,monitor.si,medicina-danes.si,energetika.net,iusinfo.si"
SI,Slovenia,2020-10-01T00:00:00Z,2020-11-01T00:00:00Z,3870,10,0.002583979328165375,-0.040761768006678134,10,0.002583979328165375,-0.040761768006678134,"24ur.com,rtvslo.si,delo.si,dnevnik.si,vecer.com,finance.si,monitor.si,medicina-danes.si,energetika.net,iusinfo.si"
SI,Slovenia,2020-11-01T00:00:00Z,2020-12-01T00:00:00Z,3919,2,0.0005103342689461597,-1.782086702149272,2,0.0005103342689461597,-1.782086702149272,"24ur.com,rtvslo.si,delo.si,dnevnik.si,vecer.com,finance.si,monitor.si,medicina-danes.si,energetika.net,iusinfo.si"
SI,Slovenia,2020-12-01T00:00:00Z,2021-01-01T00:00:00Z,6032,11,0.001823607427055703,-1.3905327685399025,11,0.001823607427055703,-1.3905327685399025,"24ur.com,rtvslo.si,delo.si,dnevnik.si,vecer.com,finance.si,monitor.si,medicina-danes.si,energetika.net,iusinfo.si"
SI,Slovenia,2021-01-01T00:00:00Z,2021-02-01T00:00:00Z,5785,2,0.00034572169403630077,-5.60304689537006,3,0.0005185825410544512,-4.4310167708264165,"24ur.com,rtvslo.si,delo.si,dnevnik.si,vecer.com,finance.si,monitor.si,medicina-danes.si,energetika.net,iusinfo.si"
SI,Slovenia,2021-02-01T00:00:00Z,2021-03-01T00:00:00Z,5200,13,0.0025,-0.317942456814189,17,0.003269230769230769,-0.20544260755505572,"24ur.com,rtvslo.si,delo.si,dnevnik.si,vecer.com,finance.si,monitor.si,medicina-danes.si,energetika.net,iusinfo.si"
SI,Slovenia,2021-03-01T00:00:00Z,2021-04-01T00:00:00Z,6228,18,0.002890173410404624,-0.5048917745614083,19,0.0030507385998715477,-0.4565699369268148,"24ur.com,rtvslo.si,delo.si,dnevnik.si,vecer.com,finance.si,monitor.si,medicina-danes.si,energetika.net,iusinfo.si"
SI,Slovenia,2021-04-01T00:00:00Z,2021-05-01T00:00:00Z,5618,13,0.002313990744037024,-0.16272985934320594,13,0.002313990744037024,-0.16272985934320594,"24ur.com,rtvslo.si,delo.si,dnevnik.si,vecer.com,finance.si,monitor.si,medicina-danes.si,energetika.net,iusinfo.si"
SI,Slovenia,2021-05-01T00:00:00Z,2021-06-01T00:00:00Z,6430,25,0.0038880248833592537,-1.851821304492435,29,0.004510108864696734,-2.1512923444922154,"24ur.com,rtvslo.si,delo.si,dnevnik.si,vecer.com,finance.si,monitor.si,medicina-danes.si,energetika.net,iusinfo.si"
SI,Slovenia,2021-06-01T00:00:00Z,2021-07-01T00:00:00Z,7717,8,0.0010366722819748608,0.8570817864507236,8,0.0010366722819748608,0.8570817864507236,"24ur.com,rtvslo.si,delo.si,dnevnik.si,vecer.com,finance.si,monitor.si,medicina-danes.si,energetika.net,iusinfo.si"
SI,Slovenia,2021-07-01T00:00:00Z,2021-08-01T00:00:00Z,7715,16,0.0020738820479585226,-1.1478216285853053,16,0.0020738820479585226,-1.1478216285853053,"24ur.com,rtvslo.si,delo.si,dnevnik.si,vecer.com,finance.si,monitor.si,medicina-danes.si,energetika.net,iusinfo.si"
SI,Slovenia,2021-08-01T00:00:00Z,2021-09-01T00:00:00Z,6432,11,0.0017101990049751244,-2.6677612332166674,13,0.002021144278606965,-2.476349613063867,"24ur.com,rtvslo.si,delo.si,dnevnik.si,vecer.com,finance.si,monitor.si,medicina-danes.si,energetika.net,iusinfo.si"
SI,Slovenia,2021-09-01T00:00:00Z,2021-10-01T00:00:00Z,7896,21,0.0026595744680851063,-3.6027321726000947,22,0.002786220871327254,-3.312228907006047,"24ur.com,rtvslo.si,delo.si,dnevnik.si,vecer.com,finance.si,monitor.si,medicina-danes.si,energetika.net,iusinfo.si"
SI,Slovenia,2021-10-01T00:00:00Z,2021-11-01T00:00:00Z,8669,34,0.003922020994347675,-1.7856167242400496,37,0.004268081670319529,-1.7765757453650315,"24ur.com,rtvslo.si,delo.si,dnevnik.si,vecer.com,finance.si,monitor.si,medicina-danes.si,energetika.net,iusinfo.si"
SI,Slovenia,2021-11-01T00:00:00Z,2021-12-01T00:00:00Z,8466,17,0.002008032128514056,-2.071888821104409,20,0.0023623907394283014,-1.7115383983716481,"24ur.com,rtvslo.si,delo.si,dnevnik.si,vecer.com,finance.si,monitor.si,medicina-danes.si,energetika.net,iusinfo.si"
SI,Slovenia,2021-12-01T00:00:00Z,2022-01-01T00:00:00Z,8563,12,0.0014013780217213593,-2.6428266149558812,12,0.0014013780217213593,-2.6428266149558812,"24ur.com,rtvslo.si,delo.si,dnevnik.si,vecer.com,finance.si,monitor.si,medicina-danes.si,energetika.net,iusinfo.si"
SI,Slovenia,2022-01-01T00:00:00Z,2022-02-01T00:00:00Z,7198,16,0.0022228396776882466,-2.4345038769550515,21,0.002917477076965824,-1.8900221541263107,"24ur.com,rtvslo.si,delo.si,dnevnik.si,vecer.com,finance.si,monitor.si,medicina-danes.si,energetika.net,iusinfo.si"
SI,Slovenia,2022-02-01T00:00:00Z,2022-03-01T00:00:00Z,5941,9,0.0015148964820737249,0.8892373655343995,11,0.001851540144756775,0.7131417231393526,"24ur.com,rtvslo.si,delo.si,dnevnik.si,vecer.com,finance.si,monitor.si,medicina-danes.si,energetika.net,iusinfo.si"
SI,Slovenia,2022-03-01T00:00:00Z,2022-04-01T00:00:00Z,6497,13,0.0020009235031553025,-0.05166586971617858,13,0.0020009235031553025,-0.05166586971617858,"24ur.com,rtvslo.si,delo.si,dnevnik.si,vecer.com,finance.si,monitor.si,medicina-danes.si,energetika.net,iusinfo.si"
SI,Slovenia,2022-04-01T00:00:00Z,2022-05-01T00:00:00Z,6328,11,0.001738305941845765,-1.4078207658296087,11,0.001738305941845765,-1.4078207658296087,"24ur.com,rtvslo.si,delo.si,dnevnik.si,vecer.com,finance.si,monitor.si,medicina-danes.si,energetika.net,iusinfo.si"
SI,Slovenia,2022-05-01T00:00:00Z,2022-06-01T00:00:00Z,6244,9,0.0014413837283792441,2.115103187801401,12,0.0019218449711723255,1.4819898657918202,"24ur.com,rtvslo.si,delo.si,dnevnik.si,vecer.com,finance.si,monitor.si,medicina-danes.si,energetika.net,iusinfo.si"
SI,Slovenia,2022-06-01T00:00:00Z,2022-07-01T00:00:00Z,6187,6,0.0009697753353806369,-2.3934425349357884,6,0.0009697753353806369,-2.3934425349357884,"24ur.com,rtvslo.si,delo.si,dnevnik.si,vecer.com,finance.si,monitor.si,medicina-danes.si,energetika.net,iusinfo.si"
SI,Slovenia,2022-07-01T00:00:00Z,2022-08-01T00:00:00Z,6327,11,0.001738580685949107,1.4952892577839123,11,0.001738580685949107,1.4952892577839123,"24ur.com,rtvslo.si,delo.si,dnevnik.si,vecer.com,finance.si,monitor.si,medicina-danes.si,energetika.net,iusinfo.si"
SI,Slovenia,2022-08-01T00:00:00Z,2022-09-01T00:00:00Z,4601,1,0.00021734405564007825,-1.16666666666667,13,0.002825472723321017,-2.351919710686034,"24ur.com,rtvslo.si,delo.si,dnevnik.si,vecer.com,finance.si,monitor.si,medicina-danes.si,energetika.net,iusinfo.si"
SI,Slovenia,2022-09-01T00:00:00Z,2022-10-01T00:00:00Z,3439,1,0.0002907822041291073,0.719424460431655,1,0.0002907822041291073,0.719424460431655,"24ur.com,rtvslo.si,delo.si,dnevnik.si,vecer.com,finance.si,monitor.si,medicina-danes.si,energetika.net,iusinfo.si"
SI,Slovenia,2022-10-01T00:00:00Z,2022-11-01T00:00:00Z,3744,4,0.0010683760683760685,3.402728546030587,4,0.0010683760683760685,3.402728546030587,"24ur.com,rtvslo.si,delo.si,dnevnik.si,vecer.com,finance.si,monitor.si,medicina-danes.si,energetika.net,iusinfo.si"
SI,Slovenia,2022-11-01T00:00:00Z,2022-12-01T00:00:00Z,3465,5,0.001443001443001443,3.0905002072019343,5,0.001443001443001443,3.0905002072019343,"24ur.com,rtvslo.si,delo.si,dnevnik.si,vecer.com,finance.si,monitor.si,medicina-danes.si,energetika.net,iusinfo.si"
SI,Slovenia,2022-12-01T00:00:00Z,2023-01-01T00:00:00Z,3100,6,0.001935483870967742,2.128034269025953,6,0.001935483870967742,2.128034269025953,"24ur.com,rtvslo.si,delo.si,dnevnik.si,vecer.com,finance.si,monitor.si,medicina-danes.si,energetika.net,iusinfo.si"
SI,Slovenia,2023-01-01T00:00:00Z,2023-02-01T00:00:00Z,3238,7,0.0021618282890673254,-4.037140231203622,7,0.0021618282890673254,-4.037140231203622,"24ur.com,rtvslo.si,delo.si,dnevnik.si,vecer.com,finance.si,monitor.si,medicina-danes.si,energetika.net,iusinfo.si"
SI,Slovenia,2023-02-01T00:00:00Z,2023-03-01T00:00:00Z,2931,9,0.0030706243602865915,2.7436726825976816,9,0.0030706243602865915,2.7436726825976816,"24ur.com,rtvslo.si,delo.si,dnevnik.si,vecer.com,finance.si,monitor.si,medicina-danes.si,energetika.net,iusinfo.si"
SI,Slovenia,2023-03-01T00:00:00Z,2023-04-01T00:00:00Z,4280,7,0.0016355140186915889,1.8082375540920659,9,0.002102803738317757,1.7567351935822197,"24ur.com,rtvslo.si,delo.si,dnevnik.si,vecer.com,finance.si,monitor.si,medicina-danes.si,energetika.net,iusinfo.si"
SI,Slovenia,2023-04-01T00:00:00Z,2023-05-01T00:00:00Z,7337,7,0.000954068420335287,0.03818196430976349,17,0.002317023306528554,-1.1344788918535136,"24ur.com,rtvslo.si,delo.si,dnevnik.si,vecer.com,finance.si,monitor.si,medicina-danes.si,energetika.net,iusinfo.si"
SI,Slovenia,2023-05-01T00:00:00Z,2023-06-01T00:00:00Z,7950,17,0.0021383647798742136,1.0283335550914194,18,0.0022641509433962265,0.827525752222356,"24ur.com,rtvslo.si,delo.si,dnevnik.si,vecer.com,finance.si,monitor.si,medicina-danes.si,energetika.net,iusinfo.si"
SI,Slovenia,2023-06-01T00:00:00Z,2023-07-01T00:00:00Z,7486,13,0.0017365749398877905,0.950094943118654,15,0.002003740315255143,0.2781334571753255,"24ur.com,rtvslo.si,delo.si,dnevnik.si,vecer.com,finance.si,monitor.si,medicina-danes.si,energetika.net,iusinfo.si"
SI,Slovenia,2023-07-01T00:00:00Z,2023-08-01T00:00:00Z,7243,30,0.004141930139444981,-2.3047384439296392,32,0.00441805881540798,-2.051807273762434,"24ur.com,rtvslo.si,delo.si,dnevnik.si,vecer.com,finance.si,monitor.si,medicina-danes.si,energetika.net,iusinfo.si"
SI,Slovenia,2023-08-01T00:00:00Z,2023-09-01T00:00:00Z,7577,48,0.006334961066385113,-2.10979649801484,50,0.006598917777484493,-2.1735527862423942,"24ur.com,rtvslo.si,delo.si,dnevnik.si,vecer.com,finance.si,monitor.si,medicina-danes.si,energetika.net,iusinfo.si"
SI,Slovenia,2023-09-01T00:00:00Z,2023-10-01T00:00:00Z,7448,31,0.00416219119226638,-0.9807533171699294,31,0.00416219119226638,-0.9807533171699294,"24ur.com,rtvslo.si,delo.si,dnevnik.si,vecer.com,finance.si,monitor.si,medicina-danes.si,energetika.net,iusinfo.si"
SI,Slovenia,2023-10-01T00:00:00Z,2023-11-01T00:00:00Z,7591,34,0.004478988275589514,-0.5254596324343641,36,0.004742458174153603,-0.5944716955033866,"24ur.com,rtvslo.si,delo.si,dnevnik.si,vecer.com,finance.si,monitor.si,medicina-danes.si,energetika.net,iusinfo.si"
SI,Slovenia,2023-11-01T00:00:00Z,2023-12-01T00:00:00Z,7770,15,0.0019305019305019305,1.06778241060562,15,0.0019305019305019305,1.06778241060562,"24ur.com,rtvslo.si,delo.si,dnevnik.si,vecer.com,finance.si,monitor.si,medicina-danes.si,energetika.net,iusinfo.si"
SI,Slovenia,2023-12-01T00:00:00Z,2024-01-01T00:00:00Z,7683,22,0.0028634647923988024,-0.3017346450313025,23,0.0029936222829623845,-0.351627719695978,"24ur.com,rtvslo.si,delo.si,dnevnik.si,vecer.com,finance.si,monitor.si,medicina-danes.si,energetika.net,iusinfo.si"
SI,Slovenia,2024-01-01T00:00:00Z,2024-02-01T00:00:00Z,8153,8,0.0009812339016313013,-0.8678327787619952,17,0.0020851220409665154,0.3367958359169229,"24ur.com,rtvslo.si,delo.si,dnevnik.si,vecer.com,finance.si,monitor.si,medicina-danes.si,energetika.net,iusinfo.si"
SI,Slovenia,2024-02-01T00:00:00Z,2024-03-01T00:00:00Z,7450,18,0.0024161073825503354,0.03951310609640607,18,0.0024161073825503354,0.03951310609640607,"24ur.com,rtvslo.si,delo.si,dnevnik.si,vecer.com,finance.si,monitor.si,medicina-danes.si,energetika.net,iusinfo.si"
SI,Slovenia,2024-03-01T00:00:00Z,2024-04-01T00:00:00Z,8199,14,0.0017075253079643859,0.9021767085789486,14,0.0017075253079643859,0.9021767085789486,"24ur.com,rtvslo.si,delo.si,dnevnik.si,vecer.com,finance.si,monitor.si,medicina-danes.si,energetika.net,iusinfo.si"
SI,Slovenia,2024-04-01T00:00:00Z,2024-05-01T00:00:00Z,7828,19,0.0024271844660194173,-0.1473278179969496,25,0.0031936637710781807,-1.011070013463637,"24ur.com,rtvslo.si,delo.si,dnevnik.si,vecer.com,finance.si,monitor.si,medicina-danes.si,energetika.net,iusinfo.si"
SI,Slovenia,2024-05-01T00:00:00Z,2024-06-01T00:00:00Z,8110,120,0.014796547472256474,-1.6201540357017294,123,0.015166461159062885,-1.6156725626256125,"24ur.com,rtvslo.si,delo.si,dnevnik.si,vecer.com,finance.si,monitor.si,medicina-danes.si,energetika.net,iusinfo.si"
SI,Slovenia,2024-06-01T00:00:00Z,2024-07-01T00:00:00Z,7856,52,0.006619144602851324,-0.9045256805864847,52,0.006619144602851324,-0.9045256805864847,"24ur.com,rtvslo.si,delo.si,dnevnik.si,vecer.com,finance.si,monitor.si,medicina-danes.si,energetika.net,iusinfo.si"
SI,Slovenia,2024-07-01T00:00:00Z,2024-08-01T00:00:00Z,7442,26,0.0034936844934157483,-0.7040925130015308,28,0.0037624294544477293,-0.5967486160208189,"24ur.com,rtvslo.si,delo.si,dnevnik.si,vecer.com,finance.si,monitor.si,medicina-danes.si,energetika.net,iusinfo.si"
SI,Slovenia,2024-08-01T00:00:00Z,2024-09-01T00:00:00Z,5749,17,0.0029570360062619585,-0.879151800992966,18,0.0031309793007479564,-0.9910079222417494,"24ur.com,rtvslo.si,delo.si,dnevnik.si,vecer.com,finance.si,monitor.si,medicina-danes.si,energetika.net,iusinfo.si"
SI,Slovenia,2024-09-01T00:00:00Z,2024-10-01T00:00:00Z,6412,8,0.0012476606363069245,0.16407452649666504,8,0.0012476606363069245,0.16407452649666504,"24ur.com,rtvslo.si,delo.si,dnevnik.si,vecer.com,finance.si,monitor.si,medicina-danes.si,energetika.net,iusinfo.si"
SI,Slovenia,2024-10-01T00:00:00Z,2024-11-01T00:00:00Z,6619,15,0.002266203353980964,-0.6628625544007913,18,0.0027194440247771566,-0.618509980679923,"24ur.com,rtvslo.si,delo.si,dnevnik.si,vecer.com,finance.si,monitor.si,medicina-danes.si,energetika.net,iusinfo.si"
SI,Slovenia,2024-11-01T00:00:00Z,2024-12-01T00:00:00Z,6543,13,0.0019868561821794286,1.596115652093514,15,0.0022925263640531865,0.6006307698996336,"24ur.com,rtvslo.si,delo.si,dnevnik.si,vecer.com,finance.si,monitor.si,medicina-danes.si,energetika.net,iusinfo.si"
SI,Slovenia,2024-12-01T00:00:00Z,2025-01-01T00:00:00Z,6142,9,0.001465320742429176,0.6259939429250762,11,0.0017909475740801042,0.8028385816263923,"24ur.com,rtvslo.si,delo.si,dnevnik.si,vecer.com,finance.si,monitor.si,medicina-danes.si,energetika.net,iusinfo.si"
SI,Slovenia,2025-01-01T00:00:00Z,2025-02-01T00:00:00Z,6526,10,0.0015323322096230463,0.9074241173696459,14,0.0021452650934722646,0.9338387965299679,"24ur.com,rtvslo.si,delo.si,dnevnik.si,vecer.com,finance.si,monitor.si,medicina-danes.si,energetika.net,iusinfo.si"
SI,Slovenia,2025-02-01T00:00:00Z,2025-03-01T00:00:00Z,5721,12,0.002097535395909806,0.903492233628528,12,0.002097535395909806,0.903492233628528,"24ur.com,rtvslo.si,delo.si,dnevnik.si,vecer.com,finance.si,monitor.si,medicina-danes.si,energetika.net,iusinfo.si"
SI,Slovenia,2025-03-01T00:00:00Z,2025-04-01T00:00:00Z,6553,14,0.0021364260643979855,0.11107346852526723,14,0.0021364260643979855,0.11107346852526723,"24ur.com,rtvslo.si,delo.si,dnevnik.si,vecer.com,finance.si,monitor.si,medicina-danes.si,energetika.net,iusinfo.si"
SI,Slovenia,2025-04-01T00:00:00Z,2025-05-01T00:00:00Z,6602,20,0.003029385034837928,0.30989043408323286,25,0.0037867312935474097,-0.8623881819574505,"24ur.com,rtvslo.si,delo.si,dnevnik.si,vecer.com,finance.si,monitor.si,medicina-danes.si,energetika.net,iusinfo.si"
SI,Slovenia,2025-05-01T00:00:00Z,2025-06-01T00:00:00Z,6541,17,0.0025989909799724814,0.12703217622661578,18,0.0027518728023238036,-0.12026540713732514,"24ur.com,rtvslo.si,delo.si,dnevnik.si,vecer.com,finance.si,monitor.si,medicina-danes.si,energetika.net,iusinfo.si"
SI,Slovenia,2025-06-01T00:00:00Z,2025-07-01T00:00:00Z,2990,10,0.0033444816053511705,-3.9542006568351176,10,0.0033444816053511705,-3.9542006568351176,"24ur.com,rtvslo.si,delo.si,dnevnik.si,vecer.com,finance.si,monitor.si,medicina-danes.si,energetika.net,iusinfo.si"
SI,Slovenia,2025-07-01T00:00:00Z,2025-08-01T00:00:00Z,6163,20,0.0032451728054518902,-0.8428997921139271,20,0.0032451728054518902,-0.8428997921139271,"24ur.com,rtvslo.si,delo.si,dnevnik.si,vecer.com,finance.si,monitor.si,medicina-danes.si,energetika.net,iusinfo.si"
SI,Slovenia,2025-08-01T00:00:00Z,2025-09-01T00:00:00Z,6086,5,0.000821557673348669,-0.29844522283089003,5,0.000821557673348669,-0.29844522283089003,"24ur.com,rtvslo.si,delo.si,dnevnik.si,vecer.com,finance.si,monitor.si,medicina-danes.si,energetika.net,iusinfo.si"
SI,Slovenia,2025-09-01T00:00:00Z,2025-10-01T00:00:00Z,6523,19,0.002912770197761766,0.7343183795272094,23,0.0035259849762379275,0.3446254962392399,"24ur.com,rtvslo.si,delo.si,dnevnik.si,vecer.com,finance.si,monitor.si,medicina-danes.si,energetika.net,iusinfo.si"
SI,Slovenia,2025-10-01T00:00:00Z,2025-11-01T00:00:00Z,8492,10,0.0011775788977861517,-2.79495160024577,11,0.0012953367875647669,-2.4387200451672477,"24ur.com,rtvslo.si,delo.si,dnevnik.si,vecer.com,finance.si,monitor.si,medicina-danes.si,energetika.net,iusinfo.si"
SI,Slovenia,2025-11-01T00:00:00Z,2025-12-01T00:00:00Z,8359,19,0.002272999162579256,3.1998236588253994,21,0.002512262232324441,2.411447596080124,"24ur.com,rtvslo.si,delo.si,dnevnik.si,vecer.com,finance.si,monitor.si,medicina-danes.si,energetika.net,iusinfo.si"
SI,Slovenia,2025-12-01T00:00:00Z,2026-01-01T00:00:00Z,8773,15,0.0017097914054485352,0.2769382728068732,24,0.0027356662487176566,-1.726664481197253,"24ur.com,rtvslo.si,delo.si,dnevnik.si,vecer.com,finance.si,monitor.si,medicina-danes.si,energetika.net,iusinfo.si"
SI,Slovenia,2026-01-01T00:00:00Z,2026-02-01T00:00:00Z,9382,17,0.0018119803879769773,0.2149484311384664,19,0.0020251545512683863,0.2701221015527235,"24ur.com,rtvslo.si,delo.si,dnevnik.si,vecer.com,finance.si,monitor.si,medicina-danes.si,energetika.net,iusinfo.si"
SI,Slovenia,2026-02-01T00:00:00Z,2026-03-01T00:00:00Z,9348,15,0.0016046213093709885,-1.4718365132267992,19,0.0020325203252032522,-1.061150428592093,"24ur.com,rtvslo.si,delo.si,dnevnik.si,vecer.com,finance.si,monitor.si,medicina-danes.si,energetika.net,iusinfo.si"
SI,Slovenia,2026-03-01T00:00:00Z,2026-04-01T00:00:00Z,3868,9,0.002326783867631851,0.06195872817701771,11,0.002843846949327818,-0.53341138545288,"24ur.com,rtvslo.si,delo.si,dnevnik.si,vecer.com,finance.si,monitor.si,medicina-danes.si,energetika.net,iusinfo.si"
UK,United Kingdom,2018-06-01T00:00:00Z,2018-07-01T00:00:00Z,58746,916,0.015592550982194532,-0.08350099343481997,947,0.016120246484867054,-0.08682666302474962,"bbc.co.uk,theguardian.com,telegraph.co.uk,independent.co.uk,dailymail.co.uk,ft.com,theregister.com,hsj.co.uk,businessgreen.com,lawgazette.co.uk"
UK,United Kingdom,2018-07-01T00:00:00Z,2018-08-01T00:00:00Z,57871,883,0.015258073992154965,-0.7435339137069051,915,0.01581102797601562,-0.7451970929690589,"bbc.co.uk,theguardian.com,telegraph.co.uk,independent.co.uk,dailymail.co.uk,ft.com,theregister.com,hsj.co.uk,businessgreen.com,lawgazette.co.uk"
UK,United Kingdom,2018-08-01T00:00:00Z,2018-09-01T00:00:00Z,55863,773,0.013837423697259366,-1.2896797782410947,814,0.0145713620822369,-1.317176660864387,"bbc.co.uk,theguardian.com,telegraph.co.uk,independent.co.uk,dailymail.co.uk,ft.com,theregister.com,hsj.co.uk,businessgreen.com,lawgazette.co.uk"
UK,United Kingdom,2018-09-01T00:00:00Z,2018-10-01T00:00:00Z,54759,877,0.01601563213353056,-0.9010752806259575,922,0.016837414854179222,-0.9515274688238888,"bbc.co.uk,theguardian.com,telegraph.co.uk,independent.co.uk,dailymail.co.uk,ft.com,theregister.com,hsj.co.uk,businessgreen.com,lawgazette.co.uk"
UK,United Kingdom,2018-10-01T00:00:00Z,2018-11-01T00:00:00Z,55402,1062,0.01916898306920328,-0.8490467677467406,1107,0.0199812281145085,-0.872295413900212,"bbc.co.uk,theguardian.com,telegraph.co.uk,independent.co.uk,dailymail.co.uk,ft.com,theregister.com,hsj.co.uk,businessgreen.com,lawgazette.co.uk"
UK,United Kingdom,2018-11-01T00:00:00Z,2018-12-01T00:00:00Z,50297,1477,0.029365568522973538,-1.2251128397745643,1505,0.029922261765115216,-1.1844046937343826,"bbc.co.uk,theguardian.com,telegraph.co.uk,independent.co.uk,dailymail.co.uk,ft.com,theregister.com,hsj.co.uk,businessgreen.com,lawgazette.co.uk"
UK,United Kingdom,2018-12-01T00:00:00Z,2019-01-01T00:00:00Z,42597,1033,0.024250534075169614,-1.2697846049311703,1058,0.024837429865953,-1.2889470255751023,"bbc.co.uk,theguardian.com,telegraph.co.uk,independent.co.uk,dailymail.co.uk,ft.com,theregister.com,hsj.co.uk,businessgreen.com,lawgazette.co.uk"
UK,United Kingdom,2019-01-01T00:00:00Z,2019-02-01T00:00:00Z,48769,1051,0.021550575160450287,-0.7063874010244389,1086,0.022268244171502388,-0.7505853215638796,"bbc.co.uk,theguardian.com,telegraph.co.uk,independent.co.uk,dailymail.co.uk,ft.com,theregister.com,hsj.co.uk,businessgreen.com,lawgazette.co.uk"
UK,United Kingdom,2019-02-01T00:00:00Z,2019-03-01T00:00:00Z,45502,1348,0.02962507142543185,-0.9172233954489888,1370,0.030108566656410707,-0.9091016496266662,"bbc.co.uk,theguardian.com,telegraph.co.uk,independent.co.uk,dailymail.co.uk,ft.com,theregister.com,hsj.co.uk,businessgreen.com,lawgazette.co.uk"
UK,United Kingdom,2019-03-01T00:00:00Z,2019-04-01T00:00:00Z,50850,1455,0.028613569321533923,-1.4149475768641546,1478,0.029065880039331367,-1.3981437244688841,"bbc.co.uk,theguardian.com,telegraph.co.uk,independent.co.uk,dailymail.co.uk,ft.com,theregister.com,hsj.co.uk,businessgreen.com,lawgazette.co.uk"
UK,United Kingdom,2019-04-01T00:00:00Z,2019-05-01T00:00:00Z,48533,1336,0.027527661591082355,-1.2140095232795323,1386,0.028557888447036037,-1.239098134118359,"bbc.co.uk,theguardian.com,telegraph.co.uk,independent.co.uk,dailymail.co.uk,ft.com,theregister.com,hsj.co.uk,businessgreen.com,lawgazette.co.uk"
UK,United Kingdom,2019-05-01T00:00:00Z,2019-06-01T00:00:00Z,49456,913,0.01846085409252669,-0.8556559272751879,1131,0.02286881268197994,-0.9622048223644248,"bbc.co.uk,theguardian.com,telegraph.co.uk,independent.co.uk,dailymail.co.uk,ft.com,theregister.com,hsj.co.uk,businessgreen.com,lawgazette.co.uk"
UK,United Kingdom,2019-06-01T00:00:00Z,2019-07-01T00:00:00Z,46051,762,0.016546871946320384,-0.8297726650123947,989,0.021476189442140237,-1.0435890931350198,"bbc.co.uk,theguardian.com,telegraph.co.uk,independent.co.uk,dailymail.co.uk,ft.com,theregister.com,hsj.co.uk,businessgreen.com,lawgazette.co.uk"
UK,United Kingdom,2019-07-01T00:00:00Z,2019-08-01T00:00:00Z,47932,1012,0.02111324376199616,-1.3240759487507796,1051,0.02192689643661854,-1.3239674927893,"bbc.co.uk,theguardian.com,telegraph.co.uk,independent.co.uk,dailymail.co.uk,ft.com,theregister.com,hsj.co.uk,businessgreen.com,lawgazette.co.uk"
UK,United Kingdom,2019-08-01T00:00:00Z,2019-09-01T00:00:00Z,38968,812,0.020837610346951346,-1.2956104654624432,831,0.02132518989940464,-1.2382736711212794,"bbc.co.uk,theguardian.com,telegraph.co.uk,independent.co.uk,dailymail.co.uk,ft.com,theregister.com,hsj.co.uk,businessgreen.com,lawgazette.co.uk"
UK,United Kingdom,2019-09-01T00:00:00Z,2019-10-01T00:00:00Z,41270,870,0.021080688151199418,-0.889739018222014,898,0.021759147080203538,-0.8932231297915189,"bbc.co.uk,theguardian.com,telegraph.co.uk,independent.co.uk,dailymail.co.uk,ft.com,theregister.com,hsj.co.uk,businessgreen.com,lawgazette.co.uk"
UK,United Kingdom,2019-10-01T00:00:00Z,2019-11-01T00:00:00Z,43341,973,0.022449874253016772,-0.6937728246179431,997,0.02300362243603055,-0.6665141867279386,"bbc.co.uk,theguardian.com,telegraph.co.uk,independent.co.uk,dailymail.co.uk,ft.com,theregister.com,hsj.co.uk,businessgreen.com,lawgazette.co.uk"
UK,United Kingdom,2019-11-01T00:00:00Z,2019-12-01T00:00:00Z,41270,939,0.022752604797673857,-0.8573033146069807,994,0.02408529197964623,-0.955961175585691,"bbc.co.uk,theguardian.com,telegraph.co.uk,independent.co.uk,dailymail.co.uk,ft.com,theregister.com,hsj.co.uk,businessgreen.com,lawgazette.co.uk"
UK,United Kingdom,2019-12-01T00:00:00Z,2020-01-01T00:00:00Z,37122,659,0.01775227627821777,-0.36316789231900093,800,0.021550563008458597,-0.8477649559236387,"bbc.co.uk,theguardian.com,telegraph.co.uk,independent.co.uk,dailymail.co.uk,ft.com,theregister.com,hsj.co.uk,businessgreen.com,lawgazette.co.uk"
UK,United Kingdom,2020-01-01T00:00:00Z,2020-02-01T00:00:00Z,40753,667,0.016366893234853876,-0.5708022412598972,703,0.017250263784261283,-0.5977398012039229,"bbc.co.uk,theguardian.com,telegraph.co.uk,independent.co.uk,dailymail.co.uk,ft.com,theregister.com,hsj.co.uk,businessgreen.com,lawgazette.co.uk"
UK,United Kingdom,2020-02-01T00:00:00Z,2020-03-01T00:00:00Z,37463,596,0.015909030243173264,-1.0488309455448848,614,0.01638950431092011,-1.0762639316323268,"bbc.co.uk,theguardian.com,telegraph.co.uk,independent.co.uk,dailymail.co.uk,ft.com,theregister.com,hsj.co.uk,businessgreen.com,lawgazette.co.uk"
UK,United Kingdom,2020-03-01T00:00:00Z,2020-04-01T00:00:00Z,41461,718,0.017317479076722705,-0.62073935121257,750,0.01808928872916717,-0.7198191325616542,"bbc.co.uk,theguardian.com,telegraph.co.uk,independent.co.uk,dailymail.co.uk,ft.com,theregister.com,hsj.co.uk,businessgreen.com,lawgazette.co.uk"
UK,United Kingdom,2020-04-01T00:00:00Z,2020-05-01T00:00:00Z,40775,544,0.013341508277130595,-0.9115269575862501,568,0.013930104230533416,-1.0460546195096698,"bbc.co.uk,theguardian.com,telegraph.co.uk,independent.co.uk,dailymail.co.uk,ft.com,theregister.com,hsj.co.uk,businessgreen.com,lawgazette.co.uk"
UK,United Kingdom,2020-05-01T00:00:00Z,2020-06-01T00:00:00Z,38583,651,0.01687271596298888,-0.698917179663429,679,0.01759842417645077,-0.7402372271545249,"bbc.co.uk,theguardian.com,telegraph.co.uk,independent.co.uk,dailymail.co.uk,ft.com,theregister.com,hsj.co.uk,businessgreen.com,lawgazette.co.uk"
UK,United Kingdom,2020-06-01T00:00:00Z,2020-07-01T00:00:00Z,36258,494,0.013624579403166198,-1.821035289686284,504,0.013900380605659441,-1.8493581893803082,"bbc.co.uk,theguardian.com,telegraph.co.uk,independent.co.uk,dailymail.co.uk,ft.com,theregister.com,hsj.co.uk,businessgreen.com,lawgazette.co.uk"
UK,United Kingdom,2020-07-01T00:00:00Z,2020-08-01T00:00:00Z,37812,659,0.017428329630805036,-1.0126785938246912,715,0.018909340949962973,-1.1251887259621887,"bbc.co.uk,theguardian.com,telegraph.co.uk,independent.co.uk,dailymail.co.uk,ft.com,theregister.com,hsj.co.uk,businessgreen.com,lawgazette.co.uk"
UK,United Kingdom,2020-08-01T00:00:00Z,2020-09-01T00:00:00Z,35492,612,0.01724332243885946,-0.740202167246732,641,0.01806040797926293,-0.8085977209678537,"bbc.co.uk,theguardian.com,telegraph.co.uk,independent.co.uk,dailymail.co.uk,ft.com,theregister.com,hsj.co.uk,businessgreen.com,lawgazette.co.uk"
UK,United Kingdom,2020-09-01T00:00:00Z,2020-10-01T00:00:00Z,39273,596,0.0151758205382833,-0.7219270818532859,624,0.015888778550148957,-0.7542693650372982,"bbc.co.uk,theguardian.com,telegraph.co.uk,independent.co.uk,dailymail.co.uk,ft.com,theregister.com,hsj.co.uk,businessgreen.com,lawgazette.co.uk"
UK,United Kingdom,2020-10-01T00:00:00Z,2020-11-01T00:00:00Z,31073,479,0.015415312329031636,-0.6964410233108735,505,0.01625205162037782,-0.7662759708956695,"bbc.co.uk,theguardian.com,telegraph.co.uk,independent.co.uk,dailymail.co.uk,ft.com,theregister.com,hsj.co.uk,businessgreen.com,lawgazette.co.uk"
UK,United Kingdom,2020-11-01T00:00:00Z,2020-12-01T00:00:00Z,27644,481,0.01739979742439589,-0.7719444428309418,493,0.0178338880046303,-0.805636715543029,"bbc.co.uk,theguardian.com,telegraph.co.uk,independent.co.uk,dailymail.co.uk,ft.com,theregister.com,hsj.co.uk,businessgreen.com,lawgazette.co.uk"
UK,United Kingdom,2020-12-01T00:00:00Z,2021-01-01T00:00:00Z,35958,823,0.022887813560264755,-1.0780511780516384,843,0.02344401802102453,-1.1018205390772047,"bbc.co.uk,theguardian.com,telegraph.co.uk,independent.co.uk,dailymail.co.uk,ft.com,theregister.com,hsj.co.uk,businessgreen.com,lawgazette.co.uk"
UK,United Kingdom,2021-01-01T00:00:00Z,2021-02-01T00:00:00Z,36157,633,0.01750698343336007,-0.9294851732202527,657,0.018170755317089362,-0.9676341235918462,"bbc.co.uk,theguardian.com,telegraph.co.uk,independent.co.uk,dailymail.co.uk,ft.com,theregister.com,hsj.co.uk,businessgreen.com,lawgazette.co.uk"
UK,United Kingdom,2021-02-01T00:00:00Z,2021-03-01T00:00:00Z,33044,603,0.018248396077956665,-0.8531124146246659,621,0.018793124319089697,-0.9196712970675923,"bbc.co.uk,theguardian.com,telegraph.co.uk,independent.co.uk,dailymail.co.uk,ft.com,theregister.com,hsj.co.uk,businessgreen.com,lawgazette.co.uk"
UK,United Kingdom,2021-03-01T00:00:00Z,2021-04-01T00:00:00Z,37000,755,0.020405405405405405,-0.7776348127901754,773,0.020891891891891893,-0.7895571203566771,"bbc.co.uk,theguardian.com,telegraph.co.uk,independent.co.uk,dailymail.co.uk,ft.com,theregister.com,hsj.co.uk,businessgreen.com,lawgazette.co.uk"
UK,United Kingdom,2021-04-01T00:00:00Z,2021-05-01T00:00:00Z,34710,657,0.018928262748487468,-0.6414393362733891,683,0.019677326418899452,-0.7365174661801874,"bbc.co.uk,theguardian.com,telegraph.co.uk,independent.co.uk,dailymail.co.uk,ft.com,theregister.com,hsj.co.uk,businessgreen.com,lawgazette.co.uk"
UK,United Kingdom,2021-05-01T00:00:00Z,2021-06-01T00:00:00Z,35969,585,0.01626400511551614,-0.6993255928566949,626,0.017403875559509577,-0.8472300971132957,"bbc.co.uk,theguardian.com,telegraph.co.uk,independent.co.uk,dailymail.co.uk,ft.com,theregister.com,hsj.co.uk,businessgreen.com,lawgazette.co.uk"
UK,United Kingdom,2021-06-01T00:00:00Z,2021-07-01T00:00:00Z,35735,537,0.015027284175178396,-0.9067408433374685,562,0.015726878410521897,-0.9835092760514527,"bbc.co.uk,theguardian.com,telegraph.co.uk,independent.co.uk,dailymail.co.uk,ft.com,theregister.com,hsj.co.uk,businessgreen.com,lawgazette.co.uk"
UK,United Kingdom,2021-07-01T00:00:00Z,2021-08-01T00:00:00Z,37360,711,0.019031049250535333,-1.1420614103267617,726,0.01943254817987152,-1.1384349291427955,"bbc.co.uk,theguardian.com,telegraph.co.uk,independent.co.uk,dailymail.co.uk,ft.com,theregister.com,hsj.co.uk,businessgreen.com,lawgazette.co.uk"
UK,United Kingdom,2021-08-01T00:00:00Z,2021-09-01T00:00:00Z,33068,486,0.014696988024676423,-1.3706996777814109,503,0.015211080198379098,-1.3722061290470497,"bbc.co.uk,theguardian.com,telegraph.co.uk,independent.co.uk,dailymail.co.uk,ft.com,theregister.com,hsj.co.uk,businessgreen.com,lawgazette.co.uk"
UK,United Kingdom,2021-09-01T00:00:00Z,2021-10-01T00:00:00Z,38331,559,0.014583496386736583,-0.9388577398267164,592,0.015444418355899924,-0.9728007244913822,"bbc.co.uk,theguardian.com,telegraph.co.uk,independent.co.uk,dailymail.co.uk,ft.com,theregister.com,hsj.co.uk,businessgreen.com,lawgazette.co.uk"
UK,United Kingdom,2021-10-01T00:00:00Z,2021-11-01T00:00:00Z,35305,573,0.01622999575131001,-0.7837122198124469,634,0.01795779634612661,-0.9026257489355796,"bbc.co.uk,theguardian.com,telegraph.co.uk,independent.co.uk,dailymail.co.uk,ft.com,theregister.com,hsj.co.uk,businessgreen.com,lawgazette.co.uk"
UK,United Kingdom,2021-11-01T00:00:00Z,2021-12-01T00:00:00Z,34480,597,0.017314385150812066,-0.8038275989387171,632,0.018329466357308585,-0.864762761509341,"bbc.co.uk,theguardian.com,telegraph.co.uk,independent.co.uk,dailymail.co.uk,ft.com,theregister.com,hsj.co.uk,businessgreen.com,lawgazette.co.uk"
UK,United Kingdom,2021-12-01T00:00:00Z,2022-01-01T00:00:00Z,32280,600,0.01858736059479554,-1.0828111350467562,623,0.0192998760842627,-1.116746211700243,"bbc.co.uk,theguardian.com,telegraph.co.uk,independent.co.uk,dailymail.co.uk,ft.com,theregister.com,hsj.co.uk,businessgreen.com,lawgazette.co.uk"
UK,United Kingdom,2022-01-01T00:00:00Z,2022-02-01T00:00:00Z,33213,559,0.016830759040134886,-0.9935480816118225,588,0.017703911119140096,-1.055193776015831,"bbc.co.uk,theguardian.com,telegraph.co.uk,independent.co.uk,dailymail.co.uk,ft.com,theregister.com,hsj.co.uk,businessgreen.com,lawgazette.co.uk"
UK,United Kingdom,2022-02-01T00:00:00Z,2022-03-01T00:00:00Z,31139,487,0.015639551687594334,-1.203228462837541,507,0.016281833071068435,-1.2509855683248643,"bbc.co.uk,theguardian.com,telegraph.co.uk,independent.co.uk,dailymail.co.uk,ft.com,theregister.com,hsj.co.uk,businessgreen.com,lawgazette.co.uk"
UK,United Kingdom,2022-03-01T00:00:00Z,2022-04-01T00:00:00Z,34879,504,0.014449955560652542,-0.9590310315310114,535,0.015338742509819663,-1.0898180224856178,"bbc.co.uk,theguardian.com,telegraph.co.uk,independent.co.uk,dailymail.co.uk,ft.com,theregister.com,hsj.co.uk,businessgreen.com,lawgazette.co.uk"
UK,United Kingdom,2022-04-01T00:00:00Z,2022-05-01T00:00:00Z,31675,643,0.020299921073401738,0.04797795152896742,663,0.020931333859510654,-0.019819237894078356,"bbc.co.uk,theguardian.com,telegraph.co.uk,independent.co.uk,dailymail.co.uk,ft.com,theregister.com,hsj.co.uk,businessgreen.com,lawgazette.co.uk"
UK,United Kingdom,2022-05-01T00:00:00Z,2022-06-01T00:00:00Z,33679,582,0.01728079812345972,-0.3029450457439265,609,0.018082484634341874,-0.3968027517514644,"bbc.co.uk,theguardian.com,telegraph.co.uk,independent.co.uk,dailymail.co.uk,ft.com,theregister.com,hsj.co.uk,businessgreen.com,lawgazette.co.uk"
UK,United Kingdom,2022-06-01T00:00:00Z,2022-07-01T00:00:00Z,31772,737,0.023196525242351756,0.5420587629819189,771,0.024266649880397836,0.398066705840326,"bbc.co.uk,theguardian.com,telegraph.co.uk,independent.co.uk,dailymail.co.uk,ft.com,theregister.com,hsj.co.uk,businessgreen.com,lawgazette.co.uk"
UK,United Kingdom,2022-07-01T00:00:00Z,2022-08-01T00:00:00Z,31782,665,0.02092379334214335,0.08441673579283551,698,0.02196211692152791,-0.04785409662831176,"bbc.co.uk,theguardian.com,telegraph.co.uk,independent.co.uk,dailymail.co.uk,ft.com,theregister.com,hsj.co.uk,businessgreen.com,lawgazette.co.uk"
UK,United Kingdom,2022-08-01T00:00:00Z,2022-09-01T00:00:00Z,32017,740,0.023112721366773902,-0.940761610768276,862,0.026923197051566355,-1.1494697340182718,"bbc.co.uk,theguardian.com,telegraph.co.uk,independent.co.uk,dailymail.co.uk,ft.com,theregister.com,hsj.co.uk,businessgreen.com,lawgazette.co.uk"
UK,United Kingdom,2022-09-01T00:00:00Z,2022-10-01T00:00:00Z,31505,601,0.019076337089350897,-0.5378412256448095,633,0.02009204888112998,-0.6029626905257904,"bbc.co.uk,theguardian.com,telegraph.co.uk,independent.co.uk,dailymail.co.uk,ft.com,theregister.com,hsj.co.uk,businessgreen.com,lawgazette.co.uk"
UK,United Kingdom,2022-10-01T00:00:00Z,2022-11-01T00:00:00Z,34043,538,0.01580354257850366,-0.3376601245035854,561,0.016479158711041917,-0.35721449883732187,"bbc.co.uk,theguardian.com,telegraph.co.uk,independent.co.uk,dailymail.co.uk,ft.com,theregister.com,hsj.co.uk,businessgreen.com,lawgazette.co.uk"
UK,United Kingdom,2022-11-01T00:00:00Z,2022-12-01T00:00:00Z,33827,588,0.01738256422384486,-0.801437915281888,613,0.018121618825198804,-0.8038178895865916,"bbc.co.uk,theguardian.com,telegraph.co.uk,independent.co.uk,dailymail.co.uk,ft.com,theregister.com,hsj.co.uk,businessgreen.com,lawgazette.co.uk"
UK,United Kingdom,2022-12-01T00:00:00Z,2023-01-01T00:00:00Z,32475,441,0.013579676674364896,-0.37250337790690524,462,0.014226327944572749,-0.4877054985852806,"bbc.co.uk,theguardian.com,telegraph.co.uk,independent.co.uk,dailymail.co.uk,ft.com,theregister.com,hsj.co.uk,businessgreen.com,lawgazette.co.uk"
UK,United Kingdom,2023-01-01T00:00:00Z,2023-02-01T00:00:00Z,35041,590,0.016837419023429695,-0.7035432602619234,608,0.017351102993636028,-0.7182757541814775,"bbc.co.uk,theguardian.com,telegraph.co.uk,independent.co.uk,dailymail.co.uk,ft.com,theregister.com,hsj.co.uk,businessgreen.com,lawgazette.co.uk"
UK,United Kingdom,2023-02-01T00:00:00Z,2023-03-01T00:00:00Z,30516,517,0.016941932101192818,-0.6142026687692513,535,0.017531786603748854,-0.6684055574560275,"bbc.co.uk,theguardian.com,telegraph.co.uk,independent.co.uk,dailymail.co.uk,ft.com,theregister.com,hsj.co.uk,businessgreen.com,lawgazette.co.uk"
UK,United Kingdom,2023-03-01T00:00:00Z,2023-04-01T00:00:00Z,36375,684,0.018804123711340204,-0.7028519664423419,727,0.019986254295532645,-0.7173380568223853,"bbc.co.uk,theguardian.com,telegraph.co.uk,independent.co.uk,dailymail.co.uk,ft.com,theregister.com,hsj.co.uk,businessgreen.com,lawgazette.co.uk"
UK,United Kingdom,2023-04-01T00:00:00Z,2023-05-01T00:00:00Z,39614,750,0.018932700560407936,-0.9513496835507474,801,0.020220124198515675,-1.0053782379242022,"bbc.co.uk,theguardian.com,telegraph.co.uk,independent.co.uk,dailymail.co.uk,ft.com,theregister.com,hsj.co.uk,businessgreen.com,lawgazette.co.uk"
UK,United Kingdom,2023-05-01T00:00:00Z,2023-06-01T00:00:00Z,41807,649,0.015523716124094051,-0.4689152690195972,697,0.016671849211854474,-0.5622123605688486,"bbc.co.uk,theguardian.com,telegraph.co.uk,independent.co.uk,dailymail.co.uk,ft.com,theregister.com,hsj.co.uk,businessgreen.com,lawgazette.co.uk"
UK,United Kingdom,2023-06-01T00:00:00Z,2023-07-01T00:00:00Z,39799,662,0.01663358375838589,-1.2663810130389368,692,0.017387371541998542,-1.2632779570585724,"bbc.co.uk,theguardian.com,telegraph.co.uk,independent.co.uk,dailymail.co.uk,ft.com,theregister.com,hsj.co.uk,businessgreen.com,lawgazette.co.uk"
UK,United Kingdom,2023-07-01T00:00:00Z,2023-08-01T00:00:00Z,38951,729,0.018715822443582962,-0.8573363872789602,771,0.019794100279838772,-0.8931633354347444,"bbc.co.uk,theguardian.com,telegraph.co.uk,independent.co.uk,dailymail.co.uk,ft.com,theregister.com,hsj.co.uk,businessgreen.com,lawgazette.co.uk"
UK,United Kingdom,2023-08-01T00:00:00Z,2023-09-01T00:00:00Z,38953,644,0.01653274458963366,-1.536127896037518,678,0.017405591353682644,-1.5137265156597508,"bbc.co.uk,theguardian.com,telegraph.co.uk,independent.co.uk,dailymail.co.uk,ft.com,theregister.com,hsj.co.uk,businessgreen.com,lawgazette.co.uk"
UK,United Kingdom,2023-09-01T00:00:00Z,2023-10-01T00:00:00Z,38667,623,0.016111930069568365,-0.947077983232873,660,0.01706881837225541,-1.0103113434220923,"bbc.co.uk,theguardian.com,telegraph.co.uk,independent.co.uk,dailymail.co.uk,ft.com,theregister.com,hsj.co.uk,businessgreen.com,lawgazette.co.uk"
UK,United Kingdom,2023-10-01T00:00:00Z,2023-11-01T00:00:00Z,40187,700,0.01741856819369448,-1.0009461263473498,735,0.018289496603379203,-1.035963406322024,"bbc.co.uk,theguardian.com,telegraph.co.uk,independent.co.uk,dailymail.co.uk,ft.com,theregister.com,hsj.co.uk,businessgreen.com,lawgazette.co.uk"
UK,United Kingdom,2023-11-01T00:00:00Z,2023-12-01T00:00:00Z,39541,657,0.016615664753041146,-1.169235310329019,697,0.017627272957183682,-1.14691383365576,"bbc.co.uk,theguardian.com,telegraph.co.uk,independent.co.uk,dailymail.co.uk,ft.com,theregister.com,hsj.co.uk,businessgreen.com,lawgazette.co.uk"
UK,United Kingdom,2023-12-01T00:00:00Z,2024-01-01T00:00:00Z,34588,617,0.01783855672487568,-0.8337488756529605,644,0.018619174280097142,-0.8944552180730575,"bbc.co.uk,theguardian.com,telegraph.co.uk,independent.co.uk,dailymail.co.uk,ft.com,theregister.com,hsj.co.uk,businessgreen.com,lawgazette.co.uk"
UK,United Kingdom,2024-01-01T00:00:00Z,2024-02-01T00:00:00Z,38422,805,0.020951538181250326,-0.9478604597612207,869,0.02261725053354849,-0.9521128056416538,"bbc.co.uk,theguardian.com,telegraph.co.uk,independent.co.uk,dailymail.co.uk,ft.com,theregister.com,hsj.co.uk,businessgreen.com,lawgazette.co.uk"
UK,United Kingdom,2024-02-01T00:00:00Z,2024-03-01T00:00:00Z,37859,703,0.0185689003935656,-0.9249686075763064,729,0.019255659156343273,-0.9464306617597544,"bbc.co.uk,theguardian.com,telegraph.co.uk,independent.co.uk,dailymail.co.uk,ft.com,theregister.com,hsj.co.uk,businessgreen.com,lawgazette.co.uk"
UK,United Kingdom,2024-03-01T00:00:00Z,2024-04-01T00:00:00Z,38370,822,0.021422986708365913,-0.6458194712410509,841,0.021918165233255148,-0.6711034172789875,"bbc.co.uk,theguardian.com,telegraph.co.uk,independent.co.uk,dailymail.co.uk,ft.com,theregister.com,hsj.co.uk,businessgreen.com,lawgazette.co.uk"
UK,United Kingdom,2024-04-01T00:00:00Z,2024-05-01T00:00:00Z,36468,823,0.022567730613140286,-0.9159287662559561,864,0.023692003948667325,-0.9803030520290987,"bbc.co.uk,theguardian.com,telegraph.co.uk,independent.co.uk,dailymail.co.uk,ft.com,theregister.com,hsj.co.uk,businessgreen.com,lawgazette.co.uk"
UK,United Kingdom,2024-05-01T00:00:00Z,2024-06-01T00:00:00Z,36563,904,0.024724448212674013,-0.39893298938894,945,0.025845800399310778,-0.5059625268252932,"bbc.co.uk,theguardian.com,telegraph.co.uk,independent.co.uk,dailymail.co.uk,ft.com,theregister.com,hsj.co.uk,businessgreen.com,lawgazette.co.uk"
UK,United Kingdom,2024-06-01T00:00:00Z,2024-07-01T00:00:00Z,32755,681,0.020790718974202413,-0.5749388753717937,707,0.02158449091741719,-0.5751007794262918,"bbc.co.uk,theguardian.com,telegraph.co.uk,independent.co.uk,dailymail.co.uk,ft.com,theregister.com,hsj.co.uk,businessgreen.com,lawgazette.co.uk"
UK,United Kingdom,2024-07-01T00:00:00Z,2024-08-01T00:00:00Z,34114,758,0.02221961657970335,-1.1363205226805646,781,0.022893826581462155,-1.1629557606298686,"bbc.co.uk,theguardian.com,telegraph.co.uk,independent.co.uk,dailymail.co.uk,ft.com,theregister.com,hsj.co.uk,businessgreen.com,lawgazette.co.uk"
UK,United Kingdom,2024-08-01T00:00:00Z,2024-09-01T00:00:00Z,31605,733,0.023192532827084323,-0.5942223200915031,755,0.023888625217528874,-0.6200421155526987,"bbc.co.uk,theguardian.com,telegraph.co.uk,independent.co.uk,dailymail.co.uk,ft.com,theregister.com,hsj.co.uk,businessgreen.com,lawgazette.co.uk"
UK,United Kingdom,2024-09-01T00:00:00Z,2024-10-01T00:00:00Z,32741,921,0.028129867749916007,-1.3203460353721301,948,0.02895452185333374,-1.299494444023113,"bbc.co.uk,theguardian.com,telegraph.co.uk,independent.co.uk,dailymail.co.uk,ft.com,theregister.com,hsj.co.uk,businessgreen.com,lawgazette.co.uk"
UK,United Kingdom,2024-10-01T00:00:00Z,2024-11-01T00:00:00Z,35046,676,0.01928893454317183,-1.2002527689183722,714,0.020373223763054272,-1.2442651494690102,"bbc.co.uk,theguardian.com,telegraph.co.uk,independent.co.uk,dailymail.co.uk,ft.com,theregister.com,hsj.co.uk,businessgreen.com,lawgazette.co.uk"
UK,United Kingdom,2024-11-01T00:00:00Z,2024-12-01T00:00:00Z,33684,933,0.02769861061631635,-0.9947487586940248,959,0.028470490440565252,-1.001359656839633,"bbc.co.uk,theguardian.com,telegraph.co.uk,independent.co.uk,dailymail.co.uk,ft.com,theregister.com,hsj.co.uk,businessgreen.com,lawgazette.co.uk"
UK,United Kingdom,2024-12-01T00:00:00Z,2025-01-01T00:00:00Z,28087,715,0.025456616940221454,-1.0382161420863456,733,0.026097482821234023,-1.0393587119678471,"bbc.co.uk,theguardian.com,telegraph.co.uk,independent.co.uk,dailymail.co.uk,ft.com,theregister.com,hsj.co.uk,businessgreen.com,lawgazette.co.uk"
UK,United Kingdom,2025-01-01T00:00:00Z,2025-02-01T00:00:00Z,30660,716,0.0233529028049576,-0.8736753019738212,741,0.024168297455968688,-0.8748164425711373,"bbc.co.uk,theguardian.com,telegraph.co.uk,independent.co.uk,dailymail.co.uk,ft.com,theregister.com,hsj.co.uk,businessgreen.com,lawgazette.co.uk"
UK,United Kingdom,2025-02-01T00:00:00Z,2025-03-01T00:00:00Z,27888,660,0.023666092943201378,-0.775622315878553,678,0.024311531841652325,-0.784280765652792,"bbc.co.uk,theguardian.com,telegraph.co.uk,independent.co.uk,dailymail.co.uk,ft.com,theregister.com,hsj.co.uk,businessgreen.com,lawgazette.co.uk"
UK,United Kingdom,2025-03-01T00:00:00Z,2025-04-01T00:00:00Z,29756,631,0.021205807232154858,-1.1705726497005962,653,0.02194515391853744,-1.2637493219909033,"bbc.co.uk,theguardian.com,telegraph.co.uk,independent.co.uk,dailymail.co.uk,ft.com,theregister.com,hsj.co.uk,businessgreen.com,lawgazette.co.uk"
UK,United Kingdom,2025-04-01T00:00:00Z,2025-05-01T00:00:00Z,27369,694,0.025357155906317368,-0.9825825346692256,716,0.026160985056085353,-0.9918732905699443,"bbc.co.uk,theguardian.com,telegraph.co.uk,independent.co.uk,dailymail.co.uk,ft.com,theregister.com,hsj.co.uk,businessgreen.com,lawgazette.co.uk"
UK,United Kingdom,2025-05-01T00:00:00Z,2025-06-01T00:00:00Z,27575,721,0.02614687216681777,-1.0286547277580476,747,0.027089755213055303,-1.019652739325625,"bbc.co.uk,theguardian.com,telegraph.co.uk,independent.co.uk,dailymail.co.uk,ft.com,theregister.com,hsj.co.uk,businessgreen.com,lawgazette.co.uk"
UK,United Kingdom,2025-06-01T00:00:00Z,2025-07-01T00:00:00Z,12012,265,0.02206127206127206,-0.9546524123104636,273,0.022727272727272728,-1.0532528607651535,"bbc.co.uk,theguardian.com,telegraph.co.uk,independent.co.uk,dailymail.co.uk,ft.com,theregister.com,hsj.co.uk,businessgreen.com,lawgazette.co.uk"
UK,United Kingdom,2025-07-01T00:00:00Z,2025-08-01T00:00:00Z,25383,622,0.02450458968601032,-1.2494077983338507,644,0.025371311507702006,-1.233019931682026,"bbc.co.uk,theguardian.com,telegraph.co.uk,independent.co.uk,dailymail.co.uk,ft.com,theregister.com,hsj.co.uk,businessgreen.com,lawgazette.co.uk"
UK,United Kingdom,2025-08-01T00:00:00Z,2025-09-01T00:00:00Z,24823,551,0.022197155863513677,-1.2641688525285426,571,0.023002860250574065,-1.2647357560153691,"bbc.co.uk,theguardian.com,telegraph.co.uk,independent.co.uk,dailymail.co.uk,ft.com,theregister.com,hsj.co.uk,businessgreen.com,lawgazette.co.uk"
UK,United Kingdom,2025-09-01T00:00:00Z,2025-10-01T00:00:00Z,25011,472,0.018871696453560433,-1.3446161075347935,491,0.019631362200631722,-1.3373754261911313,"bbc.co.uk,theguardian.com,telegraph.co.uk,independent.co.uk,dailymail.co.uk,ft.com,theregister.com,hsj.co.uk,businessgreen.com,lawgazette.co.uk"
UK,United Kingdom,2025-10-01T00:00:00Z,2025-11-01T00:00:00Z,26746,541,0.02022732371195693,-0.9932004478496528,571,0.021348986764375983,-0.9990019566755272,"bbc.co.uk,theguardian.com,telegraph.co.uk,independent.co.uk,dailymail.co.uk,ft.com,theregister.com,hsj.co.uk,businessgreen.com,lawgazette.co.uk"
UK,United Kingdom,2025-11-01T00:00:00Z,2025-12-01T00:00:00Z,24857,564,0.02268978557348031,-1.0182955601787929,591,0.02377599871263628,-1.0472065121966811,"bbc.co.uk,theguardian.com,telegraph.co.uk,independent.co.uk,dailymail.co.uk,ft.com,theregister.com,hsj.co.uk,businessgreen.com,lawgazette.co.uk"
UK,United Kingdom,2025-12-01T00:00:00Z,2026-01-01T00:00:00Z,18020,416,0.023085460599334074,-1.0067517176625909,454,0.025194228634850168,-1.116643727339671,"bbc.co.uk,theguardian.com,telegraph.co.uk,independent.co.uk,dailymail.co.uk,ft.com,theregister.com,hsj.co.uk,businessgreen.com,lawgazette.co.uk"
UK,United Kingdom,2026-01-01T00:00:00Z,2026-02-01T00:00:00Z,25180,654,0.02597299444003177,-0.9297837489734873,680,0.027005559968228753,-0.9253748482301227,"bbc.co.uk,theguardian.com,telegraph.co.uk,independent.co.uk,dailymail.co.uk,ft.com,theregister.com,hsj.co.uk,businessgreen.com,lawgazette.co.uk"
UK,United Kingdom,2026-02-01T00:00:00Z,2026-03-01T00:00:00Z,23755,695,0.029256998526625975,-1.7347912544790896,719,0.03026731214481162,-1.7551832058872503,"bbc.co.uk,theguardian.com,telegraph.co.uk,independent.co.uk,dailymail.co.uk,ft.com,theregister.com,hsj.co.uk,businessgreen.com,lawgazette.co.uk"
UK,United Kingdom,2026-03-01T00:00:00Z,2026-04-01T00:00:00Z,10358,426,0.04112763081675999,-1.87140485124779,432,0.041706893222629854,-1.8600513075083953,"bbc.co.uk,theguardian.com,telegraph.co.uk,independent.co.uk,dailymail.co.uk,ft.com,theregister.com,hsj.co.uk,businessgreen.com,lawgazette.co.uk"
